narration_id,participant_id,video_id,narration_timestamp,start_timestamp,stop_timestamp,start_frame,stop_frame,narration,verb,verb_class,noun,noun_class,all_nouns,all_noun_classes,source_split,custom_action,video_path
P22_05_0,P22,P22_05,00:00:04.669,00:00:02.77,00:00:04.58,166,274,pick up bottle,pick-up,0,bottle,15,['bottle'],[15],official_train,PICKS UP,/kaggle/input/datasets/ldthanh/epic-kitchens-100-p1/P22/videos/P22_05.MP4
P22_05_1,P22,P22_05,00:00:05.729,00:00:04.37,00:00:07.12,262,427,place bottle,place,1,bottle,15,['bottle'],[15],official_train,PUT DOWN,/kaggle/input/datasets/ldthanh/epic-kitchens-100-p1/P22/videos/P22_05.MP4
P22_05_10,P22,P22_05,00:00:25.300,00:00:23.55,00:00:25.73,1413,1543,pick up cutlery,pick-up,0,cutlery,58,['cutlery'],[58],official_train,PICKS UP,/kaggle/input/datasets/ldthanh/epic-kitchens-100-p1/P22/videos/P22_05.MP4
P22_05_100,P22,P22_05,00:04:18.609,00:04:08.54,00:04:17.18,14912,15430,wash carafe,wash,2,carafe,66,['carafe'],[66],official_train,WASHING,/kaggle/input/datasets/ldthanh/epic-kitchens-100-p1/P22/videos/P22_05.MP4
P22_05_101,P22,P22_05,00:04:09.129,00:04:11.72,00:04:25.72,15103,15943,rinse pitcher,rinse,2,pitcher,66,['pitcher'],[66],official_train,WASHING,/kaggle/input/datasets/ldthanh/epic-kitchens-100-p1/P22/videos/P22_05.MP4
P22_05_102,P22,P22_05,00:04:28.220,00:04:17.91,00:04:25.99,15474,15959,rinse carafe,rinse,2,carafe,66,['carafe'],[66],official_train,WASHING,/kaggle/input/datasets/ldthanh/epic-kitchens-100-p1/P22/videos/P22_05.MP4
P22_05_105,P22,P22_05,00:04:23.420,00:04:26.51,00:04:27.58,15990,16054,rinse carafe,rinse,2,carafe,66,['carafe'],[66],official_train,WASHING,/kaggle/input/datasets/ldthanh/epic-kitchens-100-p1/P22/videos/P22_05.MP4
P22_05_107,P22,P22_05,00:04:30.220,00:04:29.58,00:04:31.86,16174,16311,put down carafe,put-down,1,carafe,66,['carafe'],[66],official_train,PUT DOWN,/kaggle/input/datasets/ldthanh/epic-kitchens-100-p1/P22/videos/P22_05.MP4
P22_05_109,P22,P22_05,00:04:34.540,00:04:33.52,00:04:34.57,16411,16474,grab cloth,grab,0,cloth,17,['cloth'],[17],official_train,PICKS UP,/kaggle/input/datasets/ldthanh/epic-kitchens-100-p1/P22/videos/P22_05.MP4
P22_05_11,P22,P22_05,00:00:28.109,00:00:24.48,00:00:27.74,1468,1664,place knife,place,1,knife,4,['knife'],[4],official_train,PUT DOWN,/kaggle/input/datasets/ldthanh/epic-kitchens-100-p1/P22/videos/P22_05.MP4
P22_05_111,P22,P22_05,00:04:45.780,00:04:35.61,00:04:44.79,16536,17087,put down cloth,put-down,1,cloth,17,['cloth'],[17],official_train,PUT DOWN,/kaggle/input/datasets/ldthanh/epic-kitchens-100-p1/P22/videos/P22_05.MP4
P22_05_112,P22,P22_05,00:04:42.910,00:04:40.86,00:04:45.89,16851,17153,take filter holder,take,0,holder:filter,50,['holder:filter'],[50],official_train,PICKS UP,/kaggle/input/datasets/ldthanh/epic-kitchens-100-p1/P22/videos/P22_05.MP4
P22_05_113,P22,P22_05,00:04:46.970,00:04:45.65,00:04:47.35,17139,17241,take filter,take,0,filter,77,['filter'],[77],official_train,PICKS UP,/kaggle/input/datasets/ldthanh/epic-kitchens-100-p1/P22/videos/P22_05.MP4
P22_05_114,P22,P22_05,00:04:50.060,00:04:48.06,00:04:50.78,17283,17446,put down filter,put-down,1,filter,77,['filter'],[77],official_train,PUT DOWN,/kaggle/input/datasets/ldthanh/epic-kitchens-100-p1/P22/videos/P22_05.MP4
P22_05_115,P22,P22_05,00:04:51.470,00:04:50.88,00:04:53.05,17452,17583,open coffee machine,open,3,machine:coffee,50,['machine:coffee'],[50],official_train,OPENS,/kaggle/input/datasets/ldthanh/epic-kitchens-100-p1/P22/videos/P22_05.MP4
P22_05_12,P22,P22_05,00:00:26.910,00:00:25.58,00:00:26.76,1534,1605,open drawer,open,3,drawer,8,['drawer'],[8],official_train,OPENS,/kaggle/input/datasets/ldthanh/epic-kitchens-100-p1/P22/videos/P22_05.MP4
P22_05_121,P22,P22_05,00:05:23.010,00:05:21.53,00:05:22.64,19291,19358,take filter,take,0,filter,77,['filter'],[77],official_train,PICKS UP,/kaggle/input/datasets/ldthanh/epic-kitchens-100-p1/P22/videos/P22_05.MP4
P22_05_13,P22,P22_05,00:00:29.109,00:00:27.76,00:00:30.14,1665,1808,place potato peeler,place,1,peeler:potato,87,['peeler:potato'],[87],official_train,PUT DOWN,/kaggle/input/datasets/ldthanh/epic-kitchens-100-p1/P22/videos/P22_05.MP4
P22_05_131,P22,P22_05,00:05:44.620,00:05:42.64,00:05:43.47,20558,20608,pick up carafe,pick-up,0,carafe,66,['carafe'],[66],official_train,PICKS UP,/kaggle/input/datasets/ldthanh/epic-kitchens-100-p1/P22/videos/P22_05.MP4
P22_05_133,P22,P22_05,00:05:49.840,00:05:48.39,00:05:49.20,20903,20952,put down carafe,put-down,1,carafe,66,['carafe'],[66],official_train,PUT DOWN,/kaggle/input/datasets/ldthanh/epic-kitchens-100-p1/P22/videos/P22_05.MP4
P22_05_134,P22,P22_05,00:05:50.840,00:05:49.08,00:05:51.94,20944,21116,put down cloth,put-down,1,cloth,17,['cloth'],[17],official_train,PUT DOWN,/kaggle/input/datasets/ldthanh/epic-kitchens-100-p1/P22/videos/P22_05.MP4
P22_05_135,P22,P22_05,00:05:52.460,00:05:51.58,00:05:52.87,21094,21172,pick up carafe,pick-up,0,carafe,66,['carafe'],[66],official_train,PICKS UP,/kaggle/input/datasets/ldthanh/epic-kitchens-100-p1/P22/videos/P22_05.MP4
P22_05_136,P22,P22_05,00:05:53.990,00:05:52.93,00:05:53.72,21175,21223,open carafe,open,3,carafe,66,['carafe'],[66],official_train,OPENS,/kaggle/input/datasets/ldthanh/epic-kitchens-100-p1/P22/videos/P22_05.MP4
P22_05_141,P22,P22_05,00:06:03.210,00:06:01.61,00:06:02.90,21696,21774,open bottle,open,3,bottle,15,['bottle'],[15],official_train,OPENS,/kaggle/input/datasets/ldthanh/epic-kitchens-100-p1/P22/videos/P22_05.MP4
P22_05_145,P22,P22_05,00:06:15.490,00:06:14.50,00:06:15.64,22470,22538,pick up carafe,pick-up,0,carafe,66,['carafe'],[66],official_train,PICKS UP,/kaggle/input/datasets/ldthanh/epic-kitchens-100-p1/P22/videos/P22_05.MP4
P22_05_147,P22,P22_05,00:06:19.180,00:06:17.39,00:06:19.11,22643,22746,open carafe,open,3,carafe,66,['carafe'],[66],official_train,OPENS,/kaggle/input/datasets/ldthanh/epic-kitchens-100-p1/P22/videos/P22_05.MP4
P22_05_15,P22,P22_05,00:00:32.619,00:00:31.36,00:00:32.75,1881,1965,pick up bottle,pick-up,0,bottle,15,['bottle'],[15],official_train,PICKS UP,/kaggle/input/datasets/ldthanh/epic-kitchens-100-p1/P22/videos/P22_05.MP4
P22_05_152,P22,P22_05,00:06:33.380,00:06:32.31,00:06:33.97,23538,23638,pick up carafe,pick-up,0,carafe,66,['carafe'],[66],official_train,PICKS UP,/kaggle/input/datasets/ldthanh/epic-kitchens-100-p1/P22/videos/P22_05.MP4
P22_05_155,P22,P22_05,00:06:50.970,00:06:49.45,00:06:50.67,24567,24640,open locker,open,3,locker,3,['locker'],[3],official_train,OPENS,/kaggle/input/datasets/ldthanh/epic-kitchens-100-p1/P22/videos/P22_05.MP4
P22_05_156,P22,P22_05,00:06:51.970,00:06:50.87,00:06:52.66,24652,24759,pick up coffee,pick-up,0,coffee,59,['coffee'],[59],official_train,PICKS UP,/kaggle/input/datasets/ldthanh/epic-kitchens-100-p1/P22/videos/P22_05.MP4
P22_05_158,P22,P22_05,00:06:55.560,00:06:54.23,00:06:55.52,24853,24931,open coffee,open,3,coffee,59,['coffee'],[59],official_train,OPENS,/kaggle/input/datasets/ldthanh/epic-kitchens-100-p1/P22/videos/P22_05.MP4
P22_05_159,P22,P22_05,00:07:01.560,00:06:56.67,00:07:00.70,25000,25242,pick up coffee,pick-up,0,coffee,59,['coffee'],[59],official_train,PICKS UP,/kaggle/input/datasets/ldthanh/epic-kitchens-100-p1/P22/videos/P22_05.MP4
P22_05_16,P22,P22_05,00:00:34.980,00:00:33.40,00:00:34.28,2004,2056,place bottle,place,1,bottle,15,['bottle'],[15],official_train,PUT DOWN,/kaggle/input/datasets/ldthanh/epic-kitchens-100-p1/P22/videos/P22_05.MP4
P22_05_162,P22,P22_05,00:07:10.500,00:07:02.92,00:07:04.92,25375,25495,grab coffee,grab,0,coffee,59,['coffee'],[59],official_train,PICKS UP,/kaggle/input/datasets/ldthanh/epic-kitchens-100-p1/P22/videos/P22_05.MP4
P22_05_163,P22,P22_05,00:07:05.990,00:07:02.94,00:07:06.29,25376,25577,pick up coffee,pick-up,0,coffee,59,['coffee'],[59],official_train,PICKS UP,/kaggle/input/datasets/ldthanh/epic-kitchens-100-p1/P22/videos/P22_05.MP4
P22_05_165,P22,P22_05,00:07:14.310,00:07:11.53,00:07:13.97,25891,26038,take coffee,take,0,coffee,59,['coffee'],[59],official_train,PICKS UP,/kaggle/input/datasets/ldthanh/epic-kitchens-100-p1/P22/videos/P22_05.MP4
P22_05_17,P22,P22_05,00:00:36.859,00:00:35.81,00:00:36.86,2148,2211,pick up bottle,pick-up,0,bottle,15,['bottle'],[15],official_train,PICKS UP,/kaggle/input/datasets/ldthanh/epic-kitchens-100-p1/P22/videos/P22_05.MP4
P22_05_172,P22,P22_05,00:07:33.410,00:07:32.11,00:07:32.72,27126,27163,open drawer,open,3,drawer,8,['drawer'],[8],official_train,OPENS,/kaggle/input/datasets/ldthanh/epic-kitchens-100-p1/P22/videos/P22_05.MP4
P22_05_173,P22,P22_05,00:07:34.410,00:07:32.79,00:07:33.68,27167,27220,put down down jar,put-down,1,jar,40,['jar'],[40],official_train,PUT DOWN,/kaggle/input/datasets/ldthanh/epic-kitchens-100-p1/P22/videos/P22_05.MP4
P22_05_174,P22,P22_05,00:07:36.390,00:07:34.78,00:07:36.94,27286,27416,open fridge,open,3,fridge,12,['fridge'],[12],official_train,OPENS,/kaggle/input/datasets/ldthanh/epic-kitchens-100-p1/P22/videos/P22_05.MP4
P22_05_175,P22,P22_05,00:07:38.750,00:07:37.04,00:07:39.29,27422,27557,take peach,take,0,peach,74,['peach'],[74],official_train,PICKS UP,/kaggle/input/datasets/ldthanh/epic-kitchens-100-p1/P22/videos/P22_05.MP4
P22_05_176,P22,P22_05,00:07:39.970,00:07:39.18,00:07:43.81,27550,27828,take banana,take,0,banana,146,['banana'],[146],official_train,PICKS UP,/kaggle/input/datasets/ldthanh/epic-kitchens-100-p1/P22/videos/P22_05.MP4
P22_05_177,P22,P22_05,00:07:44.660,00:07:43.91,00:07:44.82,27834,27889,put down down banana,put-down,1,banana,146,['banana'],[146],official_train,PUT DOWN,/kaggle/input/datasets/ldthanh/epic-kitchens-100-p1/P22/videos/P22_05.MP4
P22_05_178,P22,P22_05,00:07:46.710,00:07:44.91,00:07:46.75,27894,28005,take peach,take,0,peach,74,['peach'],[74],official_train,PICKS UP,/kaggle/input/datasets/ldthanh/epic-kitchens-100-p1/P22/videos/P22_05.MP4
P22_05_18,P22,P22_05,00:00:39.089,00:00:36.81,00:00:37.37,2208,2242,place bottle,place,1,bottle,15,['bottle'],[15],official_train,PUT DOWN,/kaggle/input/datasets/ldthanh/epic-kitchens-100-p1/P22/videos/P22_05.MP4
P22_05_180,P22,P22_05,00:07:51.860,00:07:48.46,00:07:50.52,28107,28231,pick up banana,pick-up,0,banana,146,['banana'],[146],official_train,PICKS UP,/kaggle/input/datasets/ldthanh/epic-kitchens-100-p1/P22/videos/P22_05.MP4
P22_05_181,P22,P22_05,00:07:52.860,00:07:51.42,00:07:53.00,28285,28380,put down banana,put-down,1,banana,146,['banana'],[146],official_train,PUT DOWN,/kaggle/input/datasets/ldthanh/epic-kitchens-100-p1/P22/videos/P22_05.MP4
P22_05_182,P22,P22_05,00:07:53.890,00:07:51.61,00:07:52.98,28296,28378,put down peach,put-down,1,peach,74,['peach'],[74],official_train,PUT DOWN,/kaggle/input/datasets/ldthanh/epic-kitchens-100-p1/P22/videos/P22_05.MP4
P22_05_184,P22,P22_05,00:07:56.250,00:07:54.77,00:07:55.84,28486,28550,put down peach,put-down,1,peach,74,['peach'],[74],official_train,PUT DOWN,/kaggle/input/datasets/ldthanh/epic-kitchens-100-p1/P22/videos/P22_05.MP4
P22_05_185,P22,P22_05,00:08:01.620,00:08:00.35,00:08:02.38,28821,28942,pick up plate,pick-up,0,plate,2,['plate'],[2],official_train,PICKS UP,/kaggle/input/datasets/ldthanh/epic-kitchens-100-p1/P22/videos/P22_05.MP4
P22_05_186,P22,P22_05,00:08:04.930,00:08:03.73,00:08:05.03,29023,29101,put down plate,put-down,1,plate,2,['plate'],[2],official_train,PUT DOWN,/kaggle/input/datasets/ldthanh/epic-kitchens-100-p1/P22/videos/P22_05.MP4
P22_05_187,P22,P22_05,00:08:08.000,00:08:04.88,00:08:08.21,29092,29292,open cabinet,open,3,cabinet,3,['cabinet'],[3],official_train,OPENS,/kaggle/input/datasets/ldthanh/epic-kitchens-100-p1/P22/videos/P22_05.MP4
P22_05_188,P22,P22_05,00:08:10.080,00:08:08.31,00:08:08.98,29298,29338,pick up potato peeler,pick-up,0,peeler:potato,87,['peeler:potato'],[87],official_train,PICKS UP,/kaggle/input/datasets/ldthanh/epic-kitchens-100-p1/P22/videos/P22_05.MP4
P22_05_189,P22,P22_05,00:08:11.470,00:08:10.19,00:08:10.87,29411,29452,pick up peach,pick-up,0,peach,74,['peach'],[74],official_train,PICKS UP,/kaggle/input/datasets/ldthanh/epic-kitchens-100-p1/P22/videos/P22_05.MP4
P22_05_19,P22,P22_05,00:00:41.370,00:00:40.10,00:00:41.18,2406,2470,pick up glass,pick-up,0,glass,10,['glass'],[10],official_train,PICKS UP,/kaggle/input/datasets/ldthanh/epic-kitchens-100-p1/P22/videos/P22_05.MP4
P22_05_190,P22,P22_05,00:08:14.240,00:08:13.33,00:08:14.50,29599,29670,pick up peach,pick-up,0,peach,74,['peach'],[74],official_train,PICKS UP,/kaggle/input/datasets/ldthanh/epic-kitchens-100-p1/P22/videos/P22_05.MP4
P22_05_191,P22,P22_05,00:08:16.240,00:08:13.75,00:08:19.50,29625,29970,rinse peach,rinse,2,peach,74,['peach'],[74],official_train,WASHING,/kaggle/input/datasets/ldthanh/epic-kitchens-100-p1/P22/videos/P22_05.MP4
P22_05_195,P22,P22_05,00:08:24.450,00:08:21.37,00:08:23.55,30082,30213,put down peach,put-down,1,peach,74,['peach'],[74],official_train,PUT DOWN,/kaggle/input/datasets/ldthanh/epic-kitchens-100-p1/P22/videos/P22_05.MP4
P22_05_197,P22,P22_05,00:08:26.450,00:08:24.65,00:08:27.64,30279,30458,rinse peach,rinse,2,peach,74,['peach'],[74],official_train,WASHING,/kaggle/input/datasets/ldthanh/epic-kitchens-100-p1/P22/videos/P22_05.MP4
P22_05_2,P22,P22_05,00:00:07.339,00:00:05.79,00:00:07.13,347,427,pick up paper,pick-up,0,paper,49,['paper'],[49],official_train,PICKS UP,/kaggle/input/datasets/ldthanh/epic-kitchens-100-p1/P22/videos/P22_05.MP4
P22_05_20,P22,P22_05,00:00:42.370,00:00:41.95,00:00:43.13,2517,2587,place glass,place,1,glass,10,['glass'],[10],official_train,PUT DOWN,/kaggle/input/datasets/ldthanh/epic-kitchens-100-p1/P22/videos/P22_05.MP4
P22_05_201,P22,P22_05,00:08:33.610,00:08:29.67,00:08:31.45,30580,30687,put down peach,put-down,1,peach,74,['peach'],[74],official_train,PUT DOWN,/kaggle/input/datasets/ldthanh/epic-kitchens-100-p1/P22/videos/P22_05.MP4
P22_05_203,P22,P22_05,00:08:35.820,00:08:35.12,00:08:36.69,30907,31001,put rag,put,1,rag,17,['rag'],[17],official_train,PUT DOWN,/kaggle/input/datasets/ldthanh/epic-kitchens-100-p1/P22/videos/P22_05.MP4
P22_05_213,P22,P22_05,00:09:25.779,00:09:23.99,00:09:25.37,33839,33922,put peach,put,1,peach,74,['peach'],[74],official_train,PUT DOWN,/kaggle/input/datasets/ldthanh/epic-kitchens-100-p1/P22/videos/P22_05.MP4
P22_05_214,P22,P22_05,00:09:26.779,00:09:25.70,00:09:27.26,33942,34035,pick up peach,pick-up,0,peach,74,['peach'],[74],official_train,PICKS UP,/kaggle/input/datasets/ldthanh/epic-kitchens-100-p1/P22/videos/P22_05.MP4
P22_05_22,P22,P22_05,00:00:47.699,00:00:44.76,00:00:46.95,2685,2817,open container,open,3,container,21,['container'],[21],official_train,OPENS,/kaggle/input/datasets/ldthanh/epic-kitchens-100-p1/P22/videos/P22_05.MP4
P22_05_224,P22,P22_05,00:10:17.420,00:10:15.44,00:10:17.52,36926,37051,put down peach,put-down,1,peach,74,['peach'],[74],official_train,PUT DOWN,/kaggle/input/datasets/ldthanh/epic-kitchens-100-p1/P22/videos/P22_05.MP4
P22_05_226,P22,P22_05,00:10:22.350,00:10:20.68,00:10:22.18,37240,37330,put down peeler,put-down,1,peeler,87,['peeler'],[87],official_train,PUT DOWN,/kaggle/input/datasets/ldthanh/epic-kitchens-100-p1/P22/videos/P22_05.MP4
P22_05_227,P22,P22_05,00:10:24.310,00:10:22.02,00:10:29.22,37321,37753,take skins,take,0,skin,48,['skin'],[48],official_train,PICKS UP,/kaggle/input/datasets/ldthanh/epic-kitchens-100-p1/P22/videos/P22_05.MP4
P22_05_228,P22,P22_05,00:10:29.999,00:10:29.01,00:10:31.65,37740,37899,grab rinds,grab,0,rind,48,['rind'],[48],official_train,PICKS UP,/kaggle/input/datasets/ldthanh/epic-kitchens-100-p1/P22/videos/P22_05.MP4
P22_05_230,P22,P22_05,00:10:38.730,00:10:38.13,00:10:39.08,38287,38344,open basket,open,3,basket,168,['basket'],[168],official_train,OPENS,/kaggle/input/datasets/ldthanh/epic-kitchens-100-p1/P22/videos/P22_05.MP4
P22_05_233,P22,P22_05,00:10:44.399,00:10:43.23,00:10:44.48,38593,38668,open drawer,open,3,drawer,8,['drawer'],[8],official_train,OPENS,/kaggle/input/datasets/ldthanh/epic-kitchens-100-p1/P22/videos/P22_05.MP4
P22_05_234,P22,P22_05,00:10:45.930,00:10:44.83,00:10:45.83,38689,38749,grab knife,grab,0,knife,4,['knife'],[4],official_train,PICKS UP,/kaggle/input/datasets/ldthanh/epic-kitchens-100-p1/P22/videos/P22_05.MP4
P22_05_235,P22,P22_05,00:10:48.079,00:10:46.34,00:10:47.30,38780,38838,take potato peeler,take,0,peeler:potato,87,['peeler:potato'],[87],official_train,PICKS UP,/kaggle/input/datasets/ldthanh/epic-kitchens-100-p1/P22/videos/P22_05.MP4
P22_05_236,P22,P22_05,00:10:49.079,00:10:47.10,00:10:48.10,38826,38886,put down down potato peeler,put-down,1,peeler:potato,87,['peeler:potato'],[87],official_train,PUT DOWN,/kaggle/input/datasets/ldthanh/epic-kitchens-100-p1/P22/videos/P22_05.MP4
P22_05_248,P22,P22_05,00:11:24.149,00:11:22.94,00:11:24.41,40976,41064,put down slice,put-down,1,peeling,48,['peeling'],[48],official_train,PUT DOWN,/kaggle/input/datasets/ldthanh/epic-kitchens-100-p1/P22/videos/P22_05.MP4
P22_05_249,P22,P22_05,00:11:25.790,00:11:24.51,00:11:25.73,41070,41143,pick up peach,pick-up,0,peach,74,['peach'],[74],official_train,PICKS UP,/kaggle/input/datasets/ldthanh/epic-kitchens-100-p1/P22/videos/P22_05.MP4
P22_05_252,P22,P22_05,00:11:30.100,00:11:29.17,00:11:30.33,41350,41419,put down slice,put-down,1,peach,74,['peach'],[74],official_train,PUT DOWN,/kaggle/input/datasets/ldthanh/epic-kitchens-100-p1/P22/videos/P22_05.MP4
P22_05_255,P22,P22_05,00:11:43.749,00:11:33.00,00:11:46.08,41580,42364,put down slices,put-down,1,peeling,48,['peeling'],[48],official_train,PUT DOWN,/kaggle/input/datasets/ldthanh/epic-kitchens-100-p1/P22/videos/P22_05.MP4
P22_05_256,P22,P22_05,00:11:34.829,00:11:34.05,00:11:35.05,41643,41703,put down slice,put-down,1,peeling,48,['peeling'],[48],official_train,PUT DOWN,/kaggle/input/datasets/ldthanh/epic-kitchens-100-p1/P22/videos/P22_05.MP4
P22_05_257,P22,P22_05,00:11:35.829,00:11:35.15,00:11:36.65,41709,41799,pick up peach,pick-up,0,peach,74,['peach'],[74],official_train,PICKS UP,/kaggle/input/datasets/ldthanh/epic-kitchens-100-p1/P22/videos/P22_05.MP4
P22_05_260,P22,P22_05,00:11:38.339,00:11:40.53,00:11:46.14,42031,42368,put down slice,put-down,1,plastic,26,['plastic'],[26],official_train,PUT DOWN,/kaggle/input/datasets/ldthanh/epic-kitchens-100-p1/P22/videos/P22_05.MP4
P22_05_262,P22,P22_05,00:11:47.879,00:11:46.07,00:11:47.88,42364,42472,pick up peach,pick-up,0,peach,74,['peach'],[74],official_train,PICKS UP,/kaggle/input/datasets/ldthanh/epic-kitchens-100-p1/P22/videos/P22_05.MP4
P22_05_269,P22,P22_05,00:12:07.389,00:12:05.75,00:12:06.68,43545,43600,put down slice,put-down,1,peach,74,['peach'],[74],official_train,PUT DOWN,/kaggle/input/datasets/ldthanh/epic-kitchens-100-p1/P22/videos/P22_05.MP4
P22_05_27,P22,P22_05,00:01:10.700,00:01:10.51,00:01:11.95,4230,4317,open drawer,open,3,drawer,8,['drawer'],[8],official_train,OPENS,/kaggle/input/datasets/ldthanh/epic-kitchens-100-p1/P22/videos/P22_05.MP4
P22_05_270,P22,P22_05,00:12:10.569,00:12:05.85,00:12:06.54,43551,43592,put down slice,put-down,1,drawer,8,['drawer'],[8],official_train,PUT DOWN,/kaggle/input/datasets/ldthanh/epic-kitchens-100-p1/P22/videos/P22_05.MP4
P22_05_275,P22,P22_05,00:12:14.249,00:12:09.85,00:12:10.56,43791,43833,put down slice,put-down,1,peach,74,['peach'],[74],official_train,PUT DOWN,/kaggle/input/datasets/ldthanh/epic-kitchens-100-p1/P22/videos/P22_05.MP4
P22_05_278,P22,P22_05,00:12:17.490,00:12:12.67,00:12:13.55,43960,44013,put down slice,put-down,1,peach,74,['peach'],[74],official_train,PUT DOWN,/kaggle/input/datasets/ldthanh/epic-kitchens-100-p1/P22/videos/P22_05.MP4
P22_05_28,P22,P22_05,00:01:14.479,00:01:12.19,00:01:14.02,4331,4441,take scissors,take,0,scissors,79,['scissors'],[79],official_train,PICKS UP,/kaggle/input/datasets/ldthanh/epic-kitchens-100-p1/P22/videos/P22_05.MP4
P22_05_283,P22,P22_05,00:12:20.939,00:12:16.66,00:12:17.76,44199,44265,put down slice,put-down,1,peach,74,['peach'],[74],official_train,PUT DOWN,/kaggle/input/datasets/ldthanh/epic-kitchens-100-p1/P22/videos/P22_05.MP4
P22_05_286,P22,P22_05,00:12:29.029,00:12:28.46,00:12:29.11,44907,44946,put down slice,put-down,1,pit,122,['pit'],[122],official_train,PUT DOWN,/kaggle/input/datasets/ldthanh/epic-kitchens-100-p1/P22/videos/P22_05.MP4
P22_05_287,P22,P22_05,00:12:30.300,00:12:29.21,00:12:29.90,44952,44994,put down pit,put-down,1,pit,122,['pit'],[122],official_train,PUT DOWN,/kaggle/input/datasets/ldthanh/epic-kitchens-100-p1/P22/videos/P22_05.MP4
P22_05_289,P22,P22_05,00:12:33.899,00:12:33.29,00:12:34.10,45197,45246,put down slices,put-down,1,pit,122,['pit'],[122],official_train,PUT DOWN,/kaggle/input/datasets/ldthanh/epic-kitchens-100-p1/P22/videos/P22_05.MP4
P22_05_29,P22,P22_05,00:01:16.909,00:01:14.14,00:01:17.49,4448,4649,open container,open,3,container,21,['container'],[21],official_train,OPENS,/kaggle/input/datasets/ldthanh/epic-kitchens-100-p1/P22/videos/P22_05.MP4
P22_05_291,P22,P22_05,00:12:39.129,00:12:38.13,00:12:38.74,45487,45524,put down slices,put-down,1,container,21,['container'],[21],official_train,PUT DOWN,/kaggle/input/datasets/ldthanh/epic-kitchens-100-p1/P22/videos/P22_05.MP4
P22_05_292,P22,P22_05,00:12:40.129,00:12:39.44,00:12:40.38,45566,45622,pick up pit,pick-up,0,pit,122,['pit'],[122],official_train,PICKS UP,/kaggle/input/datasets/ldthanh/epic-kitchens-100-p1/P22/videos/P22_05.MP4
P22_05_293,P22,P22_05,00:12:41.129,00:12:39.85,00:12:40.45,45591,45627,pick up pit,pick-up,0,pit,122,['pit'],[122],official_train,PICKS UP,/kaggle/input/datasets/ldthanh/epic-kitchens-100-p1/P22/videos/P22_05.MP4
P22_05_294,P22,P22_05,00:12:42.129,00:12:40.45,00:12:41.45,45627,45687,put down knife,put-down,1,knife,4,['knife'],[4],official_train,PUT DOWN,/kaggle/input/datasets/ldthanh/epic-kitchens-100-p1/P22/videos/P22_05.MP4
P22_05_295,P22,P22_05,00:12:43.279,00:12:40.91,00:12:42.93,45654,45775,pick up peelings,pick-up,0,peeling,48,['peeling'],[48],official_train,PICKS UP,/kaggle/input/datasets/ldthanh/epic-kitchens-100-p1/P22/videos/P22_05.MP4
P22_05_296,P22,P22_05,00:12:44.279,00:12:44.55,00:12:45.80,45873,45948,open trash can,open,3,can:trash,36,['can:trash'],[36],official_train,OPENS,/kaggle/input/datasets/ldthanh/epic-kitchens-100-p1/P22/videos/P22_05.MP4
P22_05_3,P22,P22_05,00:00:08.339,00:00:06.90,00:00:07.60,414,456,place paper,place,1,paper,49,['paper'],[49],official_train,PUT DOWN,/kaggle/input/datasets/ldthanh/epic-kitchens-100-p1/P22/videos/P22_05.MP4
P22_05_30,P22,P22_05,00:01:19.439,00:01:17.49,00:01:18.39,4649,4703,put down scissors,put-down,1,scissors,79,['scissors'],[79],official_train,PUT DOWN,/kaggle/input/datasets/ldthanh/epic-kitchens-100-p1/P22/videos/P22_05.MP4
P22_05_300,P22,P22_05,00:12:49.230,00:12:48.56,00:12:51.31,46113,46278,wash hands,wash,2,hand,11,['hand'],[11],official_train,WASHING,/kaggle/input/datasets/ldthanh/epic-kitchens-100-p1/P22/videos/P22_05.MP4
P22_05_303,P22,P22_05,00:12:54.740,00:12:53.84,00:12:54.84,46430,46490,pick up rag,pick-up,0,rag,17,['rag'],[17],official_train,PICKS UP,/kaggle/input/datasets/ldthanh/epic-kitchens-100-p1/P22/videos/P22_05.MP4
P22_05_304,P22,P22_05,00:12:55.939,00:12:54.94,00:12:57.94,46496,46676,wipe hands,wipe,2,hand,11,['hand'],[11],official_train,WASHING,/kaggle/input/datasets/ldthanh/epic-kitchens-100-p1/P22/videos/P22_05.MP4
P22_05_305,P22,P22_05,00:13:00.420,00:12:58.54,00:13:00.79,46712,46847,put away rag,put,1,rag,17,['rag'],[17],official_train,PUT DOWN,/kaggle/input/datasets/ldthanh/epic-kitchens-100-p1/P22/videos/P22_05.MP4
P22_05_306,P22,P22_05,00:13:01.769,00:13:00.89,00:13:01.66,46853,46899,open locker,open,3,locker,3,['locker'],[3],official_train,OPENS,/kaggle/input/datasets/ldthanh/epic-kitchens-100-p1/P22/videos/P22_05.MP4
P22_05_307,P22,P22_05,00:13:03.550,00:13:02.72,00:13:04.06,46963,47043,pick up plate,pick-up,0,plate,2,['plate'],[2],official_train,PICKS UP,/kaggle/input/datasets/ldthanh/epic-kitchens-100-p1/P22/videos/P22_05.MP4
P22_05_309,P22,P22_05,00:13:06.720,00:13:05.03,00:13:07.02,47101,47221,put away plate,put,1,plate,2,['plate'],[2],official_train,PUT DOWN,/kaggle/input/datasets/ldthanh/epic-kitchens-100-p1/P22/videos/P22_05.MP4
P22_05_31,P22,P22_05,00:01:21.259,00:01:19.49,00:01:21.24,4769,4874,open container,open,3,container,21,['container'],[21],official_train,OPENS,/kaggle/input/datasets/ldthanh/epic-kitchens-100-p1/P22/videos/P22_05.MP4
P22_05_310,P22,P22_05,00:13:08.029,00:13:06.29,00:13:07.40,47177,47244,pick up banana,pick-up,0,banana,146,['banana'],[146],official_train,PICKS UP,/kaggle/input/datasets/ldthanh/epic-kitchens-100-p1/P22/videos/P22_05.MP4
P22_05_312,P22,P22_05,00:13:10.970,00:13:09.61,00:13:10.93,47376,47455,place knife,place,1,knife,4,['knife'],[4],official_train,PUT DOWN,/kaggle/input/datasets/ldthanh/epic-kitchens-100-p1/P22/videos/P22_05.MP4
P22_05_315,P22,P22_05,00:13:19.949,00:13:19.03,00:13:19.97,47941,47998,pick up knife,pick-up,0,knife,4,['knife'],[4],official_train,PICKS UP,/kaggle/input/datasets/ldthanh/epic-kitchens-100-p1/P22/videos/P22_05.MP4
P22_05_322,P22,P22_05,00:13:50.209,00:13:49.13,00:13:50.93,49747,49855,put down peel,put-down,1,peel,48,['peel'],[48],official_train,PUT DOWN,/kaggle/input/datasets/ldthanh/epic-kitchens-100-p1/P22/videos/P22_05.MP4
P22_05_324,P22,P22_05,00:13:52.899,00:13:51.36,00:13:52.11,49881,49926,put down peel,put-down,1,peel,48,['peel'],[48],official_train,PUT DOWN,/kaggle/input/datasets/ldthanh/epic-kitchens-100-p1/P22/videos/P22_05.MP4
P22_05_326,P22,P22_05,00:13:59.379,00:13:57.59,00:13:58.84,50255,50330,pick up peel,pick-up,0,peel,48,['peel'],[48],official_train,PICKS UP,/kaggle/input/datasets/ldthanh/epic-kitchens-100-p1/P22/videos/P22_05.MP4
P22_05_327,P22,P22_05,00:14:00.379,00:13:58.05,00:13:59.23,50283,50353,put down knife,put-down,1,knife,4,['knife'],[4],official_train,PUT DOWN,/kaggle/input/datasets/ldthanh/epic-kitchens-100-p1/P22/videos/P22_05.MP4
P22_05_328,P22,P22_05,00:14:03.949,00:14:02.88,00:14:03.38,50572,50602,open container,open,3,container,21,['container'],[21],official_train,OPENS,/kaggle/input/datasets/ldthanh/epic-kitchens-100-p1/P22/videos/P22_05.MP4
P22_05_331,P22,P22_05,00:14:08.449,00:14:07.07,00:14:09.32,50824,50959,rinse hands,rinse,2,hand,11,['hand'],[11],official_train,WASHING,/kaggle/input/datasets/ldthanh/epic-kitchens-100-p1/P22/videos/P22_05.MP4
P22_05_334,P22,P22_05,00:14:12.660,00:14:10.77,00:14:11.97,51046,51118,pick up cloth,pick-up,0,cloth,17,['cloth'],[17],official_train,PICKS UP,/kaggle/input/datasets/ldthanh/epic-kitchens-100-p1/P22/videos/P22_05.MP4
P22_05_336,P22,P22_05,00:14:14.800,00:14:13.68,00:14:16.05,51220,51363,put down cloth,put-down,1,cloth,17,['cloth'],[17],official_train,PUT DOWN,/kaggle/input/datasets/ldthanh/epic-kitchens-100-p1/P22/videos/P22_05.MP4
P22_05_337,P22,P22_05,00:14:17.829,00:14:16.13,00:14:17.41,51367,51444,pick up knife,pick-up,0,knife,4,['knife'],[4],official_train,PICKS UP,/kaggle/input/datasets/ldthanh/epic-kitchens-100-p1/P22/videos/P22_05.MP4
P22_05_338,P22,P22_05,00:14:19.170,00:14:17.54,00:14:19.27,51452,51556,pick up peels,pick-up,0,peel,48,['peel'],[48],official_train,PICKS UP,/kaggle/input/datasets/ldthanh/epic-kitchens-100-p1/P22/videos/P22_05.MP4
P22_05_341,P22,P22_05,00:14:25.730,00:14:24.06,00:14:25.07,51843,51904,pick up sponge,pick-up,0,sponge,9,['sponge'],[9],official_train,PICKS UP,/kaggle/input/datasets/ldthanh/epic-kitchens-100-p1/P22/videos/P22_05.MP4
P22_05_342,P22,P22_05,00:14:26.730,00:14:24.70,00:14:25.42,51882,51925,rinse sponge,rinse,2,sponge,9,['sponge'],[9],official_train,WASHING,/kaggle/input/datasets/ldthanh/epic-kitchens-100-p1/P22/videos/P22_05.MP4
P22_05_343,P22,P22_05,00:14:27.869,00:14:26.08,00:14:27.65,51964,52059,lather potato peeler,lather,2,peeler:potato,87,['peeler:potato'],[87],official_train,WASHING,/kaggle/input/datasets/ldthanh/epic-kitchens-100-p1/P22/videos/P22_05.MP4
P22_05_344,P22,P22_05,00:14:31.160,00:14:29.89,00:14:30.43,52193,52225,put down potato peeler,put-down,1,peeler:potato,87,['peeler:potato'],[87],official_train,PUT DOWN,/kaggle/input/datasets/ldthanh/epic-kitchens-100-p1/P22/videos/P22_05.MP4
P22_05_345,P22,P22_05,00:14:32.160,00:14:30.73,00:14:32.48,52243,52348,lather knife,lather,2,knife,4,['knife'],[4],official_train,WASHING,/kaggle/input/datasets/ldthanh/epic-kitchens-100-p1/P22/videos/P22_05.MP4
P22_05_347,P22,P22_05,00:14:35.629,00:14:34.50,00:14:36.37,52470,52582,rinse knife,rinse,2,knife,4,['knife'],[4],official_train,WASHING,/kaggle/input/datasets/ldthanh/epic-kitchens-100-p1/P22/videos/P22_05.MP4
P22_05_348,P22,P22_05,00:14:40.740,00:14:39.09,00:14:40.39,52745,52823,put down knife,put-down,1,knife,4,['knife'],[4],official_train,PUT DOWN,/kaggle/input/datasets/ldthanh/epic-kitchens-100-p1/P22/videos/P22_05.MP4
P22_05_349,P22,P22_05,00:14:41.930,00:14:40.90,00:14:43.77,52854,53026,rinse potato peeler,rinse,2,peeler:potato,87,['peeler:potato'],[87],official_train,WASHING,/kaggle/input/datasets/ldthanh/epic-kitchens-100-p1/P22/videos/P22_05.MP4
P22_05_35,P22,P22_05,00:01:29.490,00:01:28.04,00:01:29.04,5282,5342,rinse container,rinse,2,container,21,['container'],[21],official_train,WASHING,/kaggle/input/datasets/ldthanh/epic-kitchens-100-p1/P22/videos/P22_05.MP4
P22_05_350,P22,P22_05,00:14:44.610,00:14:44.31,00:14:45.05,53058,53103,put down potato peeler,put-down,1,peeler:potato,87,['peeler:potato'],[87],official_train,PUT DOWN,/kaggle/input/datasets/ldthanh/epic-kitchens-100-p1/P22/videos/P22_05.MP4
P22_05_354,P22,P22_05,00:14:51.309,00:14:50.06,00:14:51.95,53403,53517,put down cloth,put-down,1,cloth,17,['cloth'],[17],official_train,PUT DOWN,/kaggle/input/datasets/ldthanh/epic-kitchens-100-p1/P22/videos/P22_05.MP4
P22_05_355,P22,P22_05,00:14:52.309,00:14:52.05,00:14:53.05,53523,53583,open drawer,open,3,drawer,8,['drawer'],[8],official_train,OPENS,/kaggle/input/datasets/ldthanh/epic-kitchens-100-p1/P22/videos/P22_05.MP4
P22_05_357,P22,P22_05,00:14:55.149,00:14:53.75,00:14:54.50,53625,53670,open drawer,open,3,drawer,8,['drawer'],[8],official_train,OPENS,/kaggle/input/datasets/ldthanh/epic-kitchens-100-p1/P22/videos/P22_05.MP4
P22_05_358,P22,P22_05,00:14:56.180,00:14:54.60,00:14:55.60,53676,53736,pick up napkins,pick-up,0,napkin,88,['napkin'],[88],official_train,PICKS UP,/kaggle/input/datasets/ldthanh/epic-kitchens-100-p1/P22/videos/P22_05.MP4
P22_05_36,P22,P22_05,00:01:34.829,00:01:29.14,00:01:31.14,5348,5468,rinse tupperware,rinse,2,tupperware,23,['tupperware'],[23],official_train,WASHING,/kaggle/input/datasets/ldthanh/epic-kitchens-100-p1/P22/videos/P22_05.MP4
P22_05_363,P22,P22_05,00:15:10.759,00:15:08.85,00:15:10.35,54531,54621,open cabinet,open,3,cabinet,3,['cabinet'],[3],official_train,OPENS,/kaggle/input/datasets/ldthanh/epic-kitchens-100-p1/P22/videos/P22_05.MP4
P22_05_364,P22,P22_05,00:15:12.449,00:15:10.35,00:15:12.35,54621,54741,pick up cups,pick-up,0,cup,13,['cup'],[13],official_train,PICKS UP,/kaggle/input/datasets/ldthanh/epic-kitchens-100-p1/P22/videos/P22_05.MP4
P22_05_365,P22,P22_05,00:15:15.720,00:15:12.80,00:15:15.80,54768,54948,put down cup,put-down,1,cup,13,['cup'],[13],official_train,PUT DOWN,/kaggle/input/datasets/ldthanh/epic-kitchens-100-p1/P22/videos/P22_05.MP4
P22_05_366,P22,P22_05,00:15:16.720,00:15:15.87,00:15:16.74,54952,55004,put down cup,put-down,1,cup,13,['cup'],[13],official_train,PUT DOWN,/kaggle/input/datasets/ldthanh/epic-kitchens-100-p1/P22/videos/P22_05.MP4
P22_05_367,P22,P22_05,00:15:19.850,00:15:18.89,00:15:19.63,55133,55177,grab plates,grab,0,plate,2,['plate'],[2],official_train,PICKS UP,/kaggle/input/datasets/ldthanh/epic-kitchens-100-p1/P22/videos/P22_05.MP4
P22_05_368,P22,P22_05,00:15:22.600,00:15:19.41,00:15:21.92,55164,55315,put away plate,put,1,plate,2,['plate'],[2],official_train,PUT DOWN,/kaggle/input/datasets/ldthanh/epic-kitchens-100-p1/P22/videos/P22_05.MP4
P22_05_369,P22,P22_05,00:15:23.600,00:15:22.30,00:15:23.42,55338,55405,put away plate,put,1,plate,2,['plate'],[2],official_train,PUT DOWN,/kaggle/input/datasets/ldthanh/epic-kitchens-100-p1/P22/videos/P22_05.MP4
P22_05_37,P22,P22_05,00:01:38.710,00:01:31.24,00:01:33.99,5474,5639,rinse tupperware,rinse,2,tupperware,23,['tupperware'],[23],official_train,WASHING,/kaggle/input/datasets/ldthanh/epic-kitchens-100-p1/P22/videos/P22_05.MP4
P22_05_370,P22,P22_05,00:15:25.610,00:15:24.33,00:15:25.97,55459,55558,open cupboard,open,3,cupboard,3,['cupboard'],[3],official_train,OPENS,/kaggle/input/datasets/ldthanh/epic-kitchens-100-p1/P22/videos/P22_05.MP4
P22_05_373,P22,P22_05,00:15:32.550,00:15:30.87,00:15:31.98,55852,55918,open cupboard,open,3,cupboard,3,['cupboard'],[3],official_train,OPENS,/kaggle/input/datasets/ldthanh/epic-kitchens-100-p1/P22/videos/P22_05.MP4
P22_05_374,P22,P22_05,00:15:33.550,00:15:32.00,00:15:33.04,55920,55982,grab bread,grab,0,bread,33,['bread'],[33],official_train,PICKS UP,/kaggle/input/datasets/ldthanh/epic-kitchens-100-p1/P22/videos/P22_05.MP4
P22_05_376,P22,P22_05,00:15:35.720,00:15:34.50,00:15:37.65,56070,56259,open bread,open,3,bread,33,['bread'],[33],official_train,OPENS,/kaggle/input/datasets/ldthanh/epic-kitchens-100-p1/P22/videos/P22_05.MP4
P22_05_377,P22,P22_05,00:15:39.369,00:15:37.70,00:15:39.92,56262,56395,open bread,open,3,bread,33,['bread'],[33],official_train,OPENS,/kaggle/input/datasets/ldthanh/epic-kitchens-100-p1/P22/videos/P22_05.MP4
P22_05_378,P22,P22_05,00:15:41.550,00:15:40.02,00:15:41.40,56401,56484,grab slice,grab,0,bread,33,['bread'],[33],official_train,PICKS UP,/kaggle/input/datasets/ldthanh/epic-kitchens-100-p1/P22/videos/P22_05.MP4
P22_05_38,P22,P22_05,00:01:40.990,00:01:40.00,00:01:40.98,6000,6058,put tupperware,put,1,tupperware,23,['tupperware'],[23],official_train,PUT DOWN,/kaggle/input/datasets/ldthanh/epic-kitchens-100-p1/P22/videos/P22_05.MP4
P22_05_382,P22,P22_05,00:15:52.929,00:15:51.87,00:15:53.02,57112,57181,open cupboard,open,3,cupboard,3,['cupboard'],[3],official_train,OPENS,/kaggle/input/datasets/ldthanh/epic-kitchens-100-p1/P22/videos/P22_05.MP4
P22_05_385,P22,P22_05,00:15:58.259,00:15:57.33,00:15:58.29,57439,57497,open cupboard,open,3,cupboard,3,['cupboard'],[3],official_train,OPENS,/kaggle/input/datasets/ldthanh/epic-kitchens-100-p1/P22/videos/P22_05.MP4
P22_05_386,P22,P22_05,00:16:00.100,00:15:58.29,00:16:00.11,57497,57606,grab jar,grab,0,jar,40,['jar'],[40],official_train,PICKS UP,/kaggle/input/datasets/ldthanh/epic-kitchens-100-p1/P22/videos/P22_05.MP4
P22_05_387,P22,P22_05,00:16:01.119,00:16:00.03,00:16:01.09,57601,57665,put down jar,put-down,1,jar,40,['jar'],[40],official_train,PUT DOWN,/kaggle/input/datasets/ldthanh/epic-kitchens-100-p1/P22/videos/P22_05.MP4
P22_05_388,P22,P22_05,00:16:02.759,00:16:01.13,00:16:02.62,57667,57757,grab container,grab,0,container,21,['container'],[21],official_train,PICKS UP,/kaggle/input/datasets/ldthanh/epic-kitchens-100-p1/P22/videos/P22_05.MP4
P22_05_390,P22,P22_05,00:16:05.740,00:16:04.32,00:16:05.36,57859,57921,put down container,put-down,1,container,21,['container'],[21],official_train,PUT DOWN,/kaggle/input/datasets/ldthanh/epic-kitchens-100-p1/P22/videos/P22_05.MP4
P22_05_391,P22,P22_05,00:16:13.679,00:16:09.85,00:16:13.07,58191,58384,pick up plate,pick-up,0,plate,2,['plate'],[2],official_train,PICKS UP,/kaggle/input/datasets/ldthanh/epic-kitchens-100-p1/P22/videos/P22_05.MP4
P22_05_392,P22,P22_05,00:16:11.420,00:16:09.94,00:16:11.07,58196,58264,open cabinet,open,3,cabinet,3,['cabinet'],[3],official_train,OPENS,/kaggle/input/datasets/ldthanh/epic-kitchens-100-p1/P22/videos/P22_05.MP4
P22_05_394,P22,P22_05,00:16:16.490,00:16:14.13,00:16:16.45,58447,58587,put down plate,put-down,1,plate,2,['plate'],[2],official_train,PUT DOWN,/kaggle/input/datasets/ldthanh/epic-kitchens-100-p1/P22/videos/P22_05.MP4
P22_05_395,P22,P22_05,00:16:18.920,00:16:16.55,00:16:18.52,58593,58711,pick up knife,pick-up,0,knife,4,['knife'],[4],official_train,PICKS UP,/kaggle/input/datasets/ldthanh/epic-kitchens-100-p1/P22/videos/P22_05.MP4
P22_05_396,P22,P22_05,00:16:20.500,00:16:18.62,00:16:19.53,58717,58771,put down knife,put-down,1,knife,4,['knife'],[4],official_train,PUT DOWN,/kaggle/input/datasets/ldthanh/epic-kitchens-100-p1/P22/videos/P22_05.MP4
P22_05_397,P22,P22_05,00:16:21.529,00:16:19.63,00:16:20.95,58777,58857,open drawer,open,3,drawer,8,['drawer'],[8],official_train,OPENS,/kaggle/input/datasets/ldthanh/epic-kitchens-100-p1/P22/videos/P22_05.MP4
P22_05_399,P22,P22_05,00:16:25.069,00:16:20.98,00:16:24.65,58858,59079,pick up forks,pick-up,0,fork,14,['fork'],[14],official_train,PICKS UP,/kaggle/input/datasets/ldthanh/epic-kitchens-100-p1/P22/videos/P22_05.MP4
P22_05_4,P22,P22_05,00:00:10.369,00:00:09.37,00:00:10.29,562,617,open coffee machine,open,3,machine:coffee,50,['machine:coffee'],[50],official_train,OPENS,/kaggle/input/datasets/ldthanh/epic-kitchens-100-p1/P22/videos/P22_05.MP4
P22_05_40,P22,P22_05,00:01:43.070,00:01:41.54,00:01:42.95,6092,6177,rinse hands,rinse,2,hand,11,['hand'],[11],official_train,WASHING,/kaggle/input/datasets/ldthanh/epic-kitchens-100-p1/P22/videos/P22_05.MP4
P22_05_401,P22,P22_05,00:16:27.269,00:16:26.21,00:16:28.21,59172,59292,put down fork,put-down,1,fork,14,['fork'],[14],official_train,PUT DOWN,/kaggle/input/datasets/ldthanh/epic-kitchens-100-p1/P22/videos/P22_05.MP4
P22_05_402,P22,P22_05,00:16:29.600,00:16:28.66,00:16:29.66,59319,59379,put down fork,put-down,1,fork,14,['fork'],[14],official_train,PUT DOWN,/kaggle/input/datasets/ldthanh/epic-kitchens-100-p1/P22/videos/P22_05.MP4
P22_05_403,P22,P22_05,00:16:42.269,00:16:40.50,00:16:42.45,60030,60147,open fridge,open,3,fridge,12,['fridge'],[12],official_train,OPENS,/kaggle/input/datasets/ldthanh/epic-kitchens-100-p1/P22/videos/P22_05.MP4
P22_05_404,P22,P22_05,00:16:44.170,00:16:41.95,00:16:43.44,60117,60206,pick up bottle,pick-up,0,bottle,15,['bottle'],[15],official_train,PICKS UP,/kaggle/input/datasets/ldthanh/epic-kitchens-100-p1/P22/videos/P22_05.MP4
P22_05_408,P22,P22_05,00:16:52.129,00:16:50.33,00:16:54.21,60619,60852,put down bottle flat,put-down,1,bottle,15,['bottle'],[15],official_train,PUT DOWN,/kaggle/input/datasets/ldthanh/epic-kitchens-100-p1/P22/videos/P22_05.MP4
P22_05_41,P22,P22_05,00:01:44.640,00:01:42.39,00:01:44.32,6143,6259,rinse sponge,rinse,2,sponge,9,['sponge'],[9],official_train,WASHING,/kaggle/input/datasets/ldthanh/epic-kitchens-100-p1/P22/videos/P22_05.MP4
P22_05_412,P22,P22_05,00:17:07.010,00:17:05.25,00:17:06.25,61515,61575,pick up cloth,pick-up,0,cloth,17,['cloth'],[17],official_train,PICKS UP,/kaggle/input/datasets/ldthanh/epic-kitchens-100-p1/P22/videos/P22_05.MP4
P22_05_413,P22,P22_05,00:17:08.010,00:17:06.60,00:17:10.25,61595,61815,rinse cloth,rinse,2,cloth,17,['cloth'],[17],official_train,WASHING,/kaggle/input/datasets/ldthanh/epic-kitchens-100-p1/P22/videos/P22_05.MP4
P22_05_414,P22,P22_05,00:17:12.280,00:17:10.49,00:17:14.68,61829,62080,clean sink,clean,2,sink,63,['sink'],[63],official_train,WASHING,/kaggle/input/datasets/ldthanh/epic-kitchens-100-p1/P22/videos/P22_05.MP4
P22_05_415,P22,P22_05,00:17:16.300,00:17:14.78,00:17:16.46,62086,62187,rinse cloth,rinse,2,cloth,17,['cloth'],[17],official_train,WASHING,/kaggle/input/datasets/ldthanh/epic-kitchens-100-p1/P22/videos/P22_05.MP4
P22_05_416,P22,P22_05,00:17:17.300,00:17:16.42,00:17:20.60,62185,62435,clean sink,clean,2,sink,63,['sink'],[63],official_train,WASHING,/kaggle/input/datasets/ldthanh/epic-kitchens-100-p1/P22/videos/P22_05.MP4
P22_05_419,P22,P22_05,00:17:26.760,00:17:24.70,00:17:25.95,62682,62757,put down cloth,put-down,1,cloth,17,['cloth'],[17],official_train,PUT DOWN,/kaggle/input/datasets/ldthanh/epic-kitchens-100-p1/P22/videos/P22_05.MP4
P22_05_42,P22,P22_05,00:01:45.859,00:01:44.31,00:01:47.30,6258,6438,put soap,put,1,soap,22,['soap'],[22],official_train,PUT DOWN,/kaggle/input/datasets/ldthanh/epic-kitchens-100-p1/P22/videos/P22_05.MP4
P22_05_420,P22,P22_05,00:17:28.670,00:17:27.04,00:17:28.04,62822,62882,pick up detergent,pick-up,0,detergent,22,['detergent'],[22],official_train,PICKS UP,/kaggle/input/datasets/ldthanh/epic-kitchens-100-p1/P22/videos/P22_05.MP4
P22_05_422,P22,P22_05,00:17:33.190,00:17:31.17,00:17:32.06,63070,63123,pick up sponge,pick-up,0,sponge,9,['sponge'],[9],official_train,PICKS UP,/kaggle/input/datasets/ldthanh/epic-kitchens-100-p1/P22/videos/P22_05.MP4
P22_05_423,P22,P22_05,00:17:35.110,00:17:33.95,00:17:35.05,63237,63303,rinse sponge,rinse,2,sponge,9,['sponge'],[9],official_train,WASHING,/kaggle/input/datasets/ldthanh/epic-kitchens-100-p1/P22/videos/P22_05.MP4
P22_05_425,P22,P22_05,00:17:37.650,00:17:36.97,00:17:39.69,63418,63581,clean floor,clean,2,floor,159,['floor'],[159],official_train,WASHING,/kaggle/input/datasets/ldthanh/epic-kitchens-100-p1/P22/videos/P22_05.MP4
P22_05_427,P22,P22_05,00:17:43.490,00:17:40.60,00:17:47.11,63635,64026,clean floor,clean,2,floor,159,['floor'],[159],official_train,WASHING,/kaggle/input/datasets/ldthanh/epic-kitchens-100-p1/P22/videos/P22_05.MP4
P22_05_428,P22,P22_05,00:17:48.740,00:17:41.08,00:17:46.38,63664,63982,clean counter,clean,2,counter,42,['counter'],[42],official_train,WASHING,/kaggle/input/datasets/ldthanh/epic-kitchens-100-p1/P22/videos/P22_05.MP4
P22_05_429,P22,P22_05,00:17:52.960,00:17:46.96,00:17:56.42,64017,64585,clean counter,clean,2,counter,42,['counter'],[42],official_train,WASHING,/kaggle/input/datasets/ldthanh/epic-kitchens-100-p1/P22/videos/P22_05.MP4
P22_05_43,P22,P22_05,00:01:51.119,00:01:47.76,00:01:52.47,6465,6748,soap bowl,soap,2,bowl,7,['bowl'],[7],official_train,WASHING,/kaggle/input/datasets/ldthanh/epic-kitchens-100-p1/P22/videos/P22_05.MP4
P22_05_431,P22,P22_05,00:17:59.530,00:17:58.28,00:18:00.22,64696,64813,rinse towel,rinse,2,towel,52,['towel'],[52],official_train,WASHING,/kaggle/input/datasets/ldthanh/epic-kitchens-100-p1/P22/videos/P22_05.MP4
P22_05_433,P22,P22_05,00:18:01.680,00:18:01.29,00:18:04.91,64877,65094,clean counter,clean,2,counter,42,['counter'],[42],official_train,WASHING,/kaggle/input/datasets/ldthanh/epic-kitchens-100-p1/P22/videos/P22_05.MP4
P22_05_435,P22,P22_05,00:18:06.930,00:18:05.82,00:18:07.09,65149,65225,clean towel,clean,2,towel,52,['towel'],[52],official_train,WASHING,/kaggle/input/datasets/ldthanh/epic-kitchens-100-p1/P22/videos/P22_05.MP4
P22_05_437,P22,P22_05,00:18:11.150,00:18:07.76,00:18:11.94,65265,65516,clean counter,clean,2,counter,42,['counter'],[42],official_train,WASHING,/kaggle/input/datasets/ldthanh/epic-kitchens-100-p1/P22/videos/P22_05.MP4
P22_05_438,P22,P22_05,00:18:09.620,00:18:11.21,00:18:17.16,65472,65829,clean counter,clean,2,counter,42,['counter'],[42],official_train,WASHING,/kaggle/input/datasets/ldthanh/epic-kitchens-100-p1/P22/videos/P22_05.MP4
P22_05_44,P22,P22_05,00:01:53.740,00:01:52.57,00:01:53.57,6754,6814,put bowl,put,1,bowl,7,['bowl'],[7],official_train,PUT DOWN,/kaggle/input/datasets/ldthanh/epic-kitchens-100-p1/P22/videos/P22_05.MP4
P22_05_440,P22,P22_05,00:18:19.460,00:18:18.22,00:18:20.01,65893,66000,rinse towel,rinse,2,towel,52,['towel'],[52],official_train,WASHING,/kaggle/input/datasets/ldthanh/epic-kitchens-100-p1/P22/videos/P22_05.MP4
P22_05_442,P22,P22_05,00:18:22.670,00:18:21.67,00:18:26.57,66100,66394,clean counter,clean,2,counter,42,['counter'],[42],official_train,WASHING,/kaggle/input/datasets/ldthanh/epic-kitchens-100-p1/P22/videos/P22_05.MP4
P22_05_443,P22,P22_05,00:18:28.210,00:18:26.28,00:18:27.78,66376,66466,pick up detergent,pick-up,0,detergent,22,['detergent'],[22],official_train,PICKS UP,/kaggle/input/datasets/ldthanh/epic-kitchens-100-p1/P22/videos/P22_05.MP4
P22_05_444,P22,P22_05,00:18:29.430,00:18:28.60,00:18:29.19,66516,66551,open cabinet,open,3,cabinet,3,['cabinet'],[3],official_train,OPENS,/kaggle/input/datasets/ldthanh/epic-kitchens-100-p1/P22/videos/P22_05.MP4
P22_05_445,P22,P22_05,00:18:30.620,00:18:29.46,00:18:30.41,66567,66624,put away detergent,put,1,detergent,22,['detergent'],[22],official_train,PUT DOWN,/kaggle/input/datasets/ldthanh/epic-kitchens-100-p1/P22/videos/P22_05.MP4
P22_05_448,P22,P22_05,00:18:35.320,00:18:33.65,00:18:34.75,66819,66885,rinse cloth,rinse,2,cloth,17,['cloth'],[17],official_train,WASHING,/kaggle/input/datasets/ldthanh/epic-kitchens-100-p1/P22/videos/P22_05.MP4
P22_05_449,P22,P22_05,00:18:38.990,00:18:36.44,00:18:39.64,66986,67178,put down cloth,put-down,1,cloth,17,['cloth'],[17],official_train,PUT DOWN,/kaggle/input/datasets/ldthanh/epic-kitchens-100-p1/P22/videos/P22_05.MP4
P22_05_45,P22,P22_05,00:01:54.740,00:01:53.91,00:01:56.34,6834,6980,soap bowl,soap,2,bowl,7,['bowl'],[7],official_train,WASHING,/kaggle/input/datasets/ldthanh/epic-kitchens-100-p1/P22/videos/P22_05.MP4
P22_05_450,P22,P22_05,00:18:39.990,00:18:39.39,00:18:40.52,67163,67231,pick up sponge,pick-up,0,sponge,9,['sponge'],[9],official_train,PICKS UP,/kaggle/input/datasets/ldthanh/epic-kitchens-100-p1/P22/videos/P22_05.MP4
P22_05_451,P22,P22_05,00:18:43.840,00:18:40.62,00:18:43.66,67237,67419,rinse sponge,rinse,2,sponge,9,['sponge'],[9],official_train,WASHING,/kaggle/input/datasets/ldthanh/epic-kitchens-100-p1/P22/videos/P22_05.MP4
P22_05_452,P22,P22_05,00:18:42.840,00:18:41.73,00:18:42.77,67303,67366,put down sponge,put-down,1,sponge,9,['sponge'],[9],official_train,PUT DOWN,/kaggle/input/datasets/ldthanh/epic-kitchens-100-p1/P22/videos/P22_05.MP4
P22_05_453,P22,P22_05,00:18:41.710,00:18:42.37,00:18:44.39,67342,67463,rinse sponge,rinse,2,sponge,9,['sponge'],[9],official_train,WASHING,/kaggle/input/datasets/ldthanh/epic-kitchens-100-p1/P22/videos/P22_05.MP4
P22_05_454,P22,P22_05,00:18:46.360,00:18:44.28,00:18:46.85,67456,67611,rinse hands,rinse,2,hand,11,['hand'],[11],official_train,WASHING,/kaggle/input/datasets/ldthanh/epic-kitchens-100-p1/P22/videos/P22_05.MP4
P22_05_458,P22,P22_05,00:18:50.840,00:18:52.42,00:18:53.82,67945,68029,put down cloth,put-down,1,cloth,17,['cloth'],[17],official_train,PUT DOWN,/kaggle/input/datasets/ldthanh/epic-kitchens-100-p1/P22/videos/P22_05.MP4
P22_05_459,P22,P22_05,00:18:57.070,00:18:55.89,00:18:57.17,68153,68230,pick up bread,pick-up,0,bread,33,['bread'],[33],official_train,PICKS UP,/kaggle/input/datasets/ldthanh/epic-kitchens-100-p1/P22/videos/P22_05.MP4
P22_05_46,P22,P22_05,00:01:56.270,00:01:56.27,00:01:57.27,6976,7036,put bowl,put,1,bowl,7,['bowl'],[7],official_train,PUT DOWN,/kaggle/input/datasets/ldthanh/epic-kitchens-100-p1/P22/videos/P22_05.MP4
P22_05_460,P22,P22_05,00:18:58.070,00:18:57.21,00:18:58.71,68232,68322,put down bread,put-down,1,bread,33,['bread'],[33],official_train,PUT DOWN,/kaggle/input/datasets/ldthanh/epic-kitchens-100-p1/P22/videos/P22_05.MP4
P22_05_461,P22,P22_05,00:19:00.230,00:18:58.42,00:19:00.07,68305,68404,open jar,open,3,jar,40,['jar'],[40],official_train,OPENS,/kaggle/input/datasets/ldthanh/epic-kitchens-100-p1/P22/videos/P22_05.MP4
P22_05_462,P22,P22_05,00:19:01.380,00:19:00.42,00:19:01.24,68425,68474,pick up knife,pick-up,0,knife,4,['knife'],[4],official_train,PICKS UP,/kaggle/input/datasets/ldthanh/epic-kitchens-100-p1/P22/videos/P22_05.MP4
P22_05_463,P22,P22_05,00:19:03.060,00:19:01.43,00:19:05.43,68485,68725,pick up cream,pick-up,0,cream,143,['cream'],[143],official_train,PICKS UP,/kaggle/input/datasets/ldthanh/epic-kitchens-100-p1/P22/videos/P22_05.MP4
P22_05_466,P22,P22_05,00:19:17.770,00:19:20.64,00:19:21.67,69638,69700,put down slice of bread,put-down,1,slice:bread,33,['slice:bread'],[33],official_train,PUT DOWN,/kaggle/input/datasets/ldthanh/epic-kitchens-100-p1/P22/videos/P22_05.MP4
P22_05_467,P22,P22_05,00:19:25.170,00:19:21.77,00:19:22.65,69706,69759,pick up cream,pick-up,0,cream,143,['cream'],[143],official_train,PICKS UP,/kaggle/input/datasets/ldthanh/epic-kitchens-100-p1/P22/videos/P22_05.MP4
P22_05_47,P22,P22_05,00:01:57.600,00:01:56.91,00:01:58.23,7014,7093,pick up plate,pick-up,0,plate,2,['plate'],[2],official_train,PICKS UP,/kaggle/input/datasets/ldthanh/epic-kitchens-100-p1/P22/videos/P22_05.MP4
P22_05_472,P22,P22_05,00:19:45.620,00:19:44.54,00:19:45.93,71072,71155,put down slice of bread,put-down,1,slice:bread,33,['slice:bread'],[33],official_train,PUT DOWN,/kaggle/input/datasets/ldthanh/epic-kitchens-100-p1/P22/videos/P22_05.MP4
P22_05_473,P22,P22_05,00:19:48.230,00:19:45.62,00:19:48.35,71137,71301,put down knife,put-down,1,knife,4,['knife'],[4],official_train,PUT DOWN,/kaggle/input/datasets/ldthanh/epic-kitchens-100-p1/P22/videos/P22_05.MP4
P22_05_474,P22,P22_05,00:19:50.510,00:19:48.05,00:19:50.94,71283,71456,pick up lid,pick-up,0,lid,6,['lid'],[6],official_train,PICKS UP,/kaggle/input/datasets/ldthanh/epic-kitchens-100-p1/P22/videos/P22_05.MP4
P22_05_476,P22,P22_05,00:19:53.390,00:19:51.72,00:19:53.13,71503,71587,open cabinet,open,3,cabinet,3,['cabinet'],[3],official_train,OPENS,/kaggle/input/datasets/ldthanh/epic-kitchens-100-p1/P22/videos/P22_05.MP4
P22_05_477,P22,P22_05,00:19:54.390,00:19:52.96,00:19:54.29,71577,71657,put down jar,put-down,1,jar,40,['jar'],[40],official_train,PUT DOWN,/kaggle/input/datasets/ldthanh/epic-kitchens-100-p1/P22/videos/P22_05.MP4
P22_05_478,P22,P22_05,00:19:55.390,00:19:54.51,00:19:55.45,71670,71727,pick up lid,pick-up,0,lid,6,['lid'],[6],official_train,PICKS UP,/kaggle/input/datasets/ldthanh/epic-kitchens-100-p1/P22/videos/P22_05.MP4
P22_05_48,P22,P22_05,00:01:58.649,00:01:58.33,00:02:01.61,7099,7296,soap plate,lather,2,plate:soap,2,['plate:soap'],[2],official_train,WASHING,/kaggle/input/datasets/ldthanh/epic-kitchens-100-p1/P22/videos/P22_05.MP4
P22_05_482,P22,P22_05,00:20:00.610,00:20:00.07,00:20:00.95,72004,72057,put down plate,put-down,1,plate,2,['plate'],[2],official_train,PUT DOWN,/kaggle/input/datasets/ldthanh/epic-kitchens-100-p1/P22/videos/P22_05.MP4
P22_05_483,P22,P22_05,00:20:03.500,00:20:01.45,00:20:02.76,72087,72165,pick up cup,pick-up,0,cup,13,['cup'],[13],official_train,PICKS UP,/kaggle/input/datasets/ldthanh/epic-kitchens-100-p1/P22/videos/P22_05.MP4
P22_05_484,P22,P22_05,00:20:04.590,00:20:02.73,00:20:03.36,72163,72201,put down cup,put-down,1,cup,13,['cup'],[13],official_train,PUT DOWN,/kaggle/input/datasets/ldthanh/epic-kitchens-100-p1/P22/videos/P22_05.MP4
P22_05_485,P22,P22_05,00:20:06.250,00:20:04.39,00:20:06.39,72263,72383,pick up carafe,pick-up,0,carafe,66,['carafe'],[66],official_train,PICKS UP,/kaggle/input/datasets/ldthanh/epic-kitchens-100-p1/P22/videos/P22_05.MP4
P22_05_49,P22,P22_05,00:02:03.100,00:02:01.89,00:02:02.67,7313,7360,put plate,put,1,plate,2,['plate'],[2],official_train,PUT DOWN,/kaggle/input/datasets/ldthanh/epic-kitchens-100-p1/P22/videos/P22_05.MP4
P22_05_491,P22,P22_05,00:20:32.150,00:20:30.08,00:20:33.00,73804,73980,put carafe,put,1,carafe,66,['carafe'],[66],official_train,PUT DOWN,/kaggle/input/datasets/ldthanh/epic-kitchens-100-p1/P22/videos/P22_05.MP4
P22_05_50,P22,P22_05,00:02:04.509,00:02:02.67,00:02:05.17,7360,7510,soap glass,soap,2,glass,10,['glass'],[10],official_train,WASHING,/kaggle/input/datasets/ldthanh/epic-kitchens-100-p1/P22/videos/P22_05.MP4
P22_05_51,P22,P22_05,00:02:07.299,00:02:03.66,00:02:05.05,7419,7503,soap glass,soap,2,glass,10,['glass'],[10],official_train,WASHING,/kaggle/input/datasets/ldthanh/epic-kitchens-100-p1/P22/videos/P22_05.MP4
P22_05_52,P22,P22_05,00:02:05.850,00:02:05.24,00:02:06.33,7514,7579,put glass,put,1,glass,10,['glass'],[10],official_train,PUT DOWN,/kaggle/input/datasets/ldthanh/epic-kitchens-100-p1/P22/videos/P22_05.MP4
P22_05_53,P22,P22_05,00:02:08.299,00:02:05.42,00:02:06.41,7525,7584,put glass,put,1,glass,10,['glass'],[10],official_train,PUT DOWN,/kaggle/input/datasets/ldthanh/epic-kitchens-100-p1/P22/videos/P22_05.MP4
P22_05_55,P22,P22_05,00:02:13.120,00:02:10.77,00:02:13.54,7846,8012,rinse glass,rinse,2,glass,10,['glass'],[10],official_train,WASHING,/kaggle/input/datasets/ldthanh/epic-kitchens-100-p1/P22/videos/P22_05.MP4
P22_05_56,P22,P22_05,00:02:15.370,00:02:13.64,00:02:16.14,8018,8168,rinse glass,rinse,2,glass,10,['glass'],[10],official_train,WASHING,/kaggle/input/datasets/ldthanh/epic-kitchens-100-p1/P22/videos/P22_05.MP4
P22_05_57,P22,P22_05,00:02:18.180,00:02:16.24,00:02:18.99,8174,8339,rinse glass,rinse,2,glass,10,['glass'],[10],official_train,WASHING,/kaggle/input/datasets/ldthanh/epic-kitchens-100-p1/P22/videos/P22_05.MP4
P22_05_58,P22,P22_05,00:02:19.390,00:02:18.74,00:02:19.57,8324,8374,put glass,put,1,glass,10,['glass'],[10],official_train,PUT DOWN,/kaggle/input/datasets/ldthanh/epic-kitchens-100-p1/P22/videos/P22_05.MP4
P22_05_59,P22,P22_05,00:02:20.510,00:02:20.18,00:02:20.77,8410,8446,pick up glass,pick-up,0,glass,10,['glass'],[10],official_train,PICKS UP,/kaggle/input/datasets/ldthanh/epic-kitchens-100-p1/P22/videos/P22_05.MP4
P22_05_60,P22,P22_05,00:02:21.700,00:02:21.36,00:02:22.20,8481,8532,rinse glass,rinse,2,glass,10,['glass'],[10],official_train,WASHING,/kaggle/input/datasets/ldthanh/epic-kitchens-100-p1/P22/videos/P22_05.MP4
P22_05_61,P22,P22_05,00:02:24.790,00:02:22.15,00:02:25.39,8529,8723,rinse glass,rinse,2,glass,10,['glass'],[10],official_train,WASHING,/kaggle/input/datasets/ldthanh/epic-kitchens-100-p1/P22/videos/P22_05.MP4
P22_05_62,P22,P22_05,00:02:26.069,00:02:25.70,00:02:26.46,8742,8787,put glass,put,1,glass,10,['glass'],[10],official_train,PUT DOWN,/kaggle/input/datasets/ldthanh/epic-kitchens-100-p1/P22/videos/P22_05.MP4
P22_05_63,P22,P22_05,00:02:29.060,00:02:26.56,00:02:30.75,8793,9045,rinse bowl,rinse,2,bowl,7,['bowl'],[7],official_train,WASHING,/kaggle/input/datasets/ldthanh/epic-kitchens-100-p1/P22/videos/P22_05.MP4
P22_05_64,P22,P22_05,00:02:30.430,00:02:30.70,00:02:31.71,9042,9102,put bowl,put,1,bowl,7,['bowl'],[7],official_train,PUT DOWN,/kaggle/input/datasets/ldthanh/epic-kitchens-100-p1/P22/videos/P22_05.MP4
P22_05_65,P22,P22_05,00:02:33.069,00:02:31.70,00:02:32.39,9102,9143,pick up bowl,pick-up,0,bowl,7,['bowl'],[7],official_train,PICKS UP,/kaggle/input/datasets/ldthanh/epic-kitchens-100-p1/P22/videos/P22_05.MP4
P22_05_66,P22,P22_05,00:02:34.069,00:02:32.54,00:02:34.54,9152,9272,rinse bowl,rinse,2,bowl,7,['bowl'],[7],official_train,WASHING,/kaggle/input/datasets/ldthanh/epic-kitchens-100-p1/P22/videos/P22_05.MP4
P22_05_67,P22,P22_05,00:02:35.069,00:02:34.76,00:02:35.64,9285,9338,put bowl,put,1,bowl,7,['bowl'],[7],official_train,PUT DOWN,/kaggle/input/datasets/ldthanh/epic-kitchens-100-p1/P22/videos/P22_05.MP4
P22_05_68,P22,P22_05,00:02:36.349,00:02:35.73,00:02:36.56,9343,9393,pick up dish,pick-up,0,dish,2,['dish'],[2],official_train,PICKS UP,/kaggle/input/datasets/ldthanh/epic-kitchens-100-p1/P22/videos/P22_05.MP4
P22_05_69,P22,P22_05,00:02:37.450,00:02:36.59,00:02:39.09,9395,9545,rinse dish,rinse,2,dish,2,['dish'],[2],official_train,WASHING,/kaggle/input/datasets/ldthanh/epic-kitchens-100-p1/P22/videos/P22_05.MP4
P22_05_7,P22,P22_05,00:00:19.480,00:00:16.76,00:00:18.72,1005,1123,pick up carafe,pick-up,0,carafe,66,['carafe'],[66],official_train,PICKS UP,/kaggle/input/datasets/ldthanh/epic-kitchens-100-p1/P22/videos/P22_05.MP4
P22_05_70,P22,P22_05,00:02:40.230,00:02:38.72,00:02:40.93,9523,9655,put dish,put,1,dish,2,['dish'],[2],official_train,PUT DOWN,/kaggle/input/datasets/ldthanh/epic-kitchens-100-p1/P22/videos/P22_05.MP4
P22_05_72,P22,P22_05,00:02:43.670,00:02:41.25,00:02:42.59,9675,9755,pick up carafe,pick-up,0,carafe,66,['carafe'],[66],official_train,PICKS UP,/kaggle/input/datasets/ldthanh/epic-kitchens-100-p1/P22/videos/P22_05.MP4
P22_05_73,P22,P22_05,00:02:45.330,00:02:42.70,00:02:55.96,9762,10557,soap carafe,soap,2,carafe,66,['carafe'],[66],official_train,WASHING,/kaggle/input/datasets/ldthanh/epic-kitchens-100-p1/P22/videos/P22_05.MP4
P22_05_74,P22,P22_05,00:02:57.230,00:02:55.54,00:02:59.54,10532,10772,lather pitcher,lather,2,pitcher,66,['pitcher'],[66],official_train,WASHING,/kaggle/input/datasets/ldthanh/epic-kitchens-100-p1/P22/videos/P22_05.MP4
P22_05_75,P22,P22_05,00:02:51.530,00:02:59.45,00:03:01.46,10767,10887,lather pitcher,lather,2,pitcher,66,['pitcher'],[66],official_train,WASHING,/kaggle/input/datasets/ldthanh/epic-kitchens-100-p1/P22/videos/P22_05.MP4
P22_05_77,P22,P22_05,00:03:03.709,00:03:02.16,00:03:03.59,10929,11015,put down down pitcher,put-down,1,pitcher,66,['pitcher'],[66],official_train,PUT DOWN,/kaggle/input/datasets/ldthanh/epic-kitchens-100-p1/P22/videos/P22_05.MP4
P22_05_78,P22,P22_05,00:03:05.519,00:03:03.64,00:03:05.36,11018,11121,grab filter,grab,0,filter,77,['filter'],[77],official_train,PICKS UP,/kaggle/input/datasets/ldthanh/epic-kitchens-100-p1/P22/videos/P22_05.MP4
P22_05_79,P22,P22_05,00:03:07.299,00:03:05.46,00:03:11.06,11127,11463,lather filter,lather,2,filter,77,['filter'],[77],official_train,WASHING,/kaggle/input/datasets/ldthanh/epic-kitchens-100-p1/P22/videos/P22_05.MP4
P22_05_8,P22,P22_05,00:00:22.500,00:00:18.72,00:00:22.65,1123,1359,place carafe,place,1,carafe,66,['carafe'],[66],official_train,PUT DOWN,/kaggle/input/datasets/ldthanh/epic-kitchens-100-p1/P22/videos/P22_05.MP4
P22_05_80,P22,P22_05,00:03:12.959,00:03:10.70,00:03:13.33,11442,11599,lather filter,lather,2,filter,77,['filter'],[77],official_train,WASHING,/kaggle/input/datasets/ldthanh/epic-kitchens-100-p1/P22/videos/P22_05.MP4
P22_05_81,P22,P22_05,00:03:15.349,00:03:13.24,00:03:14.92,11594,11695,grab filter holder,grab,0,holder:filter,50,['holder:filter'],[50],official_train,PICKS UP,/kaggle/input/datasets/ldthanh/epic-kitchens-100-p1/P22/videos/P22_05.MP4
P22_05_82,P22,P22_05,00:03:17.700,00:03:15.42,00:03:17.17,11725,11830,rinse filter holder,rinse,2,holder:filter,50,['holder:filter'],[50],official_train,WASHING,/kaggle/input/datasets/ldthanh/epic-kitchens-100-p1/P22/videos/P22_05.MP4
P22_05_83,P22,P22_05,00:03:19.560,00:03:18.17,00:03:26.33,11890,12379,lather filter holder,lather,2,holder:filter,50,['holder:filter'],[50],official_train,WASHING,/kaggle/input/datasets/ldthanh/epic-kitchens-100-p1/P22/videos/P22_05.MP4
P22_05_84,P22,P22_05,00:03:23.420,00:03:21.69,00:03:25.83,12101,12349,lather filter holder,lather,2,holder:filter,50,['holder:filter'],[50],official_train,WASHING,/kaggle/input/datasets/ldthanh/epic-kitchens-100-p1/P22/videos/P22_05.MP4
P22_05_85,P22,P22_05,00:03:30.030,00:03:25.93,00:03:30.78,12355,12646,lather filter holder,lather,2,holder:filter,50,['holder:filter'],[50],official_train,WASHING,/kaggle/input/datasets/ldthanh/epic-kitchens-100-p1/P22/videos/P22_05.MP4
P22_05_87,P22,P22_05,00:03:32.680,00:03:31.58,00:03:32.28,12694,12736,rinse hands,rinse,2,hand,11,['hand'],[11],official_train,WASHING,/kaggle/input/datasets/ldthanh/epic-kitchens-100-p1/P22/videos/P22_05.MP4
P22_05_88,P22,P22_05,00:03:36.769,00:03:32.06,00:03:38.09,12723,13085,rinse filter holder,rinse,2,holder:filter,50,['holder:filter'],[50],official_train,WASHING,/kaggle/input/datasets/ldthanh/epic-kitchens-100-p1/P22/videos/P22_05.MP4
P22_05_89,P22,P22_05,00:03:33.920,00:03:37.73,00:03:40.52,13063,13231,rinse filter holder,rinse,2,holder:filter,50,['holder:filter'],[50],official_train,WASHING,/kaggle/input/datasets/ldthanh/epic-kitchens-100-p1/P22/videos/P22_05.MP4
P22_05_9,P22,P22_05,00:00:23.500,00:00:22.24,00:00:23.68,1334,1420,place filter,place,1,filter,77,['filter'],[77],official_train,PUT DOWN,/kaggle/input/datasets/ldthanh/epic-kitchens-100-p1/P22/videos/P22_05.MP4
P22_05_90,P22,P22_05,00:03:45.189,00:03:38.32,00:03:45.39,13099,13523,rinse filter holder,rinse,2,holder:filter,50,['holder:filter'],[50],official_train,WASHING,/kaggle/input/datasets/ldthanh/epic-kitchens-100-p1/P22/videos/P22_05.MP4
P22_05_91,P22,P22_05,00:03:49.799,00:03:39.00,00:03:47.65,13140,13659,rinse filter holder,rinse,2,holder:filter,50,['holder:filter'],[50],official_train,WASHING,/kaggle/input/datasets/ldthanh/epic-kitchens-100-p1/P22/videos/P22_05.MP4
P22_05_93,P22,P22_05,00:03:55.079,00:03:48.53,00:03:55.51,13711,14130,rinse filter holder,rinse,2,holder:filter,50,['holder:filter'],[50],official_train,WASHING,/kaggle/input/datasets/ldthanh/epic-kitchens-100-p1/P22/videos/P22_05.MP4
P22_05_94,P22,P22_05,00:03:56.790,00:03:55.22,00:03:56.56,14113,14193,put down down filter holder,put-down,1,holder:filter,50,['holder:filter'],[50],official_train,PUT DOWN,/kaggle/input/datasets/ldthanh/epic-kitchens-100-p1/P22/videos/P22_05.MP4
P22_05_95,P22,P22_05,00:04:01.560,00:03:56.52,00:04:00.47,14191,14428,rinse filter,rinse,2,filter,77,['filter'],[77],official_train,WASHING,/kaggle/input/datasets/ldthanh/epic-kitchens-100-p1/P22/videos/P22_05.MP4
P22_05_96,P22,P22_05,00:03:58.409,00:03:59.65,00:04:05.38,14379,14722,rinse filter,rinse,2,filter,77,['filter'],[77],official_train,WASHING,/kaggle/input/datasets/ldthanh/epic-kitchens-100-p1/P22/videos/P22_05.MP4
P22_05_97,P22,P22_05,00:04:06.209,00:04:05.42,00:04:06.23,14725,14773,put down down filter,put-down,1,filter,77,['filter'],[77],official_train,PUT DOWN,/kaggle/input/datasets/ldthanh/epic-kitchens-100-p1/P22/videos/P22_05.MP4
P22_05_98,P22,P22_05,00:04:07.439,00:04:05.54,00:04:06.80,14732,14808,grab pitcher,grab,0,pitcher,66,['pitcher'],[66],official_train,PICKS UP,/kaggle/input/datasets/ldthanh/epic-kitchens-100-p1/P22/videos/P22_05.MP4
P22_05_99,P22,P22_05,00:04:13.180,00:04:06.87,00:04:12.69,14812,15161,rinse pitcher,rinse,2,pitcher,66,['pitcher'],[66],official_train,WASHING,/kaggle/input/datasets/ldthanh/epic-kitchens-100-p1/P22/videos/P22_05.MP4
P22_06_0,P22,P22_06,00:00:05.359,00:00:03.10,00:00:03.90,186,234,take paper,take,0,paper,49,['paper'],[49],official_train,PICKS UP,/kaggle/input/datasets/ldthanh/epic-kitchens-100-p1/P22/videos/P22_06.MP4
P22_06_1,P22,P22_06,00:00:06.359,00:00:04.34,00:00:05.50,260,330,take dish,take,0,dish,2,['dish'],[2],official_train,PICKS UP,/kaggle/input/datasets/ldthanh/epic-kitchens-100-p1/P22/videos/P22_06.MP4
P22_06_10,P22,P22_06,00:00:23.809,00:00:22.13,00:00:22.82,1327,1369,take dish,take,0,dish,2,['dish'],[2],official_train,PICKS UP,/kaggle/input/datasets/ldthanh/epic-kitchens-100-p1/P22/videos/P22_06.MP4
P22_06_100,P22,P22_06,00:03:48.940,00:03:46.60,00:03:48.91,13596,13734,rinse plate,rinse,2,plate,2,['plate'],[2],official_train,WASHING,/kaggle/input/datasets/ldthanh/epic-kitchens-100-p1/P22/videos/P22_06.MP4
P22_06_101,P22,P22_06,00:03:51.519,00:03:48.72,00:03:49.71,13723,13782,rinse plate,rinse,2,plate,2,['plate'],[2],official_train,WASHING,/kaggle/input/datasets/ldthanh/epic-kitchens-100-p1/P22/videos/P22_06.MP4
P22_06_102,P22,P22_06,00:03:52.519,00:03:49.81,00:03:50.77,13788,13846,rinse hand,rinse,2,hand,11,['hand'],[11],official_train,WASHING,/kaggle/input/datasets/ldthanh/epic-kitchens-100-p1/P22/videos/P22_06.MP4
P22_06_103,P22,P22_06,00:03:53.519,00:03:50.87,00:03:53.78,13852,14026,rinse plate,rinse,2,plate,2,['plate'],[2],official_train,WASHING,/kaggle/input/datasets/ldthanh/epic-kitchens-100-p1/P22/videos/P22_06.MP4
P22_06_104,P22,P22_06,00:03:56.050,00:03:53.88,00:03:55.49,14032,14129,put down plate,put-down,1,plate,2,['plate'],[2],official_train,PUT DOWN,/kaggle/input/datasets/ldthanh/epic-kitchens-100-p1/P22/videos/P22_06.MP4
P22_06_105,P22,P22_06,00:03:59.549,00:03:57.09,00:03:59.35,14225,14361,pick up plate,pick-up,0,plate,2,['plate'],[2],official_train,PICKS UP,/kaggle/input/datasets/ldthanh/epic-kitchens-100-p1/P22/videos/P22_06.MP4
P22_06_106,P22,P22_06,00:04:01.799,00:03:59.88,00:04:02.76,14392,14565,lather plate,lather,2,plate,2,['plate'],[2],official_train,WASHING,/kaggle/input/datasets/ldthanh/epic-kitchens-100-p1/P22/videos/P22_06.MP4
P22_06_107,P22,P22_06,00:04:05.900,00:04:03.45,00:04:05.75,14607,14745,lather plate,lather,2,plate,2,['plate'],[2],official_train,WASHING,/kaggle/input/datasets/ldthanh/epic-kitchens-100-p1/P22/videos/P22_06.MP4
P22_06_108,P22,P22_06,00:04:07.650,00:04:05.64,00:04:07.20,14738,14832,pick up plate,pick-up,0,plate,2,['plate'],[2],official_train,PICKS UP,/kaggle/input/datasets/ldthanh/epic-kitchens-100-p1/P22/videos/P22_06.MP4
P22_06_109,P22,P22_06,00:04:08.650,00:04:06.03,00:04:07.62,14761,14857,put down plate,put-down,1,plate,2,['plate'],[2],official_train,PUT DOWN,/kaggle/input/datasets/ldthanh/epic-kitchens-100-p1/P22/videos/P22_06.MP4
P22_06_11,P22,P22_06,00:00:24.809,00:00:24.36,00:00:26.01,1461,1560,put dishes,put,1,dish,2,['dish'],[2],official_train,PUT DOWN,/kaggle/input/datasets/ldthanh/epic-kitchens-100-p1/P22/videos/P22_06.MP4
P22_06_110,P22,P22_06,00:04:09.780,00:04:08.00,00:04:11.34,14880,15080,lather plate,lather,2,plate,2,['plate'],[2],official_train,WASHING,/kaggle/input/datasets/ldthanh/epic-kitchens-100-p1/P22/videos/P22_06.MP4
P22_06_111,P22,P22_06,00:04:13.420,00:04:10.86,00:04:12.25,15051,15135,lather plate,lather,2,plate,2,['plate'],[2],official_train,WASHING,/kaggle/input/datasets/ldthanh/epic-kitchens-100-p1/P22/videos/P22_06.MP4
P22_06_113,P22,P22_06,00:04:15.920,00:04:12.92,00:04:16.43,15175,15385,rinse plate,rinse,2,plate,2,['plate'],[2],official_train,WASHING,/kaggle/input/datasets/ldthanh/epic-kitchens-100-p1/P22/videos/P22_06.MP4
P22_06_114,P22,P22_06,00:04:18.909,00:04:16.62,00:04:17.47,15397,15448,rinse sponge,rinse,2,sponge,9,['sponge'],[9],official_train,WASHING,/kaggle/input/datasets/ldthanh/epic-kitchens-100-p1/P22/videos/P22_06.MP4
P22_06_115,P22,P22_06,00:04:26.869,00:04:16.98,00:04:17.61,15418,15456,put down sponge,put-down,1,sponge,9,['sponge'],[9],official_train,PUT DOWN,/kaggle/input/datasets/ldthanh/epic-kitchens-100-p1/P22/videos/P22_06.MP4
P22_06_117,P22,P22_06,00:04:22.330,00:04:20.25,00:04:21.09,15615,15665,rinse sponge,rinse,2,sponge,9,['sponge'],[9],official_train,WASHING,/kaggle/input/datasets/ldthanh/epic-kitchens-100-p1/P22/videos/P22_06.MP4
P22_06_119,P22,P22_06,00:04:25.680,00:04:22.61,00:04:25.41,15756,15924,lather plate,lather,2,plate,2,['plate'],[2],official_train,WASHING,/kaggle/input/datasets/ldthanh/epic-kitchens-100-p1/P22/videos/P22_06.MP4
P22_06_12,P22,P22_06,00:00:28.579,00:00:26.18,00:00:28.32,1570,1699,open drawer,open,3,drawer,8,['drawer'],[8],official_train,OPENS,/kaggle/input/datasets/ldthanh/epic-kitchens-100-p1/P22/videos/P22_06.MP4
P22_06_120,P22,P22_06,00:04:29.259,00:04:24.15,00:04:29.65,15848,16178,rinse plate,rinse,2,plate,2,['plate'],[2],official_train,WASHING,/kaggle/input/datasets/ldthanh/epic-kitchens-100-p1/P22/videos/P22_06.MP4
P22_06_121,P22,P22_06,00:04:31.509,00:04:30.19,00:04:31.66,16211,16299,rinse plate,rinse,2,plate,2,['plate'],[2],official_train,WASHING,/kaggle/input/datasets/ldthanh/epic-kitchens-100-p1/P22/videos/P22_06.MP4
P22_06_122,P22,P22_06,00:04:35.180,00:04:32.54,00:04:34.30,16352,16458,rinse plate,rinse,2,plate,2,['plate'],[2],official_train,WASHING,/kaggle/input/datasets/ldthanh/epic-kitchens-100-p1/P22/videos/P22_06.MP4
P22_06_123,P22,P22_06,00:04:36.180,00:04:34.52,00:04:35.77,16471,16546,put down plate,put-down,1,plate,2,['plate'],[2],official_train,PUT DOWN,/kaggle/input/datasets/ldthanh/epic-kitchens-100-p1/P22/videos/P22_06.MP4
P22_06_124,P22,P22_06,00:04:39.119,00:04:35.14,00:04:43.25,16508,16995,rinse cup,rinse,2,cup,13,['cup'],[13],official_train,WASHING,/kaggle/input/datasets/ldthanh/epic-kitchens-100-p1/P22/videos/P22_06.MP4
P22_06_125,P22,P22_06,00:04:45.369,00:04:43.30,00:04:44.31,16998,17058,put down cup,put-down,1,cup,13,['cup'],[13],official_train,PUT DOWN,/kaggle/input/datasets/ldthanh/epic-kitchens-100-p1/P22/videos/P22_06.MP4
P22_06_126,P22,P22_06,00:04:50.819,00:04:45.07,00:04:51.57,17104,17494,rinse cup,rinse,2,cup,13,['cup'],[13],official_train,WASHING,/kaggle/input/datasets/ldthanh/epic-kitchens-100-p1/P22/videos/P22_06.MP4
P22_06_127,P22,P22_06,00:04:56.159,00:04:46.00,00:04:56.72,17160,17803,rinse glass,rinse,2,glass,10,['glass'],[10],official_train,WASHING,/kaggle/input/datasets/ldthanh/epic-kitchens-100-p1/P22/videos/P22_06.MP4
P22_06_128,P22,P22_06,00:04:54.270,00:04:51.41,00:04:52.93,17484,17575,put down cup,put-down,1,cup,13,['cup'],[13],official_train,PUT DOWN,/kaggle/input/datasets/ldthanh/epic-kitchens-100-p1/P22/videos/P22_06.MP4
P22_06_129,P22,P22_06,00:04:47.379,00:04:53.96,00:04:57.07,17637,17824,rinse cup,rinse,2,cup,13,['cup'],[13],official_train,WASHING,/kaggle/input/datasets/ldthanh/epic-kitchens-100-p1/P22/videos/P22_06.MP4
P22_06_13,P22,P22_06,00:00:31.590,00:00:29.58,00:00:31.23,1774,1873,take fork,take,0,fork,14,['fork'],[14],official_train,PICKS UP,/kaggle/input/datasets/ldthanh/epic-kitchens-100-p1/P22/videos/P22_06.MP4
P22_06_130,P22,P22_06,00:04:58.779,00:04:56.82,00:04:57.74,17809,17864,put down glass,put-down,1,glass,10,['glass'],[10],official_train,PUT DOWN,/kaggle/input/datasets/ldthanh/epic-kitchens-100-p1/P22/videos/P22_06.MP4
P22_06_131,P22,P22_06,00:05:00.809,00:04:57.71,00:05:02.47,17862,18148,rinse silverware,rinse,2,silverware,58,['silverware'],[58],official_train,WASHING,/kaggle/input/datasets/ldthanh/epic-kitchens-100-p1/P22/videos/P22_06.MP4
P22_06_132,P22,P22_06,00:05:04.469,00:05:02.57,00:05:03.67,18154,18220,put down silverware,put-down,1,silverware,58,['silverware'],[58],official_train,PUT DOWN,/kaggle/input/datasets/ldthanh/epic-kitchens-100-p1/P22/videos/P22_06.MP4
P22_06_133,P22,P22_06,00:05:05.469,00:05:03.57,00:05:04.42,18214,18265,pick up plate,pick-up,0,plate,2,['plate'],[2],official_train,PICKS UP,/kaggle/input/datasets/ldthanh/epic-kitchens-100-p1/P22/videos/P22_06.MP4
P22_06_134,P22,P22_06,00:05:06.930,00:05:04.50,00:05:08.00,18270,18480,rinse plate,rinse,2,plate,2,['plate'],[2],official_train,WASHING,/kaggle/input/datasets/ldthanh/epic-kitchens-100-p1/P22/videos/P22_06.MP4
P22_06_135,P22,P22_06,00:05:09.580,00:05:07.94,00:05:09.44,18476,18566,put down plate,put-down,1,plate,2,['plate'],[2],official_train,PUT DOWN,/kaggle/input/datasets/ldthanh/epic-kitchens-100-p1/P22/videos/P22_06.MP4
P22_06_137,P22,P22_06,00:05:12.059,00:05:09.45,00:05:10.70,18567,18642,pick up carafe,pick-up,0,carafe,66,['carafe'],[66],official_train,PICKS UP,/kaggle/input/datasets/ldthanh/epic-kitchens-100-p1/P22/videos/P22_06.MP4
P22_06_139,P22,P22_06,00:05:17.389,00:05:11.40,00:05:13.40,18684,18804,open trash can,open,3,can:trash,36,['can:trash'],[36],official_train,OPENS,/kaggle/input/datasets/ldthanh/epic-kitchens-100-p1/P22/videos/P22_06.MP4
P22_06_143,P22,P22_06,00:05:34.649,00:05:32.59,00:05:37.20,19955,20232,rinse filter,rinse,2,filter,77,['filter'],[77],official_train,WASHING,/kaggle/input/datasets/ldthanh/epic-kitchens-100-p1/P22/videos/P22_06.MP4
P22_06_144,P22,P22_06,00:05:39.360,00:05:36.95,00:05:38.07,20217,20284,pick up sponge,pick-up,0,sponge,9,['sponge'],[9],official_train,PICKS UP,/kaggle/input/datasets/ldthanh/epic-kitchens-100-p1/P22/videos/P22_06.MP4
P22_06_145,P22,P22_06,00:05:40.729,00:05:38.10,00:05:43.37,20286,20602,lather filter,lather,2,filter,77,['filter'],[77],official_train,WASHING,/kaggle/input/datasets/ldthanh/epic-kitchens-100-p1/P22/videos/P22_06.MP4
P22_06_146,P22,P22_06,00:05:45.629,00:05:43.97,00:05:47.81,20638,20868,rinse filter,rinse,2,filter,77,['filter'],[77],official_train,WASHING,/kaggle/input/datasets/ldthanh/epic-kitchens-100-p1/P22/videos/P22_06.MP4
P22_06_147,P22,P22_06,00:05:50.819,00:05:47.91,00:05:51.78,20874,21106,rinse filter,rinse,2,filter,77,['filter'],[77],official_train,WASHING,/kaggle/input/datasets/ldthanh/epic-kitchens-100-p1/P22/videos/P22_06.MP4
P22_06_148,P22,P22_06,00:05:55.889,00:05:54.20,00:05:54.70,21252,21282,put down filter,put-down,1,filter,77,['filter'],[77],official_train,PUT DOWN,/kaggle/input/datasets/ldthanh/epic-kitchens-100-p1/P22/videos/P22_06.MP4
P22_06_149,P22,P22_06,00:05:56.889,00:05:54.90,00:05:55.80,21294,21348,pick up carafe,pick-up,0,carafe,66,['carafe'],[66],official_train,PICKS UP,/kaggle/input/datasets/ldthanh/epic-kitchens-100-p1/P22/videos/P22_06.MP4
P22_06_15,P22,P22_06,00:00:33.860,00:00:31.62,00:00:32.49,1897,1949,take bowl,take,0,bowl,7,['bowl'],[7],official_train,PICKS UP,/kaggle/input/datasets/ldthanh/epic-kitchens-100-p1/P22/videos/P22_06.MP4
P22_06_150,P22,P22_06,00:05:57.990,00:05:55.32,00:05:56.26,21319,21375,open carafe,open,3,carafe,66,['carafe'],[66],official_train,OPENS,/kaggle/input/datasets/ldthanh/epic-kitchens-100-p1/P22/videos/P22_06.MP4
P22_06_151,P22,P22_06,00:05:58.990,00:05:56.32,00:05:57.70,21379,21462,rinse carafe,rinse,2,carafe,66,['carafe'],[66],official_train,WASHING,/kaggle/input/datasets/ldthanh/epic-kitchens-100-p1/P22/videos/P22_06.MP4
P22_06_153,P22,P22_06,00:06:07.229,00:05:58.63,00:06:06.08,21517,21964,lather carafe,lather,2,carafe,66,['carafe'],[66],official_train,WASHING,/kaggle/input/datasets/ldthanh/epic-kitchens-100-p1/P22/videos/P22_06.MP4
P22_06_154,P22,P22_06,00:06:02.759,00:06:04.62,00:06:10.05,21877,22203,lather carafe,lather,2,carafe,66,['carafe'],[66],official_train,WASHING,/kaggle/input/datasets/ldthanh/epic-kitchens-100-p1/P22/videos/P22_06.MP4
P22_06_156,P22,P22_06,00:06:13.659,00:06:11.50,00:06:12.87,22290,22372,rinse hands,rinse,2,hand,11,['hand'],[11],official_train,WASHING,/kaggle/input/datasets/ldthanh/epic-kitchens-100-p1/P22/videos/P22_06.MP4
P22_06_157,P22,P22_06,00:06:15.469,00:06:13.31,00:06:17.01,22398,22620,rinse jug,rinse,2,jug,66,['jug'],[66],official_train,WASHING,/kaggle/input/datasets/ldthanh/epic-kitchens-100-p1/P22/videos/P22_06.MP4
P22_06_158,P22,P22_06,00:06:28.259,00:06:17.53,00:06:28.31,22651,23298,rinse jug,rinse,2,jug,66,['jug'],[66],official_train,WASHING,/kaggle/input/datasets/ldthanh/epic-kitchens-100-p1/P22/videos/P22_06.MP4
P22_06_159,P22,P22_06,00:06:19.439,00:06:18.00,00:06:27.64,22680,23258,rinse jug,rinse,2,jug,66,['jug'],[66],official_train,WASHING,/kaggle/input/datasets/ldthanh/epic-kitchens-100-p1/P22/videos/P22_06.MP4
P22_06_16,P22,P22_06,00:00:35.280,00:00:32.59,00:00:34.20,1955,2052,take peach,take,0,peach,74,['peach'],[74],official_train,PICKS UP,/kaggle/input/datasets/ldthanh/epic-kitchens-100-p1/P22/videos/P22_06.MP4
P22_06_161,P22,P22_06,00:06:32.289,00:06:28.52,00:06:31.44,23311,23486,rinse jug,rinse,2,jug,66,['jug'],[66],official_train,WASHING,/kaggle/input/datasets/ldthanh/epic-kitchens-100-p1/P22/videos/P22_06.MP4
P22_06_163,P22,P22_06,00:06:34.539,00:06:32.43,00:06:34.52,23545,23671,put down jug,put-down,1,jug,66,['jug'],[66],official_train,PUT DOWN,/kaggle/input/datasets/ldthanh/epic-kitchens-100-p1/P22/videos/P22_06.MP4
P22_06_165,P22,P22_06,00:06:37.610,00:06:35.56,00:06:36.36,23733,23781,rinse hands,rinse,2,hand,11,['hand'],[11],official_train,WASHING,/kaggle/input/datasets/ldthanh/epic-kitchens-100-p1/P22/videos/P22_06.MP4
P22_06_168,P22,P22_06,00:06:44.259,00:06:42.15,00:06:43.77,24129,24226,put down cloth,put-down,1,cloth,17,['cloth'],[17],official_train,PUT DOWN,/kaggle/input/datasets/ldthanh/epic-kitchens-100-p1/P22/videos/P22_06.MP4
P22_06_169,P22,P22_06,00:06:46.749,00:06:44.58,00:06:45.42,24274,24325,take container,take,0,container,21,['container'],[21],official_train,PICKS UP,/kaggle/input/datasets/ldthanh/epic-kitchens-100-p1/P22/videos/P22_06.MP4
P22_06_17,P22,P22_06,00:00:36.280,00:00:33.80,00:00:35.48,2027,2128,put peach,put,1,peach,74,['peach'],[74],official_train,PUT DOWN,/kaggle/input/datasets/ldthanh/epic-kitchens-100-p1/P22/videos/P22_06.MP4
P22_06_170,P22,P22_06,00:06:48.419,00:06:46.26,00:06:47.55,24375,24453,open cupboard,open,3,cupboard,3,['cupboard'],[3],official_train,OPENS,/kaggle/input/datasets/ldthanh/epic-kitchens-100-p1/P22/videos/P22_06.MP4
P22_06_172,P22,P22_06,00:06:51.020,00:06:48.99,00:06:49.58,24539,24574,put down container,put-down,1,container,21,['container'],[21],official_train,PUT DOWN,/kaggle/input/datasets/ldthanh/epic-kitchens-100-p1/P22/videos/P22_06.MP4
P22_06_174,P22,P22_06,00:06:53.050,00:06:51.20,00:06:53.49,24672,24809,take cloth,take,0,cloth,17,['cloth'],[17],official_train,PICKS UP,/kaggle/input/datasets/ldthanh/epic-kitchens-100-p1/P22/videos/P22_06.MP4
P22_06_175,P22,P22_06,00:06:56.080,00:06:54.03,00:06:55.21,24841,24912,put down place mats,put-down,1,mat:place,84,['mat:place'],[84],official_train,PUT DOWN,/kaggle/input/datasets/ldthanh/epic-kitchens-100-p1/P22/videos/P22_06.MP4
P22_06_178,P22,P22_06,00:07:01.539,00:06:59.93,00:07:01.10,25195,25266,open drawer,open,3,drawer,8,['drawer'],[8],official_train,OPENS,/kaggle/input/datasets/ldthanh/epic-kitchens-100-p1/P22/videos/P22_06.MP4
P22_06_18,P22,P22_06,00:00:39.410,00:00:35.39,00:00:38.22,2123,2293,take peach,take,0,peach,74,['peach'],[74],official_train,PICKS UP,/kaggle/input/datasets/ldthanh/epic-kitchens-100-p1/P22/videos/P22_06.MP4
P22_06_180,P22,P22_06,00:07:04.069,00:07:02.10,00:07:03.03,25326,25381,open drawer,open,3,drawer,8,['drawer'],[8],official_train,OPENS,/kaggle/input/datasets/ldthanh/epic-kitchens-100-p1/P22/videos/P22_06.MP4
P22_06_182,P22,P22_06,00:07:06.409,00:07:04.05,00:07:04.80,25443,25488,pick up place mat,pick-up,0,mat:place,84,['mat:place'],[84],official_train,PICKS UP,/kaggle/input/datasets/ldthanh/epic-kitchens-100-p1/P22/videos/P22_06.MP4
P22_06_187,P22,P22_06,00:07:15.539,00:07:12.55,00:07:13.80,25953,26028,pick up cloth,pick-up,0,cloth,17,['cloth'],[17],official_train,PICKS UP,/kaggle/input/datasets/ldthanh/epic-kitchens-100-p1/P22/videos/P22_06.MP4
P22_06_188,P22,P22_06,00:07:18.990,00:07:13.90,00:07:22.15,26034,26529,clean stove top,clean,2,top:stove,24,['top:stove'],[24],official_train,WASHING,/kaggle/input/datasets/ldthanh/epic-kitchens-100-p1/P22/videos/P22_06.MP4
P22_06_19,P22,P22_06,00:00:40.410,00:00:38.20,00:00:39.15,2292,2349,put peach,put,1,peach,74,['peach'],[74],official_train,PUT DOWN,/kaggle/input/datasets/ldthanh/epic-kitchens-100-p1/P22/videos/P22_06.MP4
P22_06_2,P22,P22_06,00:00:07.569,00:00:06.04,00:00:07.16,362,429,put dish,put,1,dish,2,['dish'],[2],official_train,PUT DOWN,/kaggle/input/datasets/ldthanh/epic-kitchens-100-p1/P22/videos/P22_06.MP4
P22_06_20,P22,P22_06,00:00:42.620,00:00:38.76,00:00:41.29,2325,2477,take peach,take,0,peach,74,['peach'],[74],official_train,PICKS UP,/kaggle/input/datasets/ldthanh/epic-kitchens-100-p1/P22/videos/P22_06.MP4
P22_06_21,P22,P22_06,00:00:43.620,00:00:40.89,00:00:43.36,2453,2601,put peach,put,1,peach,74,['peach'],[74],official_train,PUT DOWN,/kaggle/input/datasets/ldthanh/epic-kitchens-100-p1/P22/videos/P22_06.MP4
P22_06_22,P22,P22_06,00:00:45.720,00:00:41.99,00:00:44.62,2519,2677,take peach,take,0,peach,74,['peach'],[74],official_train,PICKS UP,/kaggle/input/datasets/ldthanh/epic-kitchens-100-p1/P22/videos/P22_06.MP4
P22_06_23,P22,P22_06,00:00:47.860,00:00:45.82,00:00:46.87,2749,2812,put peach,put,1,peach,74,['peach'],[74],official_train,PUT DOWN,/kaggle/input/datasets/ldthanh/epic-kitchens-100-p1/P22/videos/P22_06.MP4
P22_06_24,P22,P22_06,00:00:48.900,00:00:46.68,00:00:49.12,2800,2947,take peach,take,0,peach,74,['peach'],[74],official_train,PICKS UP,/kaggle/input/datasets/ldthanh/epic-kitchens-100-p1/P22/videos/P22_06.MP4
P22_06_25,P22,P22_06,00:00:50.750,00:00:49.00,00:00:50.07,2940,3004,put peach,put,1,peach,74,['peach'],[74],official_train,PUT DOWN,/kaggle/input/datasets/ldthanh/epic-kitchens-100-p1/P22/videos/P22_06.MP4
P22_06_26,P22,P22_06,00:00:51.750,00:00:50.09,00:00:51.17,3005,3070,put fork,put,1,fork,14,['fork'],[14],official_train,PUT DOWN,/kaggle/input/datasets/ldthanh/epic-kitchens-100-p1/P22/videos/P22_06.MP4
P22_06_27,P22,P22_06,00:00:54.870,00:00:50.95,00:00:52.44,3057,3146,put jar,put,1,jar,40,['jar'],[40],official_train,PUT DOWN,/kaggle/input/datasets/ldthanh/epic-kitchens-100-p1/P22/videos/P22_06.MP4
P22_06_28,P22,P22_06,00:01:00.470,00:00:52.21,00:01:00.05,3132,3603,take paper,take,0,paper,49,['paper'],[49],official_train,PICKS UP,/kaggle/input/datasets/ldthanh/epic-kitchens-100-p1/P22/videos/P22_06.MP4
P22_06_29,P22,P22_06,00:01:02.450,00:00:54.25,00:00:59.81,3255,3588,take film,take,0,film,100,['film'],[100],official_train,PICKS UP,/kaggle/input/datasets/ldthanh/epic-kitchens-100-p1/P22/videos/P22_06.MP4
P22_06_30,P22,P22_06,00:00:57.510,00:00:59.32,00:01:11.97,3559,4318,take paper,take,0,paper,49,['paper'],[49],official_train,PICKS UP,/kaggle/input/datasets/ldthanh/epic-kitchens-100-p1/P22/videos/P22_06.MP4
P22_06_31,P22,P22_06,00:01:03.450,00:01:02.81,00:01:06.44,3768,3986,put,put,1,paper,49,['paper'],[49],official_train,PUT DOWN,/kaggle/input/datasets/ldthanh/epic-kitchens-100-p1/P22/videos/P22_06.MP4
P22_06_33,P22,P22_06,00:01:15.250,00:01:13.16,00:01:14.26,4389,4455,put down plastic wrap,put-down,1,wrap:plastic,100,['wrap:plastic'],[100],official_train,PUT DOWN,/kaggle/input/datasets/ldthanh/epic-kitchens-100-p1/P22/videos/P22_06.MP4
P22_06_35,P22,P22_06,00:01:25.360,00:01:23.32,00:01:24.30,4999,5058,open refrigerator,open,3,refrigerator,12,['refrigerator'],[12],official_train,OPENS,/kaggle/input/datasets/ldthanh/epic-kitchens-100-p1/P22/videos/P22_06.MP4
P22_06_37,P22,P22_06,00:01:29.310,00:01:27.38,00:01:28.23,5242,5293,take plastic wrap,take,0,wrap:plastic,100,['wrap:plastic'],[100],official_train,PICKS UP,/kaggle/input/datasets/ldthanh/epic-kitchens-100-p1/P22/videos/P22_06.MP4
P22_06_38,P22,P22_06,00:01:33.260,00:01:29.72,00:01:36.79,5383,5807,put down plastic wrap,put-down,1,wrap:plastic,100,['wrap:plastic'],[100],official_train,PUT DOWN,/kaggle/input/datasets/ldthanh/epic-kitchens-100-p1/P22/videos/P22_06.MP4
P22_06_4,P22,P22_06,00:00:14.059,00:00:11.67,00:00:12.66,700,759,put paper,put,1,paper,49,['paper'],[49],official_train,PUT DOWN,/kaggle/input/datasets/ldthanh/epic-kitchens-100-p1/P22/videos/P22_06.MP4
P22_06_40,P22,P22_06,00:01:43.900,00:01:41.35,00:01:43.00,6081,6180,take dish,take,0,dish,2,['dish'],[2],official_train,PICKS UP,/kaggle/input/datasets/ldthanh/epic-kitchens-100-p1/P22/videos/P22_06.MP4
P22_06_41,P22,P22_06,00:01:47.250,00:01:44.64,00:01:46.22,6278,6373,take flatware,take,0,flatware,2,['flatware'],[2],official_train,PICKS UP,/kaggle/input/datasets/ldthanh/epic-kitchens-100-p1/P22/videos/P22_06.MP4
P22_06_42,P22,P22_06,00:01:48.250,00:01:45.05,00:01:46.46,6303,6387,put down dish,put-down,1,dish,2,['dish'],[2],official_train,PUT DOWN,/kaggle/input/datasets/ldthanh/epic-kitchens-100-p1/P22/videos/P22_06.MP4
P22_06_43,P22,P22_06,00:01:49.250,00:01:46.49,00:01:47.99,6389,6479,put down flatware,put-down,1,flatware,2,['flatware'],[2],official_train,PUT DOWN,/kaggle/input/datasets/ldthanh/epic-kitchens-100-p1/P22/videos/P22_06.MP4
P22_06_44,P22,P22_06,00:01:50.250,00:01:47.14,00:01:47.87,6428,6472,take flatware,take,0,flatware,2,['flatware'],[2],official_train,PICKS UP,/kaggle/input/datasets/ldthanh/epic-kitchens-100-p1/P22/videos/P22_06.MP4
P22_06_46,P22,P22_06,00:01:52.290,00:01:50.47,00:01:51.19,6628,6671,put down flatware,put-down,1,flatware,2,['flatware'],[2],official_train,PUT DOWN,/kaggle/input/datasets/ldthanh/epic-kitchens-100-p1/P22/videos/P22_06.MP4
P22_06_47,P22,P22_06,00:01:55.840,00:01:53.14,00:01:55.54,6788,6932,pick up cups,pick-up,0,cup,13,['cup'],[13],official_train,PICKS UP,/kaggle/input/datasets/ldthanh/epic-kitchens-100-p1/P22/videos/P22_06.MP4
P22_06_48,P22,P22_06,00:02:02.380,00:01:54.87,00:01:56.01,6892,6960,pick up bottle and glass,pick-up,0,bottle,15,"['bottle', 'glass']","[15, 10]",official_train,PICKS UP,/kaggle/input/datasets/ldthanh/epic-kitchens-100-p1/P22/videos/P22_06.MP4
P22_06_49,P22,P22_06,00:01:58.450,00:01:56.57,00:01:57.72,6994,7063,put down cups,put-down,1,cup,13,['cup'],[13],official_train,PUT DOWN,/kaggle/input/datasets/ldthanh/epic-kitchens-100-p1/P22/videos/P22_06.MP4
P22_06_5,P22,P22_06,00:00:16.980,00:00:13.96,00:00:14.71,837,882,take bowl,take,0,bowl,7,['bowl'],[7],official_train,PICKS UP,/kaggle/input/datasets/ldthanh/epic-kitchens-100-p1/P22/videos/P22_06.MP4
P22_06_50,P22,P22_06,00:02:05.740,00:02:02.08,00:02:04.83,7324,7489,put down bottle,put-down,1,bottle,15,['bottle'],[15],official_train,PUT DOWN,/kaggle/input/datasets/ldthanh/epic-kitchens-100-p1/P22/videos/P22_06.MP4
P22_06_51,P22,P22_06,00:02:07.850,00:02:05.82,00:02:06.74,7549,7604,put down glass,put-down,1,glass,10,['glass'],[10],official_train,PUT DOWN,/kaggle/input/datasets/ldthanh/epic-kitchens-100-p1/P22/videos/P22_06.MP4
P22_06_52,P22,P22_06,00:02:10.289,00:02:07.88,00:02:08.87,7672,7732,open coffee maker,open,3,maker:coffee,50,['maker:coffee'],[50],official_train,OPENS,/kaggle/input/datasets/ldthanh/epic-kitchens-100-p1/P22/videos/P22_06.MP4
P22_06_55,P22,P22_06,00:02:19.580,00:02:17.30,00:02:18.55,8238,8313,put down carafe,put-down,1,carafe,66,['carafe'],[66],official_train,PUT DOWN,/kaggle/input/datasets/ldthanh/epic-kitchens-100-p1/P22/videos/P22_06.MP4
P22_06_56,P22,P22_06,00:02:22.340,00:02:19.95,00:02:20.78,8397,8446,pick up glass,pick-up,0,glass,10,['glass'],[10],official_train,PICKS UP,/kaggle/input/datasets/ldthanh/epic-kitchens-100-p1/P22/videos/P22_06.MP4
P22_06_57,P22,P22_06,00:02:28.180,00:02:20.56,00:02:21.64,8433,8498,open cabinet,open,3,cabinet,3,['cabinet'],[3],official_train,OPENS,/kaggle/input/datasets/ldthanh/epic-kitchens-100-p1/P22/videos/P22_06.MP4
P22_06_58,P22,P22_06,00:02:23.380,00:02:21.32,00:02:22.43,8479,8545,put down glass,put-down,1,glass,10,['glass'],[10],official_train,PUT DOWN,/kaggle/input/datasets/ldthanh/epic-kitchens-100-p1/P22/videos/P22_06.MP4
P22_06_59,P22,P22_06,00:02:29.340,00:02:22.06,00:02:22.71,8523,8562,put down bowl,put-down,1,bowl,7,['bowl'],[7],official_train,PUT DOWN,/kaggle/input/datasets/ldthanh/epic-kitchens-100-p1/P22/videos/P22_06.MP4
P22_06_60,P22,P22_06,00:02:24.930,00:02:23.50,00:02:24.37,8610,8662,pick up bowl,pick-up,0,bowl,7,['bowl'],[7],official_train,PICKS UP,/kaggle/input/datasets/ldthanh/epic-kitchens-100-p1/P22/videos/P22_06.MP4
P22_06_61,P22,P22_06,00:02:30.819,00:02:30.24,00:02:30.93,9014,9055,pick up potato peeler,pick-up,0,peeler:potato,87,['peeler:potato'],[87],official_train,PICKS UP,/kaggle/input/datasets/ldthanh/epic-kitchens-100-p1/P22/videos/P22_06.MP4
P22_06_63,P22,P22_06,00:02:35.010,00:02:32.37,00:02:33.61,9142,9216,open drawer,open,3,drawer,8,['drawer'],[8],official_train,OPENS,/kaggle/input/datasets/ldthanh/epic-kitchens-100-p1/P22/videos/P22_06.MP4
P22_06_64,P22,P22_06,00:02:36.120,00:02:33.68,00:02:34.20,9220,9252,put down potato peeler,put-down,1,peeler:potato,87,['peeler:potato'],[87],official_train,PUT DOWN,/kaggle/input/datasets/ldthanh/epic-kitchens-100-p1/P22/videos/P22_06.MP4
P22_06_65,P22,P22_06,00:02:38.950,00:02:36.63,00:02:37.72,9397,9463,pick up sponge,pick-up,0,sponge,9,['sponge'],[9],official_train,PICKS UP,/kaggle/input/datasets/ldthanh/epic-kitchens-100-p1/P22/videos/P22_06.MP4
P22_06_66,P22,P22_06,00:02:40.260,00:02:38.36,00:02:39.38,9501,9562,pick up cup,pick-up,0,cup,13,['cup'],[13],official_train,PICKS UP,/kaggle/input/datasets/ldthanh/epic-kitchens-100-p1/P22/videos/P22_06.MP4
P22_06_67,P22,P22_06,00:02:44.420,00:02:39.61,00:02:43.85,9576,9831,rinse cup,rinse,2,cup,13,['cup'],[13],official_train,WASHING,/kaggle/input/datasets/ldthanh/epic-kitchens-100-p1/P22/videos/P22_06.MP4
P22_06_68,P22,P22_06,00:02:47.810,00:02:39.86,00:02:43.92,9591,9835,rinse cup,rinse,2,cup,13,['cup'],[13],official_train,WASHING,/kaggle/input/datasets/ldthanh/epic-kitchens-100-p1/P22/videos/P22_06.MP4
P22_06_69,P22,P22_06,00:02:46.510,00:02:45.27,00:02:46.05,9916,9963,pick up cup,pick-up,0,cup,13,['cup'],[13],official_train,PICKS UP,/kaggle/input/datasets/ldthanh/epic-kitchens-100-p1/P22/videos/P22_06.MP4
P22_06_7,P22,P22_06,00:00:20.710,00:00:18.82,00:00:19.64,1129,1178,take fork,take,0,fork,14,['fork'],[14],official_train,PICKS UP,/kaggle/input/datasets/ldthanh/epic-kitchens-100-p1/P22/videos/P22_06.MP4
P22_06_70,P22,P22_06,00:02:50.379,00:02:47.63,00:02:49.25,10057,10155,pick up glass,pick-up,0,glass,10,['glass'],[10],official_train,PICKS UP,/kaggle/input/datasets/ldthanh/epic-kitchens-100-p1/P22/videos/P22_06.MP4
P22_06_71,P22,P22_06,00:02:51.379,00:02:48.76,00:02:50.63,10125,10237,rinse glass,rinse,2,glass,10,['glass'],[10],official_train,WASHING,/kaggle/input/datasets/ldthanh/epic-kitchens-100-p1/P22/videos/P22_06.MP4
P22_06_72,P22,P22_06,00:02:52.550,00:02:49.43,00:02:50.78,10165,10246,pick up sponge,pick-up,0,sponge,9,['sponge'],[9],official_train,PICKS UP,/kaggle/input/datasets/ldthanh/epic-kitchens-100-p1/P22/videos/P22_06.MP4
P22_06_75,P22,P22_06,00:02:59.319,00:02:56.65,00:02:59.84,10599,10790,lather glass,lather,2,glass,10,['glass'],[10],official_train,WASHING,/kaggle/input/datasets/ldthanh/epic-kitchens-100-p1/P22/videos/P22_06.MP4
P22_06_76,P22,P22_06,00:03:02.959,00:02:59.94,00:03:05.06,10796,11103,lather cup,lather,2,cup,13,['cup'],[13],official_train,WASHING,/kaggle/input/datasets/ldthanh/epic-kitchens-100-p1/P22/videos/P22_06.MP4
P22_06_77,P22,P22_06,00:03:07.489,00:03:05.16,00:03:09.57,11109,11374,lather cup,lather,2,cup,13,['cup'],[13],official_train,WASHING,/kaggle/input/datasets/ldthanh/epic-kitchens-100-p1/P22/videos/P22_06.MP4
P22_06_78,P22,P22_06,00:03:11.370,00:03:08.92,00:03:10.08,11335,11404,put down cup,put-down,1,cup,13,['cup'],[13],official_train,PUT DOWN,/kaggle/input/datasets/ldthanh/epic-kitchens-100-p1/P22/videos/P22_06.MP4
P22_06_79,P22,P22_06,00:03:12.700,00:03:10.39,00:03:11.07,11423,11464,pick up knife,pick-up,0,knife,4,['knife'],[4],official_train,PICKS UP,/kaggle/input/datasets/ldthanh/epic-kitchens-100-p1/P22/videos/P22_06.MP4
P22_06_8,P22,P22_06,00:00:21.809,00:00:19.54,00:00:20.29,1172,1217,take fork,take,0,fork,14,['fork'],[14],official_train,PICKS UP,/kaggle/input/datasets/ldthanh/epic-kitchens-100-p1/P22/videos/P22_06.MP4
P22_06_80,P22,P22_06,00:03:13.700,00:03:11.08,00:03:13.14,11464,11588,lather knife,lather,2,knife,4,['knife'],[4],official_train,WASHING,/kaggle/input/datasets/ldthanh/epic-kitchens-100-p1/P22/videos/P22_06.MP4
P22_06_81,P22,P22_06,00:03:16.620,00:03:11.68,00:03:14.54,11500,11672,lather knife,lather,2,knife,4,['knife'],[4],official_train,WASHING,/kaggle/input/datasets/ldthanh/epic-kitchens-100-p1/P22/videos/P22_06.MP4
P22_06_82,P22,P22_06,00:03:17.620,00:03:15.23,00:03:15.84,11713,11750,put down knife,put-down,1,knife,4,['knife'],[4],official_train,PUT DOWN,/kaggle/input/datasets/ldthanh/epic-kitchens-100-p1/P22/videos/P22_06.MP4
P22_06_83,P22,P22_06,00:03:18.620,00:03:15.79,00:03:17.08,11747,11824,pick up fork,pick-up,0,fork,14,['fork'],[14],official_train,PICKS UP,/kaggle/input/datasets/ldthanh/epic-kitchens-100-p1/P22/videos/P22_06.MP4
P22_06_84,P22,P22_06,00:03:19.620,00:03:17.06,00:03:20.03,11823,12001,lather fork,lather,2,fork,14,['fork'],[14],official_train,WASHING,/kaggle/input/datasets/ldthanh/epic-kitchens-100-p1/P22/videos/P22_06.MP4
P22_06_85,P22,P22_06,00:03:21.709,00:03:17.88,00:03:20.70,11872,12042,put down fork,put-down,1,fork,14,['fork'],[14],official_train,PUT DOWN,/kaggle/input/datasets/ldthanh/epic-kitchens-100-p1/P22/videos/P22_06.MP4
P22_06_86,P22,P22_06,00:03:26.850,00:03:19.71,00:03:21.05,11982,12063,put down fork,put-down,1,fork,14,['fork'],[14],official_train,PUT DOWN,/kaggle/input/datasets/ldthanh/epic-kitchens-100-p1/P22/videos/P22_06.MP4
P22_06_87,P22,P22_06,00:03:22.739,00:03:21.29,00:03:22.54,12077,12152,pick up forks,pick-up,0,fork,14,['fork'],[14],official_train,PICKS UP,/kaggle/input/datasets/ldthanh/epic-kitchens-100-p1/P22/videos/P22_06.MP4
P22_06_88,P22,P22_06,00:03:27.850,00:03:21.76,00:03:22.84,12105,12170,pick up fork,pick-up,0,fork,14,['fork'],[14],official_train,PICKS UP,/kaggle/input/datasets/ldthanh/epic-kitchens-100-p1/P22/videos/P22_06.MP4
P22_06_89,P22,P22_06,00:03:28.850,00:03:22.82,00:03:27.75,12169,12465,lather fork,lather,2,fork,14,['fork'],[14],official_train,WASHING,/kaggle/input/datasets/ldthanh/epic-kitchens-100-p1/P22/videos/P22_06.MP4
P22_06_9,P22,P22_06,00:00:22.809,00:00:20.43,00:00:22.51,1225,1350,take dish,take,0,dish,2,['dish'],[2],official_train,PICKS UP,/kaggle/input/datasets/ldthanh/epic-kitchens-100-p1/P22/videos/P22_06.MP4
P22_06_90,P22,P22_06,00:03:24.850,00:03:22.88,00:03:23.64,12172,12218,pick up forks,pick-up,0,fork,14,['fork'],[14],official_train,PICKS UP,/kaggle/input/datasets/ldthanh/epic-kitchens-100-p1/P22/videos/P22_06.MP4
P22_06_91,P22,P22_06,00:03:25.850,00:03:23.53,00:03:24.95,12211,12297,lather fork,lather,2,fork,14,['fork'],[14],official_train,WASHING,/kaggle/input/datasets/ldthanh/epic-kitchens-100-p1/P22/videos/P22_06.MP4
P22_06_92,P22,P22_06,00:03:30.489,00:03:27.85,00:03:29.67,12471,12580,pick up plate,pick-up,0,plate,2,['plate'],[2],official_train,PICKS UP,/kaggle/input/datasets/ldthanh/epic-kitchens-100-p1/P22/videos/P22_06.MP4
P22_06_93,P22,P22_06,00:03:31.489,00:03:29.23,00:03:35.26,12553,12915,lather plate,lather,2,plate,2,['plate'],[2],official_train,WASHING,/kaggle/input/datasets/ldthanh/epic-kitchens-100-p1/P22/videos/P22_06.MP4
P22_06_95,P22,P22_06,00:03:38.260,00:03:36.71,00:03:38.44,13002,13106,rinse sponge,rinse,2,sponge,9,['sponge'],[9],official_train,WASHING,/kaggle/input/datasets/ldthanh/epic-kitchens-100-p1/P22/videos/P22_06.MP4
P22_06_96,P22,P22_06,00:03:41.450,00:03:38.40,00:03:42.99,13104,13379,rinse plate,rinse,2,plate,2,['plate'],[2],official_train,WASHING,/kaggle/input/datasets/ldthanh/epic-kitchens-100-p1/P22/videos/P22_06.MP4
P22_06_97,P22,P22_06,00:03:47.319,00:03:42.89,00:03:46.36,13373,13581,lather plate,lather,2,plate,2,['plate'],[2],official_train,WASHING,/kaggle/input/datasets/ldthanh/epic-kitchens-100-p1/P22/videos/P22_06.MP4
P22_06_98,P22,P22_06,00:03:45.050,00:03:43.45,00:03:46.52,13407,13591,lather plate,lather,2,plate,2,['plate'],[2],official_train,WASHING,/kaggle/input/datasets/ldthanh/epic-kitchens-100-p1/P22/videos/P22_06.MP4
P22_06_99,P22,P22_06,00:03:46.190,00:03:46.21,00:03:53.84,13572,14030,rinse sponge,rinse,2,sponge,9,['sponge'],[9],official_train,WASHING,/kaggle/input/datasets/ldthanh/epic-kitchens-100-p1/P22/videos/P22_06.MP4
P22_07_0,P22,P22_07,00:00:06.549,00:00:03.69,00:00:05.91,221,354,put down clip,put-down,1,clip,129,['clip'],[129],official_train,PUT DOWN,/kaggle/input/datasets/ldthanh/epic-kitchens-100-p1/P22/videos/P22_07.MP4
P22_07_1,P22,P22_07,00:00:04.549,00:00:03.88,00:00:04.71,232,282,pick up clip,pick-up,0,clip,129,['clip'],[129],official_train,PICKS UP,/kaggle/input/datasets/ldthanh/epic-kitchens-100-p1/P22/videos/P22_07.MP4
P22_07_10,P22,P22_07,00:00:17.289,00:00:16.48,00:00:17.29,988,1037,pick up cloth,pick-up,0,cloth,17,['cloth'],[17],official_train,PICKS UP,/kaggle/input/datasets/ldthanh/epic-kitchens-100-p1/P22/videos/P22_07.MP4
P22_07_100,P22,P22_07,00:03:35.650,00:03:34.69,00:03:35.51,12881,12930,put down knife,put-down,1,knife,4,['knife'],[4],official_train,PUT DOWN,/kaggle/input/datasets/ldthanh/epic-kitchens-100-p1/P22/videos/P22_07.MP4
P22_07_101,P22,P22_07,00:03:36.810,00:03:35.47,00:03:36.29,12928,12977,pick up knife,pick-up,0,knife,4,['knife'],[4],official_train,PICKS UP,/kaggle/input/datasets/ldthanh/epic-kitchens-100-p1/P22/videos/P22_07.MP4
P22_07_103,P22,P22_07,00:03:42.860,00:03:42.27,00:03:43.32,13336,13399,place knife,place,1,knife,4,['knife'],[4],official_train,PUT DOWN,/kaggle/input/datasets/ldthanh/epic-kitchens-100-p1/P22/videos/P22_07.MP4
P22_07_104,P22,P22_07,00:03:43.970,00:03:43.42,00:03:44.42,13405,13465,open drawer,open,3,drawer,8,['drawer'],[8],official_train,OPENS,/kaggle/input/datasets/ldthanh/epic-kitchens-100-p1/P22/videos/P22_07.MP4
P22_07_107,P22,P22_07,00:03:53.220,00:03:50.54,00:03:53.51,13832,14010,open drawer,open,3,drawer,8,['drawer'],[8],official_train,OPENS,/kaggle/input/datasets/ldthanh/epic-kitchens-100-p1/P22/videos/P22_07.MP4
P22_07_11,P22,P22_07,00:00:18.400,00:00:18.13,00:00:18.78,1087,1126,open cabinet,open,3,cabinet,3,['cabinet'],[3],official_train,OPENS,/kaggle/input/datasets/ldthanh/epic-kitchens-100-p1/P22/videos/P22_07.MP4
P22_07_112,P22,P22_07,00:04:13.290,00:04:12.25,00:04:13.51,15135,15210,open drawer,open,3,drawer,8,['drawer'],[8],official_train,OPENS,/kaggle/input/datasets/ldthanh/epic-kitchens-100-p1/P22/videos/P22_07.MP4
P22_07_113,P22,P22_07,00:04:18.370,00:04:17.10,00:04:18.85,15426,15531,pick up box,pick-up,0,box,23,['box'],[23],official_train,PICKS UP,/kaggle/input/datasets/ldthanh/epic-kitchens-100-p1/P22/videos/P22_07.MP4
P22_07_115,P22,P22_07,00:04:23.180,00:04:23.16,00:04:30.63,15789,16237,open box,open,3,box,23,['box'],[23],official_train,OPENS,/kaggle/input/datasets/ldthanh/epic-kitchens-100-p1/P22/videos/P22_07.MP4
P22_07_116,P22,P22_07,00:04:31.240,00:04:26.69,00:04:31.14,16001,16268,open box,open,3,box,23,['box'],[23],official_train,OPENS,/kaggle/input/datasets/ldthanh/epic-kitchens-100-p1/P22/videos/P22_07.MP4
P22_07_117,P22,P22_07,00:04:32.409,00:04:30.54,00:04:32.72,16232,16363,pick up mincing knife,pick-up,0,knife:mincing,4,['knife:mincing'],[4],official_train,PICKS UP,/kaggle/input/datasets/ldthanh/epic-kitchens-100-p1/P22/videos/P22_07.MP4
P22_07_119,P22,P22_07,00:04:37.740,00:04:35.49,00:04:38.49,16529,16709,rinse mincing knife,rinse,2,knife:mincing,4,['knife:mincing'],[4],official_train,WASHING,/kaggle/input/datasets/ldthanh/epic-kitchens-100-p1/P22/videos/P22_07.MP4
P22_07_12,P22,P22_07,00:00:21.009,00:00:19.50,00:00:21.85,1170,1311,pick up carafe,pick-up,0,carafe,66,['carafe'],[66],official_train,PICKS UP,/kaggle/input/datasets/ldthanh/epic-kitchens-100-p1/P22/videos/P22_07.MP4
P22_07_120,P22,P22_07,00:04:43.590,00:04:40.07,00:04:42.91,16804,16974,put down mincing knife,put-down,1,knife:mincing,4,['knife:mincing'],[4],official_train,PUT DOWN,/kaggle/input/datasets/ldthanh/epic-kitchens-100-p1/P22/videos/P22_07.MP4
P22_07_121,P22,P22_07,00:04:45.870,00:04:42.94,00:04:47.44,16976,17246,pick up scraps,pick-up,0,scrap,19,['scrap'],[19],official_train,PICKS UP,/kaggle/input/datasets/ldthanh/epic-kitchens-100-p1/P22/videos/P22_07.MP4
P22_07_122,P22,P22_07,00:04:48.840,00:04:48.33,00:04:49.46,17299,17367,open trash can,open,3,can:trash,36,['can:trash'],[36],official_train,OPENS,/kaggle/input/datasets/ldthanh/epic-kitchens-100-p1/P22/videos/P22_07.MP4
P22_07_13,P22,P22_07,00:00:22.779,00:00:20.95,00:00:22.80,1257,1368,pick up filter,pick-up,0,filter,77,['filter'],[77],official_train,PICKS UP,/kaggle/input/datasets/ldthanh/epic-kitchens-100-p1/P22/videos/P22_07.MP4
P22_07_131,P22,P22_07,00:05:47.129,00:05:41.82,00:05:46.72,20509,20803,clean mincing knife,clean,2,knife:mincing,4,['knife:mincing'],[4],official_train,WASHING,/kaggle/input/datasets/ldthanh/epic-kitchens-100-p1/P22/videos/P22_07.MP4
P22_07_132,P22,P22_07,00:05:46.129,00:05:41.93,00:05:46.52,20515,20791,clean mincing knife,clean,2,knife:mincing,4,['knife:mincing'],[4],official_train,WASHING,/kaggle/input/datasets/ldthanh/epic-kitchens-100-p1/P22/videos/P22_07.MP4
P22_07_133,P22,P22_07,00:05:42.830,00:05:45.71,00:05:51.79,20742,21107,clean mincing knife,clean,2,knife:mincing,4,['knife:mincing'],[4],official_train,WASHING,/kaggle/input/datasets/ldthanh/epic-kitchens-100-p1/P22/videos/P22_07.MP4
P22_07_134,P22,P22_07,00:05:52.620,00:05:51.81,00:05:52.47,21108,21148,put down knife,put-down,1,knife,4,['knife'],[4],official_train,PUT DOWN,/kaggle/input/datasets/ldthanh/epic-kitchens-100-p1/P22/videos/P22_07.MP4
P22_07_135,P22,P22_07,00:05:53.620,00:05:52.33,00:05:52.83,21139,21169,put down mincing knife,put-down,1,knife:mincing,4,['knife:mincing'],[4],official_train,PUT DOWN,/kaggle/input/datasets/ldthanh/epic-kitchens-100-p1/P22/videos/P22_07.MP4
P22_07_136,P22,P22_07,00:05:54.620,00:05:54.21,00:05:55.52,21252,21331,open container,open,3,container,21,['container'],[21],official_train,OPENS,/kaggle/input/datasets/ldthanh/epic-kitchens-100-p1/P22/videos/P22_07.MP4
P22_07_139,P22,P22_07,00:05:58.330,00:05:56.74,00:05:59.24,21404,21554,put down container,put-down,1,container,21,['container'],[21],official_train,PUT DOWN,/kaggle/input/datasets/ldthanh/epic-kitchens-100-p1/P22/videos/P22_07.MP4
P22_07_140,P22,P22_07,00:05:59.490,00:05:58.68,00:05:59.78,21520,21586,pick up mincing knife,pick-up,0,knife:mincing,4,['knife:mincing'],[4],official_train,PICKS UP,/kaggle/input/datasets/ldthanh/epic-kitchens-100-p1/P22/videos/P22_07.MP4
P22_07_141,P22,P22_07,00:06:00.529,00:05:59.88,00:06:01.43,21592,21685,put down mincing knife,put-down,1,knife:mincing,4,['knife:mincing'],[4],official_train,PUT DOWN,/kaggle/input/datasets/ldthanh/epic-kitchens-100-p1/P22/videos/P22_07.MP4
P22_07_142,P22,P22_07,00:06:02.669,00:06:02.21,00:06:02.71,21732,21762,pick up box,pick-up,0,box,23,['box'],[23],official_train,PICKS UP,/kaggle/input/datasets/ldthanh/epic-kitchens-100-p1/P22/videos/P22_07.MP4
P22_07_143,P22,P22_07,00:06:03.669,00:06:02.58,00:06:03.52,21754,21811,put down box,put-down,1,box,23,['box'],[23],official_train,PUT DOWN,/kaggle/input/datasets/ldthanh/epic-kitchens-100-p1/P22/videos/P22_07.MP4
P22_07_145,P22,P22_07,00:06:05.960,00:06:04.83,00:06:06.38,21889,21982,rinse hands,rinse,2,hand,11,['hand'],[11],official_train,WASHING,/kaggle/input/datasets/ldthanh/epic-kitchens-100-p1/P22/videos/P22_07.MP4
P22_07_149,P22,P22_07,00:06:13.710,00:06:13.41,00:06:15.16,22404,22509,put down cloth,put-down,1,cloth,17,['cloth'],[17],official_train,PUT DOWN,/kaggle/input/datasets/ldthanh/epic-kitchens-100-p1/P22/videos/P22_07.MP4
P22_07_150,P22,P22_07,00:06:16.409,00:06:15.68,00:06:17.35,22540,22641,open drawer,open,3,drawer,8,['drawer'],[8],official_train,OPENS,/kaggle/input/datasets/ldthanh/epic-kitchens-100-p1/P22/videos/P22_07.MP4
P22_07_151,P22,P22_07,00:06:19.379,00:06:17.45,00:06:20.11,22647,22806,pick up pan,pick-up,0,pan,5,['pan'],[5],official_train,PICKS UP,/kaggle/input/datasets/ldthanh/epic-kitchens-100-p1/P22/videos/P22_07.MP4
P22_07_152,P22,P22_07,00:06:21.419,00:06:20.52,00:06:21.69,22831,22901,pick up lid,pick-up,0,lid,6,['lid'],[6],official_train,PICKS UP,/kaggle/input/datasets/ldthanh/epic-kitchens-100-p1/P22/videos/P22_07.MP4
P22_07_153,P22,P22_07,00:06:22.419,00:06:22.13,00:06:23.60,22927,23016,put down pan,put-down,1,pan,5,['pan'],[5],official_train,PUT DOWN,/kaggle/input/datasets/ldthanh/epic-kitchens-100-p1/P22/videos/P22_07.MP4
P22_07_155,P22,P22_07,00:06:25.539,00:06:25.03,00:06:25.72,23101,23143,put down lid,put-down,1,lid,6,['lid'],[6],official_train,PUT DOWN,/kaggle/input/datasets/ldthanh/epic-kitchens-100-p1/P22/videos/P22_07.MP4
P22_07_156,P22,P22_07,00:06:27.139,00:06:26.34,00:06:27.04,23180,23222,open cabinet,open,3,cabinet,3,['cabinet'],[3],official_train,OPENS,/kaggle/input/datasets/ldthanh/epic-kitchens-100-p1/P22/videos/P22_07.MP4
P22_07_158,P22,P22_07,00:06:29.139,00:06:27.92,00:06:29.30,23275,23358,open drawer,open,3,drawer,8,['drawer'],[8],official_train,OPENS,/kaggle/input/datasets/ldthanh/epic-kitchens-100-p1/P22/videos/P22_07.MP4
P22_07_159,P22,P22_07,00:06:30.580,00:06:28.50,00:06:30.50,23310,23430,pick up lighter,pick-up,0,lighter,130,['lighter'],[130],official_train,PICKS UP,/kaggle/input/datasets/ldthanh/epic-kitchens-100-p1/P22/videos/P22_07.MP4
P22_07_16,P22,P22_07,00:00:29.359,00:00:26.59,00:00:28.92,1595,1735,put down cup,put-down,1,cup,13,['cup'],[13],official_train,PUT DOWN,/kaggle/input/datasets/ldthanh/epic-kitchens-100-p1/P22/videos/P22_07.MP4
P22_07_160,P22,P22_07,00:06:35.460,00:06:29.24,00:06:30.77,23354,23446,pick up lighter,pick-up,0,lighter,130,['lighter'],[130],official_train,PICKS UP,/kaggle/input/datasets/ldthanh/epic-kitchens-100-p1/P22/videos/P22_07.MP4
P22_07_163,P22,P22_07,00:06:33.580,00:06:33.08,00:06:33.92,23584,23635,put down lighter,put-down,1,lighter,130,['lighter'],[130],official_train,PUT DOWN,/kaggle/input/datasets/ldthanh/epic-kitchens-100-p1/P22/videos/P22_07.MP4
P22_07_164,P22,P22_07,00:06:49.199,00:06:34.90,00:06:47.83,23694,24469,put down pan,put-down,1,pan,5,['pan'],[5],official_train,PUT DOWN,/kaggle/input/datasets/ldthanh/epic-kitchens-100-p1/P22/videos/P22_07.MP4
P22_07_165,P22,P22_07,00:06:39.039,00:06:37.85,00:06:38.35,23871,23901,put down lighter,put-down,1,lighter,130,['lighter'],[130],official_train,PUT DOWN,/kaggle/input/datasets/ldthanh/epic-kitchens-100-p1/P22/videos/P22_07.MP4
P22_07_166,P22,P22_07,00:06:50.719,00:06:47.93,00:06:49.72,24475,24583,pick up oil,pick-up,0,oil,31,['oil'],[31],official_train,PICKS UP,/kaggle/input/datasets/ldthanh/epic-kitchens-100-p1/P22/videos/P22_07.MP4
P22_07_167,P22,P22_07,00:06:51.719,00:06:49.57,00:06:51.45,24574,24687,open oil,open,3,oil,31,['oil'],[31],official_train,OPENS,/kaggle/input/datasets/ldthanh/epic-kitchens-100-p1/P22/videos/P22_07.MP4
P22_07_168,P22,P22_07,00:07:01.419,00:06:51.00,00:07:02.15,24660,25329,get pan,get,0,pan,5,['pan'],[5],official_train,PICKS UP,/kaggle/input/datasets/ldthanh/epic-kitchens-100-p1/P22/videos/P22_07.MP4
P22_07_17,P22,P22_07,00:00:32.439,00:00:29.34,00:00:33.16,1760,1989,put down cup,put-down,1,cup,13,['cup'],[13],official_train,PUT DOWN,/kaggle/input/datasets/ldthanh/epic-kitchens-100-p1/P22/videos/P22_07.MP4
P22_07_172,P22,P22_07,00:06:57.819,00:06:58.28,00:06:59.63,25096,25177,put down oil,put-down,1,oil,31,['oil'],[31],official_train,PUT DOWN,/kaggle/input/datasets/ldthanh/epic-kitchens-100-p1/P22/videos/P22_07.MP4
P22_07_173,P22,P22_07,00:07:04.309,00:07:00.38,00:07:04.61,25222,25476,put down pan,put-down,1,pan,5,['pan'],[5],official_train,PUT DOWN,/kaggle/input/datasets/ldthanh/epic-kitchens-100-p1/P22/videos/P22_07.MP4
P22_07_174,P22,P22_07,00:07:05.309,00:07:04.39,00:07:05.12,25463,25507,get knife,get,0,knife,4,['knife'],[4],official_train,PICKS UP,/kaggle/input/datasets/ldthanh/epic-kitchens-100-p1/P22/videos/P22_07.MP4
P22_07_175,P22,P22_07,00:07:06.309,00:07:05.17,00:07:05.83,25510,25549,get cutting board,get,0,board:cutting,18,['board:cutting'],[18],official_train,PICKS UP,/kaggle/input/datasets/ldthanh/epic-kitchens-100-p1/P22/videos/P22_07.MP4
P22_07_176,P22,P22_07,00:07:07.649,00:07:07.18,00:07:10.64,25630,25838,pour in onion,pour-in,9,onion,16,['onion'],[16],official_train,POUR IN,/kaggle/input/datasets/ldthanh/epic-kitchens-100-p1/P22/videos/P22_07.MP4
P22_07_177,P22,P22_07,00:07:12.629,00:07:09.31,00:07:16.28,25758,26176,pour in onion,pour-in,9,onion,16,['onion'],[16],official_train,POUR IN,/kaggle/input/datasets/ldthanh/epic-kitchens-100-p1/P22/videos/P22_07.MP4
P22_07_178,P22,P22_07,00:07:16.529,00:07:16.99,00:07:17.88,26219,26272,put down cutting board,put-down,1,board:cutting,18,['board:cutting'],[18],official_train,PUT DOWN,/kaggle/input/datasets/ldthanh/epic-kitchens-100-p1/P22/videos/P22_07.MP4
P22_07_179,P22,P22_07,00:07:23.389,00:07:17.00,00:07:18.25,26220,26295,set down cutlery,set-down,1,cutlery,58,['cutlery'],[58],official_train,PUT DOWN,/kaggle/input/datasets/ldthanh/epic-kitchens-100-p1/P22/videos/P22_07.MP4
P22_07_18,P22,P22_07,00:00:35.239,00:00:34.35,00:00:35.63,2061,2137,open cabinet,open,3,cabinet,3,['cabinet'],[3],official_train,OPENS,/kaggle/input/datasets/ldthanh/epic-kitchens-100-p1/P22/videos/P22_07.MP4
P22_07_180,P22,P22_07,00:07:18.319,00:07:17.98,00:07:18.84,26278,26330,put down knife,put-down,1,knife,4,['knife'],[4],official_train,PUT DOWN,/kaggle/input/datasets/ldthanh/epic-kitchens-100-p1/P22/videos/P22_07.MP4
P22_07_181,P22,P22_07,00:07:19.319,00:07:19.18,00:07:20.12,26350,26407,open drawer,open,3,drawer,8,['drawer'],[8],official_train,OPENS,/kaggle/input/datasets/ldthanh/epic-kitchens-100-p1/P22/videos/P22_07.MP4
P22_07_182,P22,P22_07,00:07:22.389,00:07:19.89,00:07:26.14,26393,26768,get cutlery,get,0,cutlery,58,['cutlery'],[58],official_train,PICKS UP,/kaggle/input/datasets/ldthanh/epic-kitchens-100-p1/P22/videos/P22_07.MP4
P22_07_183,P22,P22_07,00:07:25.449,00:07:20.60,00:07:27.60,26436,26856,get wooden spoon,get,0,spoon:wooden,1,['spoon:wooden'],[1],official_train,PICKS UP,/kaggle/input/datasets/ldthanh/epic-kitchens-100-p1/P22/videos/P22_07.MP4
P22_07_185,P22,P22_07,00:07:34.770,00:07:33.19,00:07:34.11,27191,27246,put down wooden spoon,put-down,1,spoon:wooden,1,['spoon:wooden'],[1],official_train,PUT DOWN,/kaggle/input/datasets/ldthanh/epic-kitchens-100-p1/P22/videos/P22_07.MP4
P22_07_186,P22,P22_07,00:07:36.509,00:07:36.20,00:07:37.19,27372,27431,open refrigerator,open,3,refrigerator,12,['refrigerator'],[12],official_train,OPENS,/kaggle/input/datasets/ldthanh/epic-kitchens-100-p1/P22/videos/P22_07.MP4
P22_07_187,P22,P22_07,00:07:38.129,00:07:37.29,00:07:38.36,27437,27501,open drawer,open,3,drawer,8,['drawer'],[8],official_train,OPENS,/kaggle/input/datasets/ldthanh/epic-kitchens-100-p1/P22/videos/P22_07.MP4
P22_07_188,P22,P22_07,00:07:39.430,00:07:38.43,00:07:39.69,27505,27581,get courgette,get,0,courgette,76,['courgette'],[76],official_train,PICKS UP,/kaggle/input/datasets/ldthanh/epic-kitchens-100-p1/P22/videos/P22_07.MP4
P22_07_189,P22,P22_07,00:07:44.430,00:07:42.91,00:07:45.00,27774,27900,open bag,open,3,bag,19,['bag'],[19],official_train,OPENS,/kaggle/input/datasets/ldthanh/epic-kitchens-100-p1/P22/videos/P22_07.MP4
P22_07_19,P22,P22_07,00:00:36.399,00:00:35.22,00:00:36.34,2113,2180,pick up dish,pick-up,0,dish,2,['dish'],[2],official_train,PICKS UP,/kaggle/input/datasets/ldthanh/epic-kitchens-100-p1/P22/videos/P22_07.MP4
P22_07_191,P22,P22_07,00:07:48.680,00:07:48.02,00:07:50.05,28081,28203,put down bag,put-down,1,bag,19,['bag'],[19],official_train,PUT DOWN,/kaggle/input/datasets/ldthanh/epic-kitchens-100-p1/P22/videos/P22_07.MP4
P22_07_193,P22,P22_07,00:07:53.770,00:07:52.96,00:07:59.20,28377,28752,rinse courgette,rinse,2,courgette,76,['courgette'],[76],official_train,WASHING,/kaggle/input/datasets/ldthanh/epic-kitchens-100-p1/P22/videos/P22_07.MP4
P22_07_195,P22,P22_07,00:08:01.710,00:08:00.82,00:08:02.14,28849,28928,put down courgette,put-down,1,courgette,76,['courgette'],[76],official_train,PUT DOWN,/kaggle/input/datasets/ldthanh/epic-kitchens-100-p1/P22/videos/P22_07.MP4
P22_07_197,P22,P22_07,00:08:05.449,00:08:05.57,00:08:07.35,29134,29241,clean knife,clean,2,knife,4,['knife'],[4],official_train,WASHING,/kaggle/input/datasets/ldthanh/epic-kitchens-100-p1/P22/videos/P22_07.MP4
P22_07_198,P22,P22_07,00:08:08.319,00:08:07.59,00:08:08.50,29255,29310,put down wooden spoon,put-down,1,spoon:wooden,1,['spoon:wooden'],[1],official_train,PUT DOWN,/kaggle/input/datasets/ldthanh/epic-kitchens-100-p1/P22/videos/P22_07.MP4
P22_07_199,P22,P22_07,00:08:10.719,00:08:10.13,00:08:10.80,29407,29448,put down knife,put-down,1,knife,4,['knife'],[4],official_train,PUT DOWN,/kaggle/input/datasets/ldthanh/epic-kitchens-100-p1/P22/videos/P22_07.MP4
P22_07_2,P22,P22_07,00:00:05.549,00:00:04.72,00:00:06.11,283,366,open drawer,open,3,drawer,8,['drawer'],[8],official_train,OPENS,/kaggle/input/datasets/ldthanh/epic-kitchens-100-p1/P22/videos/P22_07.MP4
P22_07_20,P22,P22_07,00:00:40.559,00:00:35.98,00:00:41.21,2158,2472,place dish,place,1,dish,2,['dish'],[2],official_train,PUT DOWN,/kaggle/input/datasets/ldthanh/epic-kitchens-100-p1/P22/videos/P22_07.MP4
P22_07_200,P22,P22_07,00:08:11.749,00:08:10.72,00:08:11.67,29443,29500,open drawer,open,3,drawer,8,['drawer'],[8],official_train,OPENS,/kaggle/input/datasets/ldthanh/epic-kitchens-100-p1/P22/videos/P22_07.MP4
P22_07_201,P22,P22_07,00:08:13.389,00:08:12.16,00:08:13.41,29529,29604,pick up potato peeler,pick-up,0,peeler:potato,87,['peeler:potato'],[87],official_train,PICKS UP,/kaggle/input/datasets/ldthanh/epic-kitchens-100-p1/P22/videos/P22_07.MP4
P22_07_21,P22,P22_07,00:00:37.420,00:00:36.51,00:00:39.19,2190,2351,place dish,place,1,dish,2,['dish'],[2],official_train,PUT DOWN,/kaggle/input/datasets/ldthanh/epic-kitchens-100-p1/P22/videos/P22_07.MP4
P22_07_212,P22,P22_07,00:09:19.589,00:09:19.64,00:09:22.36,33578,33741,pick up peels,pick-up,0,peel,48,['peel'],[48],official_train,PICKS UP,/kaggle/input/datasets/ldthanh/epic-kitchens-100-p1/P22/videos/P22_07.MP4
P22_07_214,P22,P22_07,00:09:27.040,00:09:25.08,00:09:31.65,33904,34299,pick up peels,pick-up,0,peel,48,['peel'],[48],official_train,PICKS UP,/kaggle/input/datasets/ldthanh/epic-kitchens-100-p1/P22/videos/P22_07.MP4
P22_07_215,P22,P22_07,00:09:32.990,00:09:33.27,00:09:34.33,34396,34459,open trash can,open,3,can:trash,36,['can:trash'],[36],official_train,OPENS,/kaggle/input/datasets/ldthanh/epic-kitchens-100-p1/P22/videos/P22_07.MP4
P22_07_219,P22,P22_07,00:09:38.860,00:09:38.17,00:09:39.35,34690,34761,rinse hands,rinse,2,hand,11,['hand'],[11],official_train,WASHING,/kaggle/input/datasets/ldthanh/epic-kitchens-100-p1/P22/videos/P22_07.MP4
P22_07_22,P22,P22_07,00:00:39.559,00:00:39.17,00:00:40.16,2350,2409,pick up dish,pick-up,0,dish,2,['dish'],[2],official_train,PICKS UP,/kaggle/input/datasets/ldthanh/epic-kitchens-100-p1/P22/videos/P22_07.MP4
P22_07_223,P22,P22_07,00:09:43.930,00:09:43.21,00:09:44.73,34992,35083,put down cloth,put-down,1,cloth,17,['cloth'],[17],official_train,PUT DOWN,/kaggle/input/datasets/ldthanh/epic-kitchens-100-p1/P22/videos/P22_07.MP4
P22_07_224,P22,P22_07,00:09:45.930,00:09:44.83,00:09:46.28,35089,35176,pick up knife,pick-up,0,knife,4,['knife'],[4],official_train,PICKS UP,/kaggle/input/datasets/ldthanh/epic-kitchens-100-p1/P22/videos/P22_07.MP4
P22_07_23,P22,P22_07,00:00:42.399,00:00:41.78,00:00:42.40,2506,2544,pick up cutlery,pick-up,0,cutlery,58,['cutlery'],[58],official_train,PICKS UP,/kaggle/input/datasets/ldthanh/epic-kitchens-100-p1/P22/videos/P22_07.MP4
P22_07_230,P22,P22_07,00:10:06.329,00:10:05.19,00:10:05.90,36311,36354,pick up wooden spoon,pick-up,0,spoon:wooden,1,['spoon:wooden'],[1],official_train,PICKS UP,/kaggle/input/datasets/ldthanh/epic-kitchens-100-p1/P22/videos/P22_07.MP4
P22_07_233,P22,P22_07,00:10:10.889,00:10:09.96,00:10:10.76,36597,36645,put down wooden spoon,put-down,1,spoon:wooden,1,['spoon:wooden'],[1],official_train,PUT DOWN,/kaggle/input/datasets/ldthanh/epic-kitchens-100-p1/P22/videos/P22_07.MP4
P22_07_245,P22,P22_07,00:11:42.519,00:11:40.88,00:11:41.58,42052,42094,grab wooden spoon,grab,0,spoon:wooden,1,['spoon:wooden'],[1],official_train,PICKS UP,/kaggle/input/datasets/ldthanh/epic-kitchens-100-p1/P22/videos/P22_07.MP4
P22_07_247,P22,P22_07,00:11:49.490,00:11:49.03,00:11:50.39,42541,42623,put wooden spoon down,put,1,spoon:wooden,1,['spoon:wooden'],[1],official_train,PUT DOWN,/kaggle/input/datasets/ldthanh/epic-kitchens-100-p1/P22/videos/P22_07.MP4
P22_07_248,P22,P22_07,00:11:52.740,00:11:50.10,00:11:50.69,42606,42641,grab wooden spoon,grab,0,spoon:wooden,1,['spoon:wooden'],[1],official_train,PICKS UP,/kaggle/input/datasets/ldthanh/epic-kitchens-100-p1/P22/videos/P22_07.MP4
P22_07_249,P22,P22_07,00:11:54.350,00:11:51.94,00:11:55.01,42716,42900,put wooden spoon down,put,1,spoon:wooden,1,['spoon:wooden'],[1],official_train,PUT DOWN,/kaggle/input/datasets/ldthanh/epic-kitchens-100-p1/P22/videos/P22_07.MP4
P22_07_251,P22,P22_07,00:11:58.410,00:11:57.44,00:12:00.34,43046,43220,grab chopping board,grab,0,board:chopping,18,['board:chopping'],[18],official_train,PICKS UP,/kaggle/input/datasets/ldthanh/epic-kitchens-100-p1/P22/videos/P22_07.MP4
P22_07_253,P22,P22_07,00:12:07.360,00:12:06.91,00:12:07.85,43614,43671,put chopping board down,put-down,1,board:chopping,18,['board:chopping'],[18],official_train,PUT DOWN,/kaggle/input/datasets/ldthanh/epic-kitchens-100-p1/P22/videos/P22_07.MP4
P22_07_254,P22,P22_07,00:12:08.360,00:12:07.80,00:12:08.55,43668,43713,put knife down,put-down,1,knife,4,['knife'],[4],official_train,PUT DOWN,/kaggle/input/datasets/ldthanh/epic-kitchens-100-p1/P22/videos/P22_07.MP4
P22_07_255,P22,P22_07,00:12:09.620,00:12:08.99,00:12:09.76,43739,43785,grab wooden spoon,grab,0,spoon:wooden,1,['spoon:wooden'],[1],official_train,PICKS UP,/kaggle/input/datasets/ldthanh/epic-kitchens-100-p1/P22/videos/P22_07.MP4
P22_07_258,P22,P22_07,00:12:19.899,00:12:19.30,00:12:20.18,44358,44410,put wooden spoon down,put,1,spoon:wooden,1,['spoon:wooden'],[1],official_train,PUT DOWN,/kaggle/input/datasets/ldthanh/epic-kitchens-100-p1/P22/videos/P22_07.MP4
P22_07_259,P22,P22_07,00:12:21.220,00:12:20.11,00:12:21.15,44406,44469,grab salt,grab,0,salt,38,['salt'],[38],official_train,PICKS UP,/kaggle/input/datasets/ldthanh/epic-kitchens-100-p1/P22/videos/P22_07.MP4
P22_07_26,P22,P22_07,00:00:46.160,00:00:45.72,00:00:47.14,2743,2828,open drawer,open,3,drawer,8,['drawer'],[8],official_train,OPENS,/kaggle/input/datasets/ldthanh/epic-kitchens-100-p1/P22/videos/P22_07.MP4
P22_07_260,P22,P22_07,00:12:22.220,00:12:20.29,00:12:20.97,44417,44458,grab salt,grab,0,salt,38,['salt'],[38],official_train,PICKS UP,/kaggle/input/datasets/ldthanh/epic-kitchens-100-p1/P22/videos/P22_07.MP4
P22_07_261,P22,P22_07,00:12:24.670,00:12:21.49,00:12:22.73,44489,44563,open salt,open,3,salt,38,['salt'],[38],official_train,OPENS,/kaggle/input/datasets/ldthanh/epic-kitchens-100-p1/P22/videos/P22_07.MP4
P22_07_265,P22,P22_07,00:12:36.740,00:12:36.68,00:12:37.54,45400,45452,open salt,open,3,salt,38,['salt'],[38],official_train,OPENS,/kaggle/input/datasets/ldthanh/epic-kitchens-100-p1/P22/videos/P22_07.MP4
P22_07_268,P22,P22_07,00:12:41.870,00:12:41.26,00:12:42.05,45675,45723,put down salt,put-down,1,salt,38,['salt'],[38],official_train,PUT DOWN,/kaggle/input/datasets/ldthanh/epic-kitchens-100-p1/P22/videos/P22_07.MP4
P22_07_269,P22,P22_07,00:12:42.899,00:12:42.30,00:12:43.70,45738,45822,pick up wooden spoon,pick-up,0,spoon:wooden,1,['spoon:wooden'],[1],official_train,PICKS UP,/kaggle/input/datasets/ldthanh/epic-kitchens-100-p1/P22/videos/P22_07.MP4
P22_07_27,P22,P22_07,00:00:47.250,00:00:47.55,00:00:48.78,2853,2926,place knife,place,1,knife,4,['knife'],[4],official_train,PUT DOWN,/kaggle/input/datasets/ldthanh/epic-kitchens-100-p1/P22/videos/P22_07.MP4
P22_07_274,P22,P22_07,00:12:52.769,00:12:52.34,00:12:53.06,46340,46383,put down wooden spoon,put-down,1,spoon:wooden,1,['spoon:wooden'],[1],official_train,PUT DOWN,/kaggle/input/datasets/ldthanh/epic-kitchens-100-p1/P22/videos/P22_07.MP4
P22_07_275,P22,P22_07,00:12:55.449,00:12:53.75,00:12:55.27,46425,46516,pick up spice,pick-up,0,spice,85,['spice'],[85],official_train,PICKS UP,/kaggle/input/datasets/ldthanh/epic-kitchens-100-p1/P22/videos/P22_07.MP4
P22_07_278,P22,P22_07,00:13:01.360,00:13:01.07,00:13:01.92,46864,46915,put down spice,put-down,1,spice,85,['spice'],[85],official_train,PUT DOWN,/kaggle/input/datasets/ldthanh/epic-kitchens-100-p1/P22/videos/P22_07.MP4
P22_07_279,P22,P22_07,00:13:03.040,00:13:02.42,00:13:03.27,46945,46996,pick up wooden spoon,pick-up,0,spoon:wooden,1,['spoon:wooden'],[1],official_train,PICKS UP,/kaggle/input/datasets/ldthanh/epic-kitchens-100-p1/P22/videos/P22_07.MP4
P22_07_28,P22,P22_07,00:00:49.920,00:00:49.42,00:00:50.27,2965,3016,place forks,place,1,fork,14,['fork'],[14],official_train,PUT DOWN,/kaggle/input/datasets/ldthanh/epic-kitchens-100-p1/P22/videos/P22_07.MP4
P22_07_281,P22,P22_07,00:13:08.100,00:13:07.87,00:13:08.54,47272,47312,place wooden spoon,place,1,spoon:wooden,1,['spoon:wooden'],[1],official_train,PUT DOWN,/kaggle/input/datasets/ldthanh/epic-kitchens-100-p1/P22/videos/P22_07.MP4
P22_07_282,P22,P22_07,00:13:11.420,00:13:10.23,00:13:11.64,47413,47498,pick up lid,pick-up,0,lid,6,['lid'],[6],official_train,PICKS UP,/kaggle/input/datasets/ldthanh/epic-kitchens-100-p1/P22/videos/P22_07.MP4
P22_07_283,P22,P22_07,00:13:12.420,00:13:11.57,00:13:13.51,47494,47610,place lid,place,1,lid,6,['lid'],[6],official_train,PUT DOWN,/kaggle/input/datasets/ldthanh/epic-kitchens-100-p1/P22/videos/P22_07.MP4
P22_07_284,P22,P22_07,00:13:15.379,00:13:14.20,00:13:15.53,47652,47731,pick up scales,pick-up,0,scale,108,['scale'],[108],official_train,PICKS UP,/kaggle/input/datasets/ldthanh/epic-kitchens-100-p1/P22/videos/P22_07.MP4
P22_07_285,P22,P22_07,00:13:16.779,00:13:15.85,00:13:17.26,47751,47835,place scales,place,1,scale,108,['scale'],[108],official_train,PUT DOWN,/kaggle/input/datasets/ldthanh/epic-kitchens-100-p1/P22/videos/P22_07.MP4
P22_07_287,P22,P22_07,00:13:22.790,00:13:22.08,00:13:23.17,48124,48190,open cabinet,open,3,cabinet,3,['cabinet'],[3],official_train,OPENS,/kaggle/input/datasets/ldthanh/epic-kitchens-100-p1/P22/videos/P22_07.MP4
P22_07_288,P22,P22_07,00:13:24.519,00:13:23.54,00:13:25.37,48212,48322,pick up pasta,pick-up,0,pasta,45,['pasta'],[45],official_train,PICKS UP,/kaggle/input/datasets/ldthanh/epic-kitchens-100-p1/P22/videos/P22_07.MP4
P22_07_291,P22,P22_07,00:13:28.839,00:13:28.13,00:13:30.63,48487,48637,open sachet,open,3,sachet,26,['sachet'],[26],official_train,OPENS,/kaggle/input/datasets/ldthanh/epic-kitchens-100-p1/P22/videos/P22_07.MP4
P22_07_296,P22,P22_07,00:13:53.019,00:13:52.97,00:13:53.74,49978,50024,open cupboard,open,3,cupboard,3,['cupboard'],[3],official_train,OPENS,/kaggle/input/datasets/ldthanh/epic-kitchens-100-p1/P22/videos/P22_07.MP4
P22_07_297,P22,P22_07,00:13:54.040,00:13:53.82,00:13:54.90,50029,50094,put down down pasta,put-down,1,pasta,45,['pasta'],[45],official_train,PUT DOWN,/kaggle/input/datasets/ldthanh/epic-kitchens-100-p1/P22/videos/P22_07.MP4
P22_07_3,P22,P22_07,00:00:07.549,00:00:06.45,00:00:07.57,387,454,pick up glass,pick-up,0,glass,10,['glass'],[10],official_train,PICKS UP,/kaggle/input/datasets/ldthanh/epic-kitchens-100-p1/P22/videos/P22_07.MP4
P22_07_30,P22,P22_07,00:00:52.140,00:00:51.01,00:00:52.33,3060,3139,pick up carafe,pick-up,0,carafe,66,['carafe'],[66],official_train,PICKS UP,/kaggle/input/datasets/ldthanh/epic-kitchens-100-p1/P22/videos/P22_07.MP4
P22_07_301,P22,P22_07,00:14:03.079,00:14:01.98,00:14:02.68,50518,50560,put down down wooden spoon,put-down,1,spoon:wooden,1,['spoon:wooden'],[1],official_train,PUT DOWN,/kaggle/input/datasets/ldthanh/epic-kitchens-100-p1/P22/videos/P22_07.MP4
P22_07_302,P22,P22_07,00:14:04.440,00:14:04.16,00:14:06.09,50649,50765,grab kettle,grab,0,kettle,44,['kettle'],[44],official_train,PICKS UP,/kaggle/input/datasets/ldthanh/epic-kitchens-100-p1/P22/videos/P22_07.MP4
P22_07_303,P22,P22_07,00:14:06.980,00:14:06.17,00:14:06.94,50770,50816,open kettle,open,3,kettle,44,['kettle'],[44],official_train,OPENS,/kaggle/input/datasets/ldthanh/epic-kitchens-100-p1/P22/videos/P22_07.MP4
P22_07_305,P22,P22_07,00:14:09.209,00:14:08.05,00:14:09.43,50883,50965,open kettle,open,3,kettle,44,['kettle'],[44],official_train,OPENS,/kaggle/input/datasets/ldthanh/epic-kitchens-100-p1/P22/videos/P22_07.MP4
P22_07_31,P22,P22_07,00:00:53.140,00:00:52.96,00:00:56.42,3177,3385,place carafe,place,1,carafe,66,['carafe'],[66],official_train,PUT DOWN,/kaggle/input/datasets/ldthanh/epic-kitchens-100-p1/P22/videos/P22_07.MP4
P22_07_313,P22,P22_07,00:14:42.490,00:14:41.17,00:14:44.50,52870,53070,put kettle,put,1,kettle,44,['kettle'],[44],official_train,PUT DOWN,/kaggle/input/datasets/ldthanh/epic-kitchens-100-p1/P22/videos/P22_07.MP4
P22_07_314,P22,P22_07,00:14:44.899,00:14:42.52,00:14:44.19,52951,53051,open kettle,open,3,kettle,44,['kettle'],[44],official_train,OPENS,/kaggle/input/datasets/ldthanh/epic-kitchens-100-p1/P22/videos/P22_07.MP4
P22_07_315,P22,P22_07,00:14:45.899,00:14:45.70,00:14:46.45,53142,53187,pick up lid,pick-up,0,lid,6,['lid'],[6],official_train,PICKS UP,/kaggle/input/datasets/ldthanh/epic-kitchens-100-p1/P22/videos/P22_07.MP4
P22_07_317,P22,P22_07,00:14:52.490,00:14:51.65,00:14:52.65,53499,53559,open drawer,open,3,drawer,8,['drawer'],[8],official_train,OPENS,/kaggle/input/datasets/ldthanh/epic-kitchens-100-p1/P22/videos/P22_07.MP4
P22_07_318,P22,P22_07,00:14:53.490,00:14:55.25,00:14:56.86,53715,53811,pick up pot,pick-up,0,pot,29,['pot'],[29],official_train,PICKS UP,/kaggle/input/datasets/ldthanh/epic-kitchens-100-p1/P22/videos/P22_07.MP4
P22_07_319,P22,P22_07,00:15:00.290,00:14:59.96,00:15:01.30,53997,54078,put pot,put,1,pot,29,['pot'],[29],official_train,PUT DOWN,/kaggle/input/datasets/ldthanh/epic-kitchens-100-p1/P22/videos/P22_07.MP4
P22_07_32,P22,P22_07,00:00:54.640,00:00:54.19,00:00:55.13,3251,3307,open maker,open,3,maker,50,['maker'],[50],official_train,OPENS,/kaggle/input/datasets/ldthanh/epic-kitchens-100-p1/P22/videos/P22_07.MP4
P22_07_320,P22,P22_07,00:15:03.290,00:15:02.81,00:15:04.56,54168,54273,pick up lid,pick-up,0,lid,6,['lid'],[6],official_train,PICKS UP,/kaggle/input/datasets/ldthanh/epic-kitchens-100-p1/P22/videos/P22_07.MP4
P22_07_322,P22,P22_07,00:15:07.800,00:15:07.38,00:15:08.80,54442,54528,put lid,put,1,lid,6,['lid'],[6],official_train,PUT DOWN,/kaggle/input/datasets/ldthanh/epic-kitchens-100-p1/P22/videos/P22_07.MP4
P22_07_323,P22,P22_07,00:15:11.970,00:15:09.53,00:15:11.79,54571,54707,put down pot,put-down,1,pot,29,['pot'],[29],official_train,PUT DOWN,/kaggle/input/datasets/ldthanh/epic-kitchens-100-p1/P22/videos/P22_07.MP4
P22_07_324,P22,P22_07,00:15:13.350,00:15:12.76,00:15:13.90,54765,54834,pick up wooden spoon,pick-up,0,spoon:wooden,1,['spoon:wooden'],[1],official_train,PICKS UP,/kaggle/input/datasets/ldthanh/epic-kitchens-100-p1/P22/videos/P22_07.MP4
P22_07_326,P22,P22_07,00:15:19.589,00:15:18.92,00:15:20.60,55135,55236,put down wooden spoon,put-down,1,spoon:wooden,1,['spoon:wooden'],[1],official_train,PUT DOWN,/kaggle/input/datasets/ldthanh/epic-kitchens-100-p1/P22/videos/P22_07.MP4
P22_07_327,P22,P22_07,00:15:20.740,00:15:20.50,00:15:21.74,55230,55304,pick up lid,pick-up,0,lid,6,['lid'],[6],official_train,PICKS UP,/kaggle/input/datasets/ldthanh/epic-kitchens-100-p1/P22/videos/P22_07.MP4
P22_07_330,P22,P22_07,00:15:36.819,00:15:33.74,00:15:36.64,56024,56198,pick up pot,pick-up,0,pot,29,['pot'],[29],official_train,PICKS UP,/kaggle/input/datasets/ldthanh/epic-kitchens-100-p1/P22/videos/P22_07.MP4
P22_07_331,P22,P22_07,00:15:37.930,00:15:36.75,00:15:38.06,56205,56283,put down pot,put-down,1,pot,29,['pot'],[29],official_train,PUT DOWN,/kaggle/input/datasets/ldthanh/epic-kitchens-100-p1/P22/videos/P22_07.MP4
P22_07_333,P22,P22_07,00:15:43.689,00:15:42.75,00:15:44.92,56565,56695,open cabinet,open,3,cabinet,3,['cabinet'],[3],official_train,OPENS,/kaggle/input/datasets/ldthanh/epic-kitchens-100-p1/P22/videos/P22_07.MP4
P22_07_334,P22,P22_07,00:15:44.689,00:15:45.74,00:15:47.40,56744,56844,pick up ladle rest,pick-up,0,rest:ladle,109,['rest:ladle'],[109],official_train,PICKS UP,/kaggle/input/datasets/ldthanh/epic-kitchens-100-p1/P22/videos/P22_07.MP4
P22_07_335,P22,P22_07,00:15:49.980,00:15:50.12,00:15:51.23,57007,57073,put down ladle rest,put-down,1,rest:ladle,109,['rest:ladle'],[109],official_train,PUT DOWN,/kaggle/input/datasets/ldthanh/epic-kitchens-100-p1/P22/videos/P22_07.MP4
P22_07_336,P22,P22_07,00:15:51.809,00:15:51.74,00:15:52.65,57104,57159,put down wooden spoon,put-down,1,spoon:wooden,1,['spoon:wooden'],[1],official_train,PUT DOWN,/kaggle/input/datasets/ldthanh/epic-kitchens-100-p1/P22/videos/P22_07.MP4
P22_07_338,P22,P22_07,00:15:56.610,00:15:53.35,00:15:54.96,57201,57297,pick up bag,pick-up,0,bag,19,['bag'],[19],official_train,PICKS UP,/kaggle/input/datasets/ldthanh/epic-kitchens-100-p1/P22/videos/P22_07.MP4
P22_07_339,P22,P22_07,00:15:57.610,00:15:55.97,00:15:57.72,57358,57463,open cabinet,open,3,cabinet,3,['cabinet'],[3],official_train,OPENS,/kaggle/input/datasets/ldthanh/epic-kitchens-100-p1/P22/videos/P22_07.MP4
P22_07_340,P22,P22_07,00:16:00.649,00:15:59.82,00:16:01.32,57589,57679,put away bag,put,1,bag,19,['bag'],[19],official_train,PUT DOWN,/kaggle/input/datasets/ldthanh/epic-kitchens-100-p1/P22/videos/P22_07.MP4
P22_07_342,P22,P22_07,00:16:04.209,00:16:03.50,00:16:04.06,57810,57843,pick up knife,pick-up,0,knife,4,['knife'],[4],official_train,PICKS UP,/kaggle/input/datasets/ldthanh/epic-kitchens-100-p1/P22/videos/P22_07.MP4
P22_07_344,P22,P22_07,00:16:06.209,00:16:04.87,00:16:05.56,57892,57933,pick up potato peeler,pick-up,0,peeler:potato,87,['peeler:potato'],[87],official_train,PICKS UP,/kaggle/input/datasets/ldthanh/epic-kitchens-100-p1/P22/videos/P22_07.MP4
P22_07_345,P22,P22_07,00:16:07.209,00:16:06.07,00:16:06.72,57964,58003,pick up scraps,pick-up,0,scrap,19,['scrap'],[19],official_train,PICKS UP,/kaggle/input/datasets/ldthanh/epic-kitchens-100-p1/P22/videos/P22_07.MP4
P22_07_346,P22,P22_07,00:16:08.209,00:16:06.82,00:16:08.78,58009,58126,pick up scraps,pick-up,0,scrap,19,['scrap'],[19],official_train,PICKS UP,/kaggle/input/datasets/ldthanh/epic-kitchens-100-p1/P22/videos/P22_07.MP4
P22_07_347,P22,P22_07,00:16:10.449,00:16:10.18,00:16:10.76,58210,58245,open basket,open,3,basket,168,['basket'],[168],official_train,OPENS,/kaggle/input/datasets/ldthanh/epic-kitchens-100-p1/P22/videos/P22_07.MP4
P22_07_352,P22,P22_07,00:16:19.490,00:16:18.86,00:16:19.83,58731,58789,grab gas lighter,grab,0,gas,24,['gas'],[24],official_train,PICKS UP,/kaggle/input/datasets/ldthanh/epic-kitchens-100-p1/P22/videos/P22_07.MP4
P22_07_353,P22,P22_07,00:16:22.670,00:16:21.81,00:16:22.73,58908,58963,open drawer,open,3,drawer,8,['drawer'],[8],official_train,OPENS,/kaggle/input/datasets/ldthanh/epic-kitchens-100-p1/P22/videos/P22_07.MP4
P22_07_354,P22,P22_07,00:16:23.759,00:16:22.96,00:16:23.74,58977,59024,put down down gas lighter,put-down,1,gas,24,['gas'],[24],official_train,PUT DOWN,/kaggle/input/datasets/ldthanh/epic-kitchens-100-p1/P22/videos/P22_07.MP4
P22_07_356,P22,P22_07,00:16:28.079,00:16:26.63,00:16:28.29,59197,59297,open lid,open,3,lid,6,['lid'],[6],official_train,OPENS,/kaggle/input/datasets/ldthanh/epic-kitchens-100-p1/P22/videos/P22_07.MP4
P22_07_359,P22,P22_07,00:16:31.930,00:16:31.31,00:16:32.40,59478,59544,open lid,open,3,lid,6,['lid'],[6],official_train,OPENS,/kaggle/input/datasets/ldthanh/epic-kitchens-100-p1/P22/videos/P22_07.MP4
P22_07_364,P22,P22_07,00:16:47.759,00:16:46.50,00:16:47.79,60390,60467,rinse hands,rinse,2,hand,11,['hand'],[11],official_train,WASHING,/kaggle/input/datasets/ldthanh/epic-kitchens-100-p1/P22/videos/P22_07.MP4
P22_07_365,P22,P22_07,00:16:48.759,00:16:47.53,00:16:48.99,60451,60539,rinse sponge,rinse,2,sponge,9,['sponge'],[9],official_train,WASHING,/kaggle/input/datasets/ldthanh/epic-kitchens-100-p1/P22/videos/P22_07.MP4
P22_07_367,P22,P22_07,00:16:53.180,00:16:51.87,00:17:01.15,60712,61269,clean mezzaluna,clean,2,mezzaluna,4,['mezzaluna'],[4],official_train,WASHING,/kaggle/input/datasets/ldthanh/epic-kitchens-100-p1/P22/videos/P22_07.MP4
P22_07_368,P22,P22_07,00:17:01.709,00:17:04.49,00:17:05.99,61469,61559,put down mincing knife,put-down,1,knife:mincing,4,['knife:mincing'],[4],official_train,PUT DOWN,/kaggle/input/datasets/ldthanh/epic-kitchens-100-p1/P22/videos/P22_07.MP4
P22_07_369,P22,P22_07,00:17:08.000,00:17:06.04,00:17:10.20,61562,61812,lather potato peeler,lather,2,peeler:potato,87,['peeler:potato'],[87],official_train,WASHING,/kaggle/input/datasets/ldthanh/epic-kitchens-100-p1/P22/videos/P22_07.MP4
P22_07_37,P22,P22_07,00:01:08.010,00:01:06.64,00:01:07.68,3998,4060,pick up cloth,pick-up,0,cloth,17,['cloth'],[17],official_train,PICKS UP,/kaggle/input/datasets/ldthanh/epic-kitchens-100-p1/P22/videos/P22_07.MP4
P22_07_370,P22,P22_07,00:17:11.000,00:17:10.30,00:17:13.91,61818,62034,lather knife,lather,2,knife,4,['knife'],[4],official_train,WASHING,/kaggle/input/datasets/ldthanh/epic-kitchens-100-p1/P22/videos/P22_07.MP4
P22_07_371,P22,P22_07,00:17:22.150,00:17:12.00,00:17:24.02,61920,62641,lather cutting board,lather,2,board:cutting,18,['board:cutting'],[18],official_train,WASHING,/kaggle/input/datasets/ldthanh/epic-kitchens-100-p1/P22/videos/P22_07.MP4
P22_07_372,P22,P22_07,00:17:15.490,00:17:14.26,00:17:23.97,62055,62638,lather cutting board,lather,2,board:cutting,18,['board:cutting'],[18],official_train,WASHING,/kaggle/input/datasets/ldthanh/epic-kitchens-100-p1/P22/videos/P22_07.MP4
P22_07_373,P22,P22_07,00:17:23.170,00:17:23.86,00:17:24.92,62631,62695,put down cutting board,put-down,1,board:cutting,18,['board:cutting'],[18],official_train,PUT DOWN,/kaggle/input/datasets/ldthanh/epic-kitchens-100-p1/P22/videos/P22_07.MP4
P22_07_375,P22,P22_07,00:17:36.380,00:17:25.45,00:17:35.49,62727,63329,rinse cutting board,rinse,2,board:cutting,18,['board:cutting'],[18],official_train,WASHING,/kaggle/input/datasets/ldthanh/epic-kitchens-100-p1/P22/videos/P22_07.MP4
P22_07_376,P22,P22_07,00:17:43.030,00:17:35.42,00:17:41.54,63325,63692,rinse cutting board,rinse,2,board:cutting,18,['board:cutting'],[18],official_train,WASHING,/kaggle/input/datasets/ldthanh/epic-kitchens-100-p1/P22/videos/P22_07.MP4
P22_07_377,P22,P22_07,00:17:28.310,00:17:41.64,00:17:46.44,63698,63986,rinse cutting board,rinse,2,board:cutting,18,['board:cutting'],[18],official_train,WASHING,/kaggle/input/datasets/ldthanh/epic-kitchens-100-p1/P22/videos/P22_07.MP4
P22_07_378,P22,P22_07,00:17:48.120,00:17:46.54,00:17:49.37,63992,64162,put down cutting board,put-down,1,board:cutting,18,['board:cutting'],[18],official_train,PUT DOWN,/kaggle/input/datasets/ldthanh/epic-kitchens-100-p1/P22/videos/P22_07.MP4
P22_07_379,P22,P22_07,00:17:51.950,00:17:49.17,00:17:55.81,64150,64548,rinse mincing knife,rinse,2,knife:mincing,4,['knife:mincing'],[4],official_train,WASHING,/kaggle/input/datasets/ldthanh/epic-kitchens-100-p1/P22/videos/P22_07.MP4
P22_07_380,P22,P22_07,00:17:56.560,00:17:55.46,00:17:56.82,64527,64609,put down mincing knife,put-down,1,knife:mincing,4,['knife:mincing'],[4],official_train,PUT DOWN,/kaggle/input/datasets/ldthanh/epic-kitchens-100-p1/P22/videos/P22_07.MP4
P22_07_381,P22,P22_07,00:17:58.150,00:17:56.75,00:17:59.06,64605,64743,rinse potato peeler,rinse,2,peeler:potato,87,['peeler:potato'],[87],official_train,WASHING,/kaggle/input/datasets/ldthanh/epic-kitchens-100-p1/P22/videos/P22_07.MP4
P22_07_382,P22,P22_07,00:17:59.600,00:17:58.98,00:17:59.95,64738,64797,put down potato peeler,put-down,1,peeler:potato,87,['peeler:potato'],[87],official_train,PUT DOWN,/kaggle/input/datasets/ldthanh/epic-kitchens-100-p1/P22/videos/P22_07.MP4
P22_07_383,P22,P22_07,00:18:00.970,00:17:59.93,00:18:01.44,64795,64886,rinse knife,rinse,2,knife,4,['knife'],[4],official_train,WASHING,/kaggle/input/datasets/ldthanh/epic-kitchens-100-p1/P22/videos/P22_07.MP4
P22_07_384,P22,P22_07,00:18:02.200,00:18:01.29,00:18:02.09,64877,64925,put down knife,put-down,1,knife,4,['knife'],[4],official_train,PUT DOWN,/kaggle/input/datasets/ldthanh/epic-kitchens-100-p1/P22/videos/P22_07.MP4
P22_07_385,P22,P22_07,00:18:04.340,00:18:03.33,00:18:04.90,64999,65094,rinse cloth,rinse,2,cloth,17,['cloth'],[17],official_train,WASHING,/kaggle/input/datasets/ldthanh/epic-kitchens-100-p1/P22/videos/P22_07.MP4
P22_07_387,P22,P22_07,00:18:09.240,00:18:07.39,00:18:09.75,65243,65385,clean sink,clean,2,sink,63,['sink'],[63],official_train,WASHING,/kaggle/input/datasets/ldthanh/epic-kitchens-100-p1/P22/videos/P22_07.MP4
P22_07_389,P22,P22_07,00:18:12.160,00:18:10.87,00:18:12.04,65452,65522,rinse steel wool,rinse,2,wool:steel,9,['wool:steel'],[9],official_train,WASHING,/kaggle/input/datasets/ldthanh/epic-kitchens-100-p1/P22/videos/P22_07.MP4
P22_07_39,P22,P22_07,00:01:10.300,00:01:08.39,00:01:10.21,4103,4212,rinse cloth,rinse,2,cloth,17,['cloth'],[17],official_train,WASHING,/kaggle/input/datasets/ldthanh/epic-kitchens-100-p1/P22/videos/P22_07.MP4
P22_07_391,P22,P22_07,00:18:15.020,00:18:13.99,00:18:14.83,65639,65689,put down cloth,put-down,1,cloth,17,['cloth'],[17],official_train,PUT DOWN,/kaggle/input/datasets/ldthanh/epic-kitchens-100-p1/P22/videos/P22_07.MP4
P22_07_393,P22,P22_07,00:18:17.350,00:18:15.25,00:18:16.26,65715,65775,rinse hands,rinse,2,hand,11,['hand'],[11],official_train,WASHING,/kaggle/input/datasets/ldthanh/epic-kitchens-100-p1/P22/videos/P22_07.MP4
P22_07_396,P22,P22_07,00:18:23.120,00:18:22.50,00:18:23.86,66150,66231,put down cloth,put-down,1,cloth,17,['cloth'],[17],official_train,PUT DOWN,/kaggle/input/datasets/ldthanh/epic-kitchens-100-p1/P22/videos/P22_07.MP4
P22_07_397,P22,P22_07,00:18:28.810,00:18:27.03,00:18:28.58,66421,66514,open drawer,open,3,drawer,8,['drawer'],[8],official_train,OPENS,/kaggle/input/datasets/ldthanh/epic-kitchens-100-p1/P22/videos/P22_07.MP4
P22_07_40,P22,P22_07,00:01:12.510,00:01:12.04,00:01:13.89,4322,4433,put down cloth,put-down,1,cloth,17,['cloth'],[17],official_train,PUT DOWN,/kaggle/input/datasets/ldthanh/epic-kitchens-100-p1/P22/videos/P22_07.MP4
P22_07_406,P22,P22_07,00:19:00.640,00:19:00.15,00:19:01.08,68409,68464,put down wooden spoon,put-down,1,spoon:wooden,1,['spoon:wooden'],[1],official_train,PUT DOWN,/kaggle/input/datasets/ldthanh/epic-kitchens-100-p1/P22/videos/P22_07.MP4
P22_07_409,P22,P22_07,00:19:10.800,00:19:08.66,00:19:10.88,68919,69052,pick up container,pick-up,0,container,21,['container'],[21],official_train,PICKS UP,/kaggle/input/datasets/ldthanh/epic-kitchens-100-p1/P22/videos/P22_07.MP4
P22_07_41,P22,P22_07,00:01:14.590,00:01:13.83,00:01:14.71,4429,4482,pick up sponge,pick-up,0,sponge,9,['sponge'],[9],official_train,PICKS UP,/kaggle/input/datasets/ldthanh/epic-kitchens-100-p1/P22/videos/P22_07.MP4
P22_07_411,P22,P22_07,00:19:15.280,00:19:13.38,00:19:15.38,69202,69322,pick up kettle,pick-up,0,kettle,44,['kettle'],[44],official_train,PICKS UP,/kaggle/input/datasets/ldthanh/epic-kitchens-100-p1/P22/videos/P22_07.MP4
P22_07_417,P22,P22_07,00:19:44.790,00:19:44.69,00:19:45.83,71081,71149,put down kettle,put-down,1,kettle,44,['kettle'],[44],official_train,PUT DOWN,/kaggle/input/datasets/ldthanh/epic-kitchens-100-p1/P22/videos/P22_07.MP4
P22_07_418,P22,P22_07,00:19:48.610,00:19:48.20,00:19:48.90,71292,71334,pick up salt,pick-up,0,salt,38,['salt'],[38],official_train,PICKS UP,/kaggle/input/datasets/ldthanh/epic-kitchens-100-p1/P22/videos/P22_07.MP4
P22_07_419,P22,P22_07,00:19:52.370,00:19:49.94,00:19:50.94,71396,71456,open drawer,open,3,drawer,8,['drawer'],[8],official_train,OPENS,/kaggle/input/datasets/ldthanh/epic-kitchens-100-p1/P22/videos/P22_07.MP4
P22_07_42,P22,P22_07,00:01:15.650,00:01:13.88,00:01:18.38,4432,4702,rinse sponge,rinse,2,sponge,9,['sponge'],[9],official_train,WASHING,/kaggle/input/datasets/ldthanh/epic-kitchens-100-p1/P22/videos/P22_07.MP4
P22_07_420,P22,P22_07,00:19:55.370,00:19:51.00,00:19:55.19,71460,71711,pick up spoon,pick-up,0,spoon,1,['spoon'],[1],official_train,PICKS UP,/kaggle/input/datasets/ldthanh/epic-kitchens-100-p1/P22/videos/P22_07.MP4
P22_07_422,P22,P22_07,00:19:59.010,00:19:58.48,00:20:00.65,71908,72039,open salt,open,3,salt,38,['salt'],[38],official_train,OPENS,/kaggle/input/datasets/ldthanh/epic-kitchens-100-p1/P22/videos/P22_07.MP4
P22_07_424,P22,P22_07,00:20:08.990,00:20:09.09,00:20:09.69,72545,72581,put salt,put,1,salt,38,['salt'],[38],official_train,PUT DOWN,/kaggle/input/datasets/ldthanh/epic-kitchens-100-p1/P22/videos/P22_07.MP4
P22_07_426,P22,P22_07,00:20:13.330,00:20:12.60,00:20:15.42,72756,72925,put sale,put,1,sale,38,['sale'],[38],official_train,PUT DOWN,/kaggle/input/datasets/ldthanh/epic-kitchens-100-p1/P22/videos/P22_07.MP4
P22_07_428,P22,P22_07,00:20:23.160,00:20:22.28,00:20:24.03,73336,73441,put lid,put,1,lid,6,['lid'],[6],official_train,PUT DOWN,/kaggle/input/datasets/ldthanh/epic-kitchens-100-p1/P22/videos/P22_07.MP4
P22_07_429,P22,P22_07,00:20:35.450,00:20:23.58,00:20:34.49,73414,74069,put spoon,put,1,spoon,1,['spoon'],[1],official_train,PUT DOWN,/kaggle/input/datasets/ldthanh/epic-kitchens-100-p1/P22/videos/P22_07.MP4
P22_07_43,P22,P22_07,00:01:18.760,00:01:18.10,00:01:19.23,4686,4753,put down sponge,put-down,1,sponge,9,['sponge'],[9],official_train,PUT DOWN,/kaggle/input/datasets/ldthanh/epic-kitchens-100-p1/P22/videos/P22_07.MP4
P22_07_430,P22,P22_07,00:20:38.310,00:20:37.42,00:20:38.37,74245,74302,pick up put plug,pick-up,0,plug,153,['plug'],[153],official_train,PICKS UP,/kaggle/input/datasets/ldthanh/epic-kitchens-100-p1/P22/videos/P22_07.MP4
P22_07_431,P22,P22_07,00:20:40.580,00:20:39.67,00:20:41.06,74380,74463,put salt,put,1,salt,38,['salt'],[38],official_train,PUT DOWN,/kaggle/input/datasets/ldthanh/epic-kitchens-100-p1/P22/videos/P22_07.MP4
P22_07_433,P22,P22_07,00:20:47.660,00:20:46.35,00:20:48.30,74781,74898,put lid,put,1,lid,6,['lid'],[6],official_train,PUT DOWN,/kaggle/input/datasets/ldthanh/epic-kitchens-100-p1/P22/videos/P22_07.MP4
P22_07_434,P22,P22_07,00:20:49.420,00:20:49.21,00:20:49.96,74952,74997,open drawer,open,3,drawer,8,['drawer'],[8],official_train,OPENS,/kaggle/input/datasets/ldthanh/epic-kitchens-100-p1/P22/videos/P22_07.MP4
P22_07_435,P22,P22_07,00:20:54.060,00:20:50.14,00:20:54.34,75008,75260,pick up wooden fork,pick-up,0,fork:wooden,14,['fork:wooden'],[14],official_train,PICKS UP,/kaggle/input/datasets/ldthanh/epic-kitchens-100-p1/P22/videos/P22_07.MP4
P22_07_437,P22,P22_07,00:21:00.920,00:21:00.26,00:21:01.32,75615,75679,put down wooden fork,put-down,1,fork:wooden,14,['fork:wooden'],[14],official_train,PUT DOWN,/kaggle/input/datasets/ldthanh/epic-kitchens-100-p1/P22/videos/P22_07.MP4
P22_07_438,P22,P22_07,00:21:07.460,00:21:06.62,00:21:08.01,75997,76080,pick up pasta,pick-up,0,pasta,45,['pasta'],[45],official_train,PICKS UP,/kaggle/input/datasets/ldthanh/epic-kitchens-100-p1/P22/videos/P22_07.MP4
P22_07_44,P22,P22_07,00:01:20.300,00:01:19.26,00:01:20.33,4755,4819,rinse hands,rinse,2,hand,11,['hand'],[11],official_train,WASHING,/kaggle/input/datasets/ldthanh/epic-kitchens-100-p1/P22/videos/P22_07.MP4
P22_07_440,P22,P22_07,00:21:16.670,00:21:15.90,00:21:17.25,76554,76635,put down pasta,put-down,1,pasta,45,['pasta'],[45],official_train,PUT DOWN,/kaggle/input/datasets/ldthanh/epic-kitchens-100-p1/P22/videos/P22_07.MP4
P22_07_442,P22,P22_07,00:21:20.190,00:21:18.97,00:21:20.39,76738,76823,pick up lid,pick-up,0,lid,6,['lid'],[6],official_train,PICKS UP,/kaggle/input/datasets/ldthanh/epic-kitchens-100-p1/P22/videos/P22_07.MP4
P22_07_443,P22,P22_07,00:21:21.190,00:21:20.38,00:21:21.52,76822,76891,pick up wooden spoon,pick-up,0,spoon:wooden,1,['spoon:wooden'],[1],official_train,PICKS UP,/kaggle/input/datasets/ldthanh/epic-kitchens-100-p1/P22/videos/P22_07.MP4
P22_07_444,P22,P22_07,00:21:24.310,00:21:23.39,00:21:24.59,77003,77075,put down lid,put-down,1,lid,6,['lid'],[6],official_train,PUT DOWN,/kaggle/input/datasets/ldthanh/epic-kitchens-100-p1/P22/videos/P22_07.MP4
P22_07_445,P22,P22_07,00:21:25.310,00:21:24.19,00:21:24.97,77051,77098,put down wooden spoon,put-down,1,spoon:wooden,1,['spoon:wooden'],[1],official_train,PUT DOWN,/kaggle/input/datasets/ldthanh/epic-kitchens-100-p1/P22/videos/P22_07.MP4
P22_07_446,P22,P22_07,00:21:26.310,00:21:25.16,00:21:25.91,77109,77154,pick up lighter,pick-up,0,lighter,130,['lighter'],[130],official_train,PICKS UP,/kaggle/input/datasets/ldthanh/epic-kitchens-100-p1/P22/videos/P22_07.MP4
P22_07_447,P22,P22_07,00:21:27.310,00:21:25.69,00:21:26.21,77141,77172,open drawer,open,3,drawer,8,['drawer'],[8],official_train,OPENS,/kaggle/input/datasets/ldthanh/epic-kitchens-100-p1/P22/videos/P22_07.MP4
P22_07_449,P22,P22_07,00:21:29.310,00:21:28.43,00:21:29.24,77305,77354,open drawer,open,3,drawer,8,['drawer'],[8],official_train,OPENS,/kaggle/input/datasets/ldthanh/epic-kitchens-100-p1/P22/videos/P22_07.MP4
P22_07_45,P22,P22_07,00:01:21.400,00:01:20.36,00:01:20.93,4821,4855,pick up sponge,pick-up,0,sponge,9,['sponge'],[9],official_train,PICKS UP,/kaggle/input/datasets/ldthanh/epic-kitchens-100-p1/P22/videos/P22_07.MP4
P22_07_450,P22,P22_07,00:21:30.310,00:21:29.34,00:21:30.17,77360,77410,pick up lighter,pick-up,0,lighter,130,['lighter'],[130],official_train,PICKS UP,/kaggle/input/datasets/ldthanh/epic-kitchens-100-p1/P22/videos/P22_07.MP4
P22_07_453,P22,P22_07,00:21:40.530,00:21:41.31,00:21:41.87,78078,78112,take,take,0,drawer,8,['drawer'],[8],official_train,PICKS UP,/kaggle/input/datasets/ldthanh/epic-kitchens-100-p1/P22/videos/P22_07.MP4
P22_07_454,P22,P22_07,00:21:44.250,00:21:43.19,00:21:44.94,78191,78296,set down scale,set-down,1,scale,108,['scale'],[108],official_train,PUT DOWN,/kaggle/input/datasets/ldthanh/epic-kitchens-100-p1/P22/videos/P22_07.MP4
P22_07_456,P22,P22_07,00:21:52.030,00:21:50.88,00:21:51.89,78652,78713,wash hands,wash,2,hand,11,['hand'],[11],official_train,WASHING,/kaggle/input/datasets/ldthanh/epic-kitchens-100-p1/P22/videos/P22_07.MP4
P22_07_457,P22,P22_07,00:21:53.220,00:21:51.85,00:21:55.06,78711,78903,soap spoon,lather,2,spoon:soap,1,['spoon:soap'],[1],official_train,WASHING,/kaggle/input/datasets/ldthanh/epic-kitchens-100-p1/P22/videos/P22_07.MP4
P22_07_458,P22,P22_07,00:21:56.120,00:21:55.49,00:22:00.07,78929,79204,rinse spoon,rinse,2,spoon,1,['spoon'],[1],official_train,WASHING,/kaggle/input/datasets/ldthanh/epic-kitchens-100-p1/P22/videos/P22_07.MP4
P22_07_46,P22,P22_07,00:01:22.400,00:01:20.90,00:01:21.53,4854,4891,rinse sponge,rinse,2,sponge,9,['sponge'],[9],official_train,WASHING,/kaggle/input/datasets/ldthanh/epic-kitchens-100-p1/P22/videos/P22_07.MP4
P22_07_460,P22,P22_07,00:22:01.300,00:22:00.91,00:22:02.17,79254,79330,put spoon,put,1,spoon,1,['spoon'],[1],official_train,PUT DOWN,/kaggle/input/datasets/ldthanh/epic-kitchens-100-p1/P22/videos/P22_07.MP4
P22_07_462,P22,P22_07,00:22:12.510,00:22:11.52,00:22:12.33,79891,79939,take cloth,take,0,cloth,17,['cloth'],[17],official_train,PICKS UP,/kaggle/input/datasets/ldthanh/epic-kitchens-100-p1/P22/videos/P22_07.MP4
P22_07_463,P22,P22_07,00:22:15.080,00:22:13.17,00:22:14.63,79990,80077,open closet,open,3,closet,3,['closet'],[3],official_train,OPENS,/kaggle/input/datasets/ldthanh/epic-kitchens-100-p1/P22/videos/P22_07.MP4
P22_07_464,P22,P22_07,00:22:17.280,00:22:14.23,00:22:16.66,80053,80199,take cleanser,take,0,cleanser,22,['cleanser'],[22],official_train,PICKS UP,/kaggle/input/datasets/ldthanh/epic-kitchens-100-p1/P22/videos/P22_07.MP4
P22_07_466,P22,P22_07,00:22:24.720,00:22:23.15,00:22:32.84,80589,81170,wash table,wash,2,table,42,['table'],[42],official_train,WASHING,/kaggle/input/datasets/ldthanh/epic-kitchens-100-p1/P22/videos/P22_07.MP4
P22_07_468,P22,P22_07,00:22:29.860,00:22:33.49,00:22:36.64,81209,81398,wash table,wash,2,table,42,['table'],[42],official_train,WASHING,/kaggle/input/datasets/ldthanh/epic-kitchens-100-p1/P22/videos/P22_07.MP4
P22_07_469,P22,P22_07,00:22:35.380,00:22:36.74,00:22:39.28,81404,81556,clean table,clean,2,table,42,['table'],[42],official_train,WASHING,/kaggle/input/datasets/ldthanh/epic-kitchens-100-p1/P22/videos/P22_07.MP4
P22_07_470,P22,P22_07,00:22:42.530,00:22:41.98,00:22:44.71,81718,81882,put down detergent,put-down,1,detergent,22,['detergent'],[22],official_train,PUT DOWN,/kaggle/input/datasets/ldthanh/epic-kitchens-100-p1/P22/videos/P22_07.MP4
P22_07_471,P22,P22_07,00:22:43.620,00:22:42.69,00:22:43.91,81761,81834,open cabinet,open,3,cabinet,3,['cabinet'],[3],official_train,OPENS,/kaggle/input/datasets/ldthanh/epic-kitchens-100-p1/P22/videos/P22_07.MP4
P22_07_472,P22,P22_07,00:22:44.620,00:22:43.26,00:22:45.48,81795,81928,put away detergent,put,1,detergent,22,['detergent'],[22],official_train,PUT DOWN,/kaggle/input/datasets/ldthanh/epic-kitchens-100-p1/P22/videos/P22_07.MP4
P22_07_474,P22,P22_07,00:22:47.550,00:22:46.28,00:22:49.22,81976,82153,rinse cloth,rinse,2,cloth,17,['cloth'],[17],official_train,WASHING,/kaggle/input/datasets/ldthanh/epic-kitchens-100-p1/P22/videos/P22_07.MP4
P22_07_476,P22,P22_07,00:22:56.300,00:22:55.00,00:23:02.01,82500,82920,clean table,clean,2,table,42,['table'],[42],official_train,WASHING,/kaggle/input/datasets/ldthanh/epic-kitchens-100-p1/P22/videos/P22_07.MP4
P22_07_478,P22,P22_07,00:23:09.750,00:23:10.21,00:23:11.16,83412,83469,rinse cloth,rinse,2,cloth,17,['cloth'],[17],official_train,WASHING,/kaggle/input/datasets/ldthanh/epic-kitchens-100-p1/P22/videos/P22_07.MP4
P22_07_479,P22,P22_07,00:23:13.480,00:23:11.90,00:23:12.84,83514,83570,put down cloth,put-down,1,cloth,17,['cloth'],[17],official_train,PUT DOWN,/kaggle/input/datasets/ldthanh/epic-kitchens-100-p1/P22/videos/P22_07.MP4
P22_07_480,P22,P22_07,00:23:16.510,00:23:15.70,00:23:16.54,83742,83792,open cabinet,open,3,cabinet,3,['cabinet'],[3],official_train,OPENS,/kaggle/input/datasets/ldthanh/epic-kitchens-100-p1/P22/videos/P22_07.MP4
P22_07_481,P22,P22_07,00:23:20.090,00:23:17.12,00:23:20.44,83827,84026,pick up plate,pick-up,0,plate,2,['plate'],[2],official_train,PICKS UP,/kaggle/input/datasets/ldthanh/epic-kitchens-100-p1/P22/videos/P22_07.MP4
P22_07_482,P22,P22_07,00:23:19.090,00:23:17.20,00:23:22.07,83832,84124,pick up plate,pick-up,0,plate,2,['plate'],[2],official_train,PICKS UP,/kaggle/input/datasets/ldthanh/epic-kitchens-100-p1/P22/videos/P22_07.MP4
P22_07_484,P22,P22_07,00:23:26.560,00:23:24.11,00:23:27.32,84246,84439,put down plates,put-down,1,plate,2,['plate'],[2],official_train,PUT DOWN,/kaggle/input/datasets/ldthanh/epic-kitchens-100-p1/P22/videos/P22_07.MP4
P22_07_485,P22,P22_07,00:23:27.560,00:23:27.42,00:23:28.11,84445,84486,open drawer,open,3,drawer,8,['drawer'],[8],official_train,OPENS,/kaggle/input/datasets/ldthanh/epic-kitchens-100-p1/P22/videos/P22_07.MP4
P22_07_487,P22,P22_07,00:23:33.970,00:23:29.81,00:23:32.75,84588,84765,pick up place mat,pick-up,0,mat:place,84,['mat:place'],[84],official_train,PICKS UP,/kaggle/input/datasets/ldthanh/epic-kitchens-100-p1/P22/videos/P22_07.MP4
P22_07_488,P22,P22_07,00:23:31.380,00:23:32.85,00:23:34.37,84771,84862,pick up place mat,pick-up,0,mat:place,84,['mat:place'],[84],official_train,PICKS UP,/kaggle/input/datasets/ldthanh/epic-kitchens-100-p1/P22/videos/P22_07.MP4
P22_07_49,P22,P22_07,00:01:26.480,00:01:25.86,00:01:26.40,5151,5184,rinse sponge,rinse,2,sponge,9,['sponge'],[9],official_train,WASHING,/kaggle/input/datasets/ldthanh/epic-kitchens-100-p1/P22/videos/P22_07.MP4
P22_07_490,P22,P22_07,00:23:37.200,00:23:36.19,00:23:36.82,84971,85009,pick up trivet,pick-up,0,trivet,24,['trivet'],[24],official_train,PICKS UP,/kaggle/input/datasets/ldthanh/epic-kitchens-100-p1/P22/videos/P22_07.MP4
P22_07_492,P22,P22_07,00:23:39.250,00:23:38.40,00:23:39.65,85104,85179,put down trivet,put-down,1,trivet,24,['trivet'],[24],official_train,PUT DOWN,/kaggle/input/datasets/ldthanh/epic-kitchens-100-p1/P22/videos/P22_07.MP4
P22_07_495,P22,P22_07,00:23:50.740,00:23:50.14,00:23:51.09,85808,85865,open drawer,open,3,drawer,8,['drawer'],[8],official_train,OPENS,/kaggle/input/datasets/ldthanh/epic-kitchens-100-p1/P22/videos/P22_07.MP4
P22_07_496,P22,P22_07,00:23:56.620,00:23:51.17,00:23:56.36,85870,86181,pick up silverware,pick-up,0,silverware,58,['silverware'],[58],official_train,PICKS UP,/kaggle/input/datasets/ldthanh/epic-kitchens-100-p1/P22/videos/P22_07.MP4
P22_07_497,P22,P22_07,00:24:00.380,00:23:58.60,00:23:59.89,86316,86393,put down fork,put-down,1,fork,14,['fork'],[14],official_train,PUT DOWN,/kaggle/input/datasets/ldthanh/epic-kitchens-100-p1/P22/videos/P22_07.MP4
P22_07_498,P22,P22_07,00:23:59.360,00:23:59.74,00:24:00.54,86384,86432,put down fork,put-down,1,fork,14,['fork'],[14],official_train,PUT DOWN,/kaggle/input/datasets/ldthanh/epic-kitchens-100-p1/P22/videos/P22_07.MP4
P22_07_499,P22,P22_07,00:24:03.340,00:24:02.15,00:24:03.48,86529,86608,open lid,open,3,lid,6,['lid'],[6],official_train,OPENS,/kaggle/input/datasets/ldthanh/epic-kitchens-100-p1/P22/videos/P22_07.MP4
P22_07_5,P22,P22_07,00:00:10.330,00:00:09.62,00:00:10.55,577,633,pick up paper,pick-up,0,paper,49,['paper'],[49],official_train,PICKS UP,/kaggle/input/datasets/ldthanh/epic-kitchens-100-p1/P22/videos/P22_07.MP4
P22_07_50,P22,P22_07,00:01:28.050,00:01:25.93,00:01:29.43,5155,5365,lather glass,lather,2,glass,10,['glass'],[10],official_train,WASHING,/kaggle/input/datasets/ldthanh/epic-kitchens-100-p1/P22/videos/P22_07.MP4
P22_07_503,P22,P22_07,00:24:10.970,00:24:09.89,00:24:11.92,86993,87115,put down wooden spoon,put-down,1,spoon:wooden,1,['spoon:wooden'],[1],official_train,PUT DOWN,/kaggle/input/datasets/ldthanh/epic-kitchens-100-p1/P22/videos/P22_07.MP4
P22_07_504,P22,P22_07,00:24:15.300,00:24:13.21,00:24:15.82,87192,87349,pick up plates,pick-up,0,plate,2,['plate'],[2],official_train,PICKS UP,/kaggle/input/datasets/ldthanh/epic-kitchens-100-p1/P22/videos/P22_07.MP4
P22_07_505,P22,P22_07,00:24:18.090,00:24:15.44,00:24:17.41,87326,87444,put down plate,put-down,1,plate,2,['plate'],[2],official_train,PUT DOWN,/kaggle/input/datasets/ldthanh/epic-kitchens-100-p1/P22/videos/P22_07.MP4
P22_07_506,P22,P22_07,00:24:16.330,00:24:17.29,00:24:18.44,87437,87506,put down plate,put-down,1,plate,2,['plate'],[2],official_train,PUT DOWN,/kaggle/input/datasets/ldthanh/epic-kitchens-100-p1/P22/videos/P22_07.MP4
P22_07_507,P22,P22_07,00:24:22.710,00:24:21.05,00:24:21.95,87663,87717,pick up ladle,pick-up,0,ladle,97,['ladle'],[97],official_train,PICKS UP,/kaggle/input/datasets/ldthanh/epic-kitchens-100-p1/P22/videos/P22_07.MP4
P22_07_509,P22,P22_07,00:24:31.940,00:24:30.80,00:24:32.97,88248,88378,put down wooden fork,put-down,1,fork:wooden,14,['fork:wooden'],[14],official_train,PUT DOWN,/kaggle/input/datasets/ldthanh/epic-kitchens-100-p1/P22/videos/P22_07.MP4
P22_07_51,P22,P22_07,00:01:31.060,00:01:29.53,00:01:33.46,5371,5607,lather bowl,lather,2,bowl,7,['bowl'],[7],official_train,WASHING,/kaggle/input/datasets/ldthanh/epic-kitchens-100-p1/P22/videos/P22_07.MP4
P22_07_510,P22,P22_07,00:24:36.630,00:24:34.60,00:24:36.84,88476,88610,pick up glass,pick-up,0,glass,10,['glass'],[10],official_train,PICKS UP,/kaggle/input/datasets/ldthanh/epic-kitchens-100-p1/P22/videos/P22_07.MP4
P22_07_511,P22,P22_07,00:24:35.530,00:24:34.80,00:24:35.94,88488,88556,open cabinet,open,3,cabinet,3,['cabinet'],[3],official_train,OPENS,/kaggle/input/datasets/ldthanh/epic-kitchens-100-p1/P22/videos/P22_07.MP4
P22_07_512,P22,P22_07,00:24:39.100,00:24:36.04,00:24:36.79,88562,88607,pick up glass,pick-up,0,glass,10,['glass'],[10],official_train,PICKS UP,/kaggle/input/datasets/ldthanh/epic-kitchens-100-p1/P22/videos/P22_07.MP4
P22_07_513,P22,P22_07,00:24:40.210,00:24:38.06,00:24:40.04,88683,88802,put down glass,put-down,1,glass,10,['glass'],[10],official_train,PUT DOWN,/kaggle/input/datasets/ldthanh/epic-kitchens-100-p1/P22/videos/P22_07.MP4
P22_07_514,P22,P22_07,00:24:41.210,00:24:40.41,00:24:41.63,88824,88897,put down glass,put-down,1,glass,10,['glass'],[10],official_train,PUT DOWN,/kaggle/input/datasets/ldthanh/epic-kitchens-100-p1/P22/videos/P22_07.MP4
P22_07_515,P22,P22_07,00:24:44.390,00:24:42.84,00:24:44.34,88970,89060,pick up water,pick-up,0,water,27,['water'],[27],official_train,PICKS UP,/kaggle/input/datasets/ldthanh/epic-kitchens-100-p1/P22/videos/P22_07.MP4
P22_07_516,P22,P22_07,00:24:45.480,00:24:44.58,00:24:45.83,89074,89149,put down water,put-down,1,water,27,['water'],[27],official_train,PUT DOWN,/kaggle/input/datasets/ldthanh/epic-kitchens-100-p1/P22/videos/P22_07.MP4
P22_07_517,P22,P22_07,00:24:50.280,00:24:49.09,00:24:50.22,89345,89413,open microwave oven,open,3,oven:microwave,90,['oven:microwave'],[90],official_train,OPENS,/kaggle/input/datasets/ldthanh/epic-kitchens-100-p1/P22/videos/P22_07.MP4
P22_07_518,P22,P22_07,00:24:51.420,00:24:50.25,00:24:52.02,89415,89521,grab grill,grab,0,grill,24,['grill'],[24],official_train,PICKS UP,/kaggle/input/datasets/ldthanh/epic-kitchens-100-p1/P22/videos/P22_07.MP4
P22_07_52,P22,P22_07,00:01:34.320,00:01:34.25,00:01:37.24,5655,5834,lather fork,lather,2,fork,14,['fork'],[14],official_train,WASHING,/kaggle/input/datasets/ldthanh/epic-kitchens-100-p1/P22/videos/P22_07.MP4
P22_07_522,P22,P22_07,00:25:02.420,00:25:00.64,00:25:03.97,90038,90238,rinse plate,rinse,2,plate,2,['plate'],[2],official_train,WASHING,/kaggle/input/datasets/ldthanh/epic-kitchens-100-p1/P22/videos/P22_07.MP4
P22_07_524,P22,P22_07,00:25:05.660,00:25:06.44,00:25:13.94,90386,90836,lather plate,lather,2,plate,2,['plate'],[2],official_train,WASHING,/kaggle/input/datasets/ldthanh/epic-kitchens-100-p1/P22/videos/P22_07.MP4
P22_07_526,P22,P22_07,00:25:15.680,00:25:15.14,00:25:22.23,90908,91333,rinse plate,rinse,2,plate,2,['plate'],[2],official_train,WASHING,/kaggle/input/datasets/ldthanh/epic-kitchens-100-p1/P22/videos/P22_07.MP4
P22_07_527,P22,P22_07,00:25:23.200,00:25:22.24,00:25:23.99,91334,91439,put down down plate,put-down,1,plate,2,['plate'],[2],official_train,PUT DOWN,/kaggle/input/datasets/ldthanh/epic-kitchens-100-p1/P22/videos/P22_07.MP4
P22_07_529,P22,P22_07,00:25:27.510,00:25:26.52,00:25:27.43,91591,91645,rinse hands,rinse,2,hand,11,['hand'],[11],official_train,WASHING,/kaggle/input/datasets/ldthanh/epic-kitchens-100-p1/P22/videos/P22_07.MP4
P22_07_532,P22,P22_07,00:25:30.580,00:25:34.12,00:25:36.33,92047,92179,put rag,put,1,rag,17,['rag'],[17],official_train,PUT DOWN,/kaggle/input/datasets/ldthanh/epic-kitchens-100-p1/P22/videos/P22_07.MP4
P22_07_533,P22,P22_07,00:25:38.140,00:25:37.09,00:25:37.82,92225,92269,take towel,take,0,towel,52,['towel'],[52],official_train,PICKS UP,/kaggle/input/datasets/ldthanh/epic-kitchens-100-p1/P22/videos/P22_07.MP4
P22_07_534,P22,P22_07,00:25:40.190,00:25:37.28,00:25:39.40,92236,92364,open locker,open,3,locker,3,['locker'],[3],official_train,OPENS,/kaggle/input/datasets/ldthanh/epic-kitchens-100-p1/P22/videos/P22_07.MP4
P22_07_535,P22,P22_07,00:25:41.190,00:25:39.50,00:25:41.22,92370,92473,take detergent,take,0,detergent,22,['detergent'],[22],official_train,PICKS UP,/kaggle/input/datasets/ldthanh/epic-kitchens-100-p1/P22/videos/P22_07.MP4
P22_07_538,P22,P22_07,00:25:52.960,00:25:46.18,00:25:51.90,92770,93114,clean microwave,clean,2,microwave,90,['microwave'],[90],official_train,WASHING,/kaggle/input/datasets/ldthanh/epic-kitchens-100-p1/P22/videos/P22_07.MP4
P22_07_539,P22,P22_07,00:25:48.440,00:25:52.00,00:25:58.71,93120,93522,clean microwave,clean,2,microwave,90,['microwave'],[90],official_train,WASHING,/kaggle/input/datasets/ldthanh/epic-kitchens-100-p1/P22/videos/P22_07.MP4
P22_07_54,P22,P22_07,00:01:38.220,00:01:37.35,00:01:43.72,5841,6223,rinse fork,rinse,2,fork,14,['fork'],[14],official_train,WASHING,/kaggle/input/datasets/ldthanh/epic-kitchens-100-p1/P22/videos/P22_07.MP4
P22_07_540,P22,P22_07,00:26:03.830,00:25:58.81,00:26:05.23,93528,93913,clean microwave,clean,2,microwave,90,['microwave'],[90],official_train,WASHING,/kaggle/input/datasets/ldthanh/epic-kitchens-100-p1/P22/videos/P22_07.MP4
P22_07_542,P22,P22_07,00:26:09.620,00:26:08.59,00:26:09.71,94115,94182,take sponge,take,0,sponge,9,['sponge'],[9],official_train,PICKS UP,/kaggle/input/datasets/ldthanh/epic-kitchens-100-p1/P22/videos/P22_07.MP4
P22_07_544,P22,P22_07,00:26:11.620,00:26:10.66,00:26:11.56,94239,94293,wash sponge,wash,2,sponge,9,['sponge'],[9],official_train,WASHING,/kaggle/input/datasets/ldthanh/epic-kitchens-100-p1/P22/videos/P22_07.MP4
P22_07_547,P22,P22_07,00:26:19.190,00:26:17.25,00:26:21.07,94635,94864,clean microwave,clean,2,microwave,90,['microwave'],[90],official_train,WASHING,/kaggle/input/datasets/ldthanh/epic-kitchens-100-p1/P22/videos/P22_07.MP4
P22_07_548,P22,P22_07,00:26:32.590,00:26:21.17,00:26:29.92,94870,95395,clean microwave,clean,2,microwave,90,['microwave'],[90],official_train,WASHING,/kaggle/input/datasets/ldthanh/epic-kitchens-100-p1/P22/videos/P22_07.MP4
P22_07_549,P22,P22_07,00:26:24.910,00:26:31.02,00:26:38.32,95461,95899,clean microwave,clean,2,microwave,90,['microwave'],[90],official_train,WASHING,/kaggle/input/datasets/ldthanh/epic-kitchens-100-p1/P22/videos/P22_07.MP4
P22_07_551,P22,P22_07,00:26:42.000,00:26:41.39,00:26:44.37,96083,96262,rinse sponge,rinse,2,sponge,9,['sponge'],[9],official_train,WASHING,/kaggle/input/datasets/ldthanh/epic-kitchens-100-p1/P22/videos/P22_07.MP4
P22_07_554,P22,P22_07,00:26:48.350,00:26:48.25,00:26:49.26,96495,96555,put cloth,put,1,cloth,17,['cloth'],[17],official_train,PUT DOWN,/kaggle/input/datasets/ldthanh/epic-kitchens-100-p1/P22/videos/P22_07.MP4
P22_07_555,P22,P22_07,00:26:49.440,00:26:49.36,00:26:50.23,96561,96613,open cupboard,open,3,cupboard,3,['cupboard'],[3],official_train,OPENS,/kaggle/input/datasets/ldthanh/epic-kitchens-100-p1/P22/videos/P22_07.MP4
P22_07_556,P22,P22_07,00:26:51.620,00:26:50.18,00:26:50.94,96610,96656,pick up degreaser,pick-up,0,degreaser,22,['degreaser'],[22],official_train,PICKS UP,/kaggle/input/datasets/ldthanh/epic-kitchens-100-p1/P22/videos/P22_07.MP4
P22_07_557,P22,P22_07,00:26:53.780,00:26:52.17,00:26:52.97,96730,96778,pick up sponge,pick-up,0,sponge,9,['sponge'],[9],official_train,PICKS UP,/kaggle/input/datasets/ldthanh/epic-kitchens-100-p1/P22/videos/P22_07.MP4
P22_07_559,P22,P22_07,00:26:57.670,00:26:58.81,00:27:09.19,97128,97751,clean microwave,clean,2,microwave,90,['microwave'],[90],official_train,WASHING,/kaggle/input/datasets/ldthanh/epic-kitchens-100-p1/P22/videos/P22_07.MP4
P22_07_56,P22,P22_07,00:01:42.530,00:01:41.10,00:01:43.96,6066,6237,rinse fork,rinse,2,fork,14,['fork'],[14],official_train,WASHING,/kaggle/input/datasets/ldthanh/epic-kitchens-100-p1/P22/videos/P22_07.MP4
P22_07_560,P22,P22_07,00:27:10.190,00:27:09.41,00:27:10.57,97764,97834,pick up detergent,pick-up,0,detergent,22,['detergent'],[22],official_train,PICKS UP,/kaggle/input/datasets/ldthanh/epic-kitchens-100-p1/P22/videos/P22_07.MP4
P22_07_561,P22,P22_07,00:27:11.190,00:27:10.45,00:27:11.21,97827,97872,put down detergent,put-down,1,detergent,22,['detergent'],[22],official_train,PUT DOWN,/kaggle/input/datasets/ldthanh/epic-kitchens-100-p1/P22/videos/P22_07.MP4
P22_07_562,P22,P22_07,00:27:12.190,00:27:10.94,00:27:11.86,97856,97911,pick up support,pick-up,0,support,24,['support'],[24],official_train,PICKS UP,/kaggle/input/datasets/ldthanh/epic-kitchens-100-p1/P22/videos/P22_07.MP4
P22_07_563,P22,P22_07,00:27:13.880,00:27:12.69,00:27:13.75,97961,98025,pick up grill,pick-up,0,grill,24,['grill'],[24],official_train,PICKS UP,/kaggle/input/datasets/ldthanh/epic-kitchens-100-p1/P22/videos/P22_07.MP4
P22_07_564,P22,P22_07,00:27:15.950,00:27:15.62,00:27:16.46,98137,98187,put down grill,put-down,1,grill,24,['grill'],[24],official_train,PUT DOWN,/kaggle/input/datasets/ldthanh/epic-kitchens-100-p1/P22/videos/P22_07.MP4
P22_07_565,P22,P22_07,00:27:16.950,00:27:16.56,00:27:17.40,98193,98244,put down support,put-down,1,support,24,['support'],[24],official_train,PUT DOWN,/kaggle/input/datasets/ldthanh/epic-kitchens-100-p1/P22/videos/P22_07.MP4
P22_07_566,P22,P22_07,00:27:19.750,00:27:18.32,00:27:27.82,98299,98869,lather grill,lather,2,grill,24,['grill'],[24],official_train,WASHING,/kaggle/input/datasets/ldthanh/epic-kitchens-100-p1/P22/videos/P22_07.MP4
P22_07_567,P22,P22_07,00:27:33.070,00:27:27.92,00:27:32.06,98875,99123,lather grill,lather,2,grill,24,['grill'],[24],official_train,WASHING,/kaggle/input/datasets/ldthanh/epic-kitchens-100-p1/P22/videos/P22_07.MP4
P22_07_568,P22,P22_07,00:27:39.280,00:27:32.16,00:27:37.53,99129,99451,lather grill,lather,2,grill,24,['grill'],[24],official_train,WASHING,/kaggle/input/datasets/ldthanh/epic-kitchens-100-p1/P22/videos/P22_07.MP4
P22_07_569,P22,P22_07,00:27:26.290,00:27:37.63,00:27:42.15,99457,99729,lather grill,lather,2,grill,24,['grill'],[24],official_train,WASHING,/kaggle/input/datasets/ldthanh/epic-kitchens-100-p1/P22/videos/P22_07.MP4
P22_07_57,P22,P22_07,00:01:43.960,00:01:44.05,00:01:45.30,6243,6318,put down down fork,put-down,1,fork,14,['fork'],[14],official_train,PUT DOWN,/kaggle/input/datasets/ldthanh/epic-kitchens-100-p1/P22/videos/P22_07.MP4
P22_07_570,P22,P22_07,00:27:42.730,00:27:42.22,00:27:43.25,99733,99795,put down grill,put-down,1,grill,24,['grill'],[24],official_train,PUT DOWN,/kaggle/input/datasets/ldthanh/epic-kitchens-100-p1/P22/videos/P22_07.MP4
P22_07_573,P22,P22_07,00:27:51.390,00:27:48.93,00:27:53.06,100135,100383,lather support,lather,2,support,24,['support'],[24],official_train,WASHING,/kaggle/input/datasets/ldthanh/epic-kitchens-100-p1/P22/videos/P22_07.MP4
P22_07_575,P22,P22_07,00:27:54.770,00:27:54.63,00:28:04.27,100477,101056,rinse support,rinse,2,support,24,['support'],[24],official_train,WASHING,/kaggle/input/datasets/ldthanh/epic-kitchens-100-p1/P22/videos/P22_07.MP4
P22_07_576,P22,P22_07,00:28:04.630,00:28:04.37,00:28:05.36,101062,101121,put down down support,put-down,1,support,24,['support'],[24],official_train,PUT DOWN,/kaggle/input/datasets/ldthanh/epic-kitchens-100-p1/P22/videos/P22_07.MP4
P22_07_577,P22,P22_07,00:28:05.840,00:28:05.22,00:28:09.08,101113,101344,rinse grill,rinse,2,grill,24,['grill'],[24],official_train,WASHING,/kaggle/input/datasets/ldthanh/epic-kitchens-100-p1/P22/videos/P22_07.MP4
P22_07_578,P22,P22_07,00:28:10.610,00:28:10.08,00:28:12.34,101404,101540,lather grill,lather,2,grill,24,['grill'],[24],official_train,WASHING,/kaggle/input/datasets/ldthanh/epic-kitchens-100-p1/P22/videos/P22_07.MP4
P22_07_579,P22,P22_07,00:28:13.280,00:28:12.44,00:28:14.86,101546,101691,rinse grill,rinse,2,grill,24,['grill'],[24],official_train,WASHING,/kaggle/input/datasets/ldthanh/epic-kitchens-100-p1/P22/videos/P22_07.MP4
P22_07_58,P22,P22_07,00:01:45.920,00:01:44.63,00:01:49.53,6277,6571,rinse glass,rinse,2,glass,10,['glass'],[10],official_train,WASHING,/kaggle/input/datasets/ldthanh/epic-kitchens-100-p1/P22/videos/P22_07.MP4
P22_07_580,P22,P22_07,00:28:16.300,00:28:15.46,00:28:17.21,101727,101832,lather grill,lather,2,grill,24,['grill'],[24],official_train,WASHING,/kaggle/input/datasets/ldthanh/epic-kitchens-100-p1/P22/videos/P22_07.MP4
P22_07_581,P22,P22_07,00:28:23.200,00:28:17.08,00:28:23.70,101824,102222,rinse grill,rinse,2,grill,24,['grill'],[24],official_train,WASHING,/kaggle/input/datasets/ldthanh/epic-kitchens-100-p1/P22/videos/P22_07.MP4
P22_07_582,P22,P22_07,00:28:18.400,00:28:17.31,00:28:24.03,101838,102241,rinse grill,rinse,2,grill,24,['grill'],[24],official_train,WASHING,/kaggle/input/datasets/ldthanh/epic-kitchens-100-p1/P22/videos/P22_07.MP4
P22_07_583,P22,P22_07,00:28:24.440,00:28:24.15,00:28:25.29,102249,102317,put down down grill,put-down,1,grill,24,['grill'],[24],official_train,PUT DOWN,/kaggle/input/datasets/ldthanh/epic-kitchens-100-p1/P22/videos/P22_07.MP4
P22_07_584,P22,P22_07,00:28:26.570,00:28:25.79,00:28:27.15,102347,102429,rinse sponge,rinse,2,sponge,9,['sponge'],[9],official_train,WASHING,/kaggle/input/datasets/ldthanh/epic-kitchens-100-p1/P22/videos/P22_07.MP4
P22_07_585,P22,P22_07,00:28:27.820,00:28:27.25,00:28:28.59,102435,102515,rinse sponge,rinse,2,sponge,9,['sponge'],[9],official_train,WASHING,/kaggle/input/datasets/ldthanh/epic-kitchens-100-p1/P22/videos/P22_07.MP4
P22_07_586,P22,P22_07,00:28:28.850,00:28:28.69,00:28:29.39,102521,102563,put down down sponge,put-down,1,sponge,9,['sponge'],[9],official_train,PUT DOWN,/kaggle/input/datasets/ldthanh/epic-kitchens-100-p1/P22/videos/P22_07.MP4
P22_07_587,P22,P22_07,00:28:29.970,00:28:29.89,00:28:30.56,102593,102633,put down down sponge,put-down,1,sponge,9,['sponge'],[9],official_train,PUT DOWN,/kaggle/input/datasets/ldthanh/epic-kitchens-100-p1/P22/videos/P22_07.MP4
P22_07_588,P22,P22_07,00:28:31.260,00:28:30.94,00:28:31.78,102656,102706,rinse hands,rinse,2,hand,11,['hand'],[11],official_train,WASHING,/kaggle/input/datasets/ldthanh/epic-kitchens-100-p1/P22/videos/P22_07.MP4
P22_07_59,P22,P22_07,00:01:56.120,00:01:50.59,00:01:58.07,6635,7084,rinse glass,rinse,2,glass,10,['glass'],[10],official_train,WASHING,/kaggle/input/datasets/ldthanh/epic-kitchens-100-p1/P22/videos/P22_07.MP4
P22_07_591,P22,P22_07,00:28:35.920,00:28:37.30,00:28:38.05,103038,103083,put down down rug,put-down,1,rug,52,['rug'],[52],official_train,PUT DOWN,/kaggle/input/datasets/ldthanh/epic-kitchens-100-p1/P22/videos/P22_07.MP4
P22_07_592,P22,P22_07,00:28:39.730,00:28:38.60,00:28:39.29,103116,103157,grab cloth,grab,0,cloth,17,['cloth'],[17],official_train,PICKS UP,/kaggle/input/datasets/ldthanh/epic-kitchens-100-p1/P22/videos/P22_07.MP4
P22_07_593,P22,P22_07,00:28:41.380,00:28:39.39,00:28:43.01,103163,103380,clean microwave oven,clean,2,oven:microwave,90,['oven:microwave'],[90],official_train,WASHING,/kaggle/input/datasets/ldthanh/epic-kitchens-100-p1/P22/videos/P22_07.MP4
P22_07_594,P22,P22_07,00:28:44.170,00:28:42.87,00:28:47.82,103372,103669,clean stove,clean,2,stove,24,['stove'],[24],official_train,WASHING,/kaggle/input/datasets/ldthanh/epic-kitchens-100-p1/P22/videos/P22_07.MP4
P22_07_595,P22,P22_07,00:28:53.850,00:28:47.75,00:28:54.54,103665,104072,clean microwave,clean,2,microwave,90,['microwave'],[90],official_train,WASHING,/kaggle/input/datasets/ldthanh/epic-kitchens-100-p1/P22/videos/P22_07.MP4
P22_07_596,P22,P22_07,00:28:48.550,00:28:54.41,00:28:58.70,104064,104322,clean microwave,clean,2,microwave,90,['microwave'],[90],official_train,WASHING,/kaggle/input/datasets/ldthanh/epic-kitchens-100-p1/P22/videos/P22_07.MP4
P22_07_597,P22,P22_07,00:29:00.100,00:28:58.80,00:29:02.47,104328,104548,clean stove top,clean,2,top:stove,24,['top:stove'],[24],official_train,WASHING,/kaggle/input/datasets/ldthanh/epic-kitchens-100-p1/P22/videos/P22_07.MP4
P22_07_598,P22,P22_07,00:29:05.400,00:28:59.88,00:29:03.01,104392,104580,clean stove top,clean,2,top:stove,24,['top:stove'],[24],official_train,WASHING,/kaggle/input/datasets/ldthanh/epic-kitchens-100-p1/P22/videos/P22_07.MP4
P22_07_599,P22,P22_07,00:29:06.400,00:29:02.52,00:29:06.48,104551,104788,clean microwave,clean,2,microwave,90,['microwave'],[90],official_train,WASHING,/kaggle/input/datasets/ldthanh/epic-kitchens-100-p1/P22/videos/P22_07.MP4
P22_07_60,P22,P22_07,00:02:02.810,00:01:52.24,00:02:02.96,6734,7377,rinse glass,rinse,2,glass,10,['glass'],[10],official_train,WASHING,/kaggle/input/datasets/ldthanh/epic-kitchens-100-p1/P22/videos/P22_07.MP4
P22_07_602,P22,P22_07,00:29:13.600,00:29:10.19,00:29:12.94,105011,105176,rinse cloth,rinse,2,cloth,17,['cloth'],[17],official_train,WASHING,/kaggle/input/datasets/ldthanh/epic-kitchens-100-p1/P22/videos/P22_07.MP4
P22_07_603,P22,P22_07,00:29:11.250,00:29:10.39,00:29:13.29,105023,105197,rinse cloth,rinse,2,cloth,17,['cloth'],[17],official_train,WASHING,/kaggle/input/datasets/ldthanh/epic-kitchens-100-p1/P22/videos/P22_07.MP4
P22_07_604,P22,P22_07,00:29:15.900,00:29:14.28,00:29:17.07,105256,105424,put down cloth,put-down,1,cloth,17,['cloth'],[17],official_train,PUT DOWN,/kaggle/input/datasets/ldthanh/epic-kitchens-100-p1/P22/videos/P22_07.MP4
P22_07_606,P22,P22_07,00:29:18.780,00:29:18.17,00:29:18.73,105490,105523,rinse hands,rinse,2,hand,11,['hand'],[11],official_train,WASHING,/kaggle/input/datasets/ldthanh/epic-kitchens-100-p1/P22/videos/P22_07.MP4
P22_07_610,P22,P22_07,00:29:25.770,00:29:24.89,00:29:25.64,105893,105938,pick up grill,pick-up,0,grill,24,['grill'],[24],official_train,PICKS UP,/kaggle/input/datasets/ldthanh/epic-kitchens-100-p1/P22/videos/P22_07.MP4
P22_07_612,P22,P22_07,00:29:30.270,00:29:29.50,00:29:31.22,106170,106273,put grill,put,1,grill,24,['grill'],[24],official_train,PUT DOWN,/kaggle/input/datasets/ldthanh/epic-kitchens-100-p1/P22/videos/P22_07.MP4
P22_07_613,P22,P22_07,00:29:33.530,00:29:31.37,00:29:32.33,106282,106339,put cloth,put,1,cloth,17,['cloth'],[17],official_train,PUT DOWN,/kaggle/input/datasets/ldthanh/epic-kitchens-100-p1/P22/videos/P22_07.MP4
P22_07_616,P22,P22_07,00:29:47.200,00:29:45.34,00:29:46.78,107120,107206,pick up lid,pick-up,0,lid,6,['lid'],[6],official_train,PICKS UP,/kaggle/input/datasets/ldthanh/epic-kitchens-100-p1/P22/videos/P22_07.MP4
P22_07_617,P22,P22_07,00:29:50.790,00:29:47.74,00:29:51.24,107264,107474,put lid,put,1,lid,6,['lid'],[6],official_train,PUT DOWN,/kaggle/input/datasets/ldthanh/epic-kitchens-100-p1/P22/videos/P22_07.MP4
P22_07_618,P22,P22_07,00:29:51.790,00:29:50.31,00:29:51.76,107418,107505,put wooden fork,put,1,fork:wooden,14,['fork:wooden'],[14],official_train,PUT DOWN,/kaggle/input/datasets/ldthanh/epic-kitchens-100-p1/P22/videos/P22_07.MP4
P22_07_619,P22,P22_07,00:29:55.320,00:29:51.44,00:29:54.19,107486,107651,pick up support,pick-up,0,support,24,['support'],[24],official_train,PICKS UP,/kaggle/input/datasets/ldthanh/epic-kitchens-100-p1/P22/videos/P22_07.MP4
P22_07_62,P22,P22_07,00:02:08.720,00:02:08.32,00:02:09.84,7699,7790,put down down rag,put-down,1,rag,17,['rag'],[17],official_train,PUT DOWN,/kaggle/input/datasets/ldthanh/epic-kitchens-100-p1/P22/videos/P22_07.MP4
P22_07_621,P22,P22_07,00:29:57.320,00:29:58.22,00:30:00.48,107893,108028,open microwave oven,open,3,oven:microwave,90,['oven:microwave'],[90],official_train,OPENS,/kaggle/input/datasets/ldthanh/epic-kitchens-100-p1/P22/videos/P22_07.MP4
P22_07_623,P22,P22_07,00:30:06.270,00:30:05.26,00:30:08.20,108315,108492,pick up dish,pick-up,0,dish,2,['dish'],[2],official_train,PICKS UP,/kaggle/input/datasets/ldthanh/epic-kitchens-100-p1/P22/videos/P22_07.MP4
P22_07_626,P22,P22_07,00:30:19.340,00:30:19.17,00:30:20.17,109150,109210,take rack,take,0,rack,110,['rack'],[110],official_train,PICKS UP,/kaggle/input/datasets/ldthanh/epic-kitchens-100-p1/P22/videos/P22_07.MP4
P22_07_629,P22,P22_07,00:30:28.090,00:30:26.72,00:30:27.72,109603,109663,put down rag,put-down,1,rag,17,['rag'],[17],official_train,PUT DOWN,/kaggle/input/datasets/ldthanh/epic-kitchens-100-p1/P22/videos/P22_07.MP4
P22_07_63,P22,P22_07,00:02:11.310,00:02:10.21,00:02:11.57,7812,7894,grab container,grab,0,container,21,['container'],[21],official_train,PICKS UP,/kaggle/input/datasets/ldthanh/epic-kitchens-100-p1/P22/videos/P22_07.MP4
P22_07_630,P22,P22_07,00:30:29.150,00:30:27.88,00:30:28.71,109672,109722,open cupboard,open,3,cupboard,3,['cupboard'],[3],official_train,OPENS,/kaggle/input/datasets/ldthanh/epic-kitchens-100-p1/P22/videos/P22_07.MP4
P22_07_631,P22,P22_07,00:30:30.150,00:30:28.68,00:30:29.54,109720,109772,get pasta strainer,get,0,strainer:pasta,39,['strainer:pasta'],[39],official_train,PICKS UP,/kaggle/input/datasets/ldthanh/epic-kitchens-100-p1/P22/videos/P22_07.MP4
P22_07_634,P22,P22_07,00:30:34.000,00:30:32.11,00:30:34.58,109926,110074,rinse sink,rinse,2,sink,63,['sink'],[63],official_train,WASHING,/kaggle/input/datasets/ldthanh/epic-kitchens-100-p1/P22/videos/P22_07.MP4
P22_07_635,P22,P22_07,00:30:38.410,00:30:33.84,00:30:40.13,110030,110407,rinse sink,rinse,2,sink,63,['sink'],[63],official_train,WASHING,/kaggle/input/datasets/ldthanh/epic-kitchens-100-p1/P22/videos/P22_07.MP4
P22_07_637,P22,P22_07,00:30:40.720,00:30:39.72,00:30:41.98,110383,110518,put down pasta strainer,put-down,1,strainer:pasta,39,['strainer:pasta'],[39],official_train,PUT DOWN,/kaggle/input/datasets/ldthanh/epic-kitchens-100-p1/P22/videos/P22_07.MP4
P22_07_639,P22,P22_07,00:30:49.890,00:30:48.82,00:30:49.40,110929,110964,open drawer,open,3,drawer,8,['drawer'],[8],official_train,OPENS,/kaggle/input/datasets/ldthanh/epic-kitchens-100-p1/P22/videos/P22_07.MP4
P22_07_640,P22,P22_07,00:30:51.580,00:30:49.35,00:30:52.28,110961,111136,get pot holder,get,0,holder:pot,24,['holder:pot'],[24],official_train,PICKS UP,/kaggle/input/datasets/ldthanh/epic-kitchens-100-p1/P22/videos/P22_07.MP4
P22_07_641,P22,P22_07,00:30:52.580,00:30:52.38,00:30:54.50,111142,111270,get rag,get,0,rag,17,['rag'],[17],official_train,PICKS UP,/kaggle/input/datasets/ldthanh/epic-kitchens-100-p1/P22/videos/P22_07.MP4
P22_07_643,P22,P22_07,00:30:57.270,00:30:55.25,00:30:59.64,111315,111578,get pot,get,0,pot,29,['pot'],[29],official_train,PICKS UP,/kaggle/input/datasets/ldthanh/epic-kitchens-100-p1/P22/videos/P22_07.MP4
P22_07_644,P22,P22_07,00:31:02.690,00:31:01.36,00:31:02.43,111681,111745,put down down pot,put-down,1,pot,29,['pot'],[29],official_train,PUT DOWN,/kaggle/input/datasets/ldthanh/epic-kitchens-100-p1/P22/videos/P22_07.MP4
P22_07_648,P22,P22_07,00:31:08.440,00:31:09.36,00:31:11.50,112161,112290,put down down pot,put-down,1,pot,29,['pot'],[29],official_train,PUT DOWN,/kaggle/input/datasets/ldthanh/epic-kitchens-100-p1/P22/videos/P22_07.MP4
P22_07_649,P22,P22_07,00:31:12.690,00:31:11.18,00:31:12.43,112270,112345,grab colander,grab,0,colander,39,['colander'],[39],official_train,PICKS UP,/kaggle/input/datasets/ldthanh/epic-kitchens-100-p1/P22/videos/P22_07.MP4
P22_07_65,P22,P22_07,00:02:13.560,00:02:12.58,00:02:13.54,7954,8012,put down down container,put-down,1,container,21,['container'],[21],official_train,PUT DOWN,/kaggle/input/datasets/ldthanh/epic-kitchens-100-p1/P22/videos/P22_07.MP4
P22_07_650,P22,P22_07,00:31:14.160,00:31:12.53,00:31:16.13,112351,112567,put down down colander,put-down,1,colander,39,['colander'],[39],official_train,PUT DOWN,/kaggle/input/datasets/ldthanh/epic-kitchens-100-p1/P22/videos/P22_07.MP4
P22_07_653,P22,P22_07,00:31:26.410,00:31:22.85,00:31:26.85,112971,113211,put down down pot,put-down,1,pot,29,['pot'],[29],official_train,PUT DOWN,/kaggle/input/datasets/ldthanh/epic-kitchens-100-p1/P22/videos/P22_07.MP4
P22_07_654,P22,P22_07,00:31:28.640,00:31:26.90,00:31:28.37,113214,113302,put down down mitt,put-down,1,mitt,60,['mitt'],[60],official_train,PUT DOWN,/kaggle/input/datasets/ldthanh/epic-kitchens-100-p1/P22/videos/P22_07.MP4
P22_07_655,P22,P22_07,00:31:21.180,00:31:26.94,00:31:27.44,113216,113246,put down down pot,put-down,1,pot,29,['pot'],[29],official_train,PUT DOWN,/kaggle/input/datasets/ldthanh/epic-kitchens-100-p1/P22/videos/P22_07.MP4
P22_07_657,P22,P22_07,00:31:38.030,00:31:36.24,00:31:37.49,113774,113849,open drawer,open,3,drawer,8,['drawer'],[8],official_train,OPENS,/kaggle/input/datasets/ldthanh/epic-kitchens-100-p1/P22/videos/P22_07.MP4
P22_07_658,P22,P22_07,00:31:39.070,00:31:37.76,00:31:38.59,113865,113915,grab gas lighter,grab,0,gas,24,['gas'],[24],official_train,PICKS UP,/kaggle/input/datasets/ldthanh/epic-kitchens-100-p1/P22/videos/P22_07.MP4
P22_07_66,P22,P22_07,00:02:15.270,00:02:15.07,00:02:15.87,8104,8152,open cupboard,open,3,cupboard,3,['cupboard'],[3],official_train,OPENS,/kaggle/input/datasets/ldthanh/epic-kitchens-100-p1/P22/videos/P22_07.MP4
P22_07_662,P22,P22_07,00:31:54.750,00:31:53.90,00:31:54.63,114834,114877,pick up lid,pick-up,0,lid,6,['lid'],[6],official_train,PICKS UP,/kaggle/input/datasets/ldthanh/epic-kitchens-100-p1/P22/videos/P22_07.MP4
P22_07_663,P22,P22_07,00:31:58.040,00:31:57.27,00:31:59.56,115036,115173,put down lid,put-down,1,lid,6,['lid'],[6],official_train,PUT DOWN,/kaggle/input/datasets/ldthanh/epic-kitchens-100-p1/P22/videos/P22_07.MP4
P22_07_664,P22,P22_07,00:32:02.090,00:32:01.52,00:32:02.34,115291,115340,pick up pasta,pick-up,0,pasta,45,['pasta'],[45],official_train,PICKS UP,/kaggle/input/datasets/ldthanh/epic-kitchens-100-p1/P22/videos/P22_07.MP4
P22_07_666,P22,P22_07,00:32:04.430,00:32:05.38,00:32:06.48,115522,115588,put down colander,put-down,1,colander,39,['colander'],[39],official_train,PUT DOWN,/kaggle/input/datasets/ldthanh/epic-kitchens-100-p1/P22/videos/P22_07.MP4
P22_07_667,P22,P22_07,00:32:06.610,00:32:07.40,00:32:08.94,115644,115736,pick up wooden spoon,pick-up,0,spoon:wooden,1,['spoon:wooden'],[1],official_train,PICKS UP,/kaggle/input/datasets/ldthanh/epic-kitchens-100-p1/P22/videos/P22_07.MP4
P22_07_669,P22,P22_07,00:32:18.340,00:32:17.60,00:32:18.41,116256,116304,open cabinet,open,3,cabinet,3,['cabinet'],[3],official_train,OPENS,/kaggle/input/datasets/ldthanh/epic-kitchens-100-p1/P22/videos/P22_07.MP4
P22_07_67,P22,P22_07,00:02:19.310,00:02:17.62,00:02:18.87,8257,8332,pick up carrot,pick-up,0,carrot,41,['carrot'],[41],official_train,PICKS UP,/kaggle/input/datasets/ldthanh/epic-kitchens-100-p1/P22/videos/P22_07.MP4
P22_07_670,P22,P22_07,00:32:21.410,00:32:20.95,00:32:21.53,116457,116491,pick up pesto sauce,pick-up,0,sauce:pesto,47,['sauce:pesto'],[47],official_train,PICKS UP,/kaggle/input/datasets/ldthanh/epic-kitchens-100-p1/P22/videos/P22_07.MP4
P22_07_672,P22,P22_07,00:32:24.620,00:32:23.96,00:32:26.14,116637,116768,open pesto sauce,open,3,sauce:pesto,47,['sauce:pesto'],[47],official_train,OPENS,/kaggle/input/datasets/ldthanh/epic-kitchens-100-p1/P22/videos/P22_07.MP4
P22_07_673,P22,P22_07,00:32:26.610,00:32:26.21,00:32:26.96,116772,116817,open drawer,open,3,drawer,8,['drawer'],[8],official_train,OPENS,/kaggle/input/datasets/ldthanh/epic-kitchens-100-p1/P22/videos/P22_07.MP4
P22_07_674,P22,P22_07,00:32:27.960,00:32:27.31,00:32:28.48,116838,116908,pick up teaspoon,pick-up,0,teaspoon,1,['teaspoon'],[1],official_train,PICKS UP,/kaggle/input/datasets/ldthanh/epic-kitchens-100-p1/P22/videos/P22_07.MP4
P22_07_675,P22,P22_07,00:32:30.500,00:32:29.16,00:32:31.16,116949,117069,take pesto sauce,take,0,sauce:pesto,47,['sauce:pesto'],[47],official_train,PICKS UP,/kaggle/input/datasets/ldthanh/epic-kitchens-100-p1/P22/videos/P22_07.MP4
P22_07_677,P22,P22_07,00:32:33.590,00:32:32.40,00:32:34.11,117144,117246,take pesto sauce,take,0,sauce:pesto,47,['sauce:pesto'],[47],official_train,PICKS UP,/kaggle/input/datasets/ldthanh/epic-kitchens-100-p1/P22/videos/P22_07.MP4
P22_07_679,P22,P22_07,00:32:38.480,00:32:37.31,00:32:38.06,117438,117483,pick up spoon,pick-up,0,spoon,1,['spoon'],[1],official_train,PICKS UP,/kaggle/input/datasets/ldthanh/epic-kitchens-100-p1/P22/videos/P22_07.MP4
P22_07_68,P22,P22_07,00:02:20.310,00:02:18.71,00:02:19.71,8322,8382,pick up onion,pick-up,0,onion,16,['onion'],[16],official_train,PICKS UP,/kaggle/input/datasets/ldthanh/epic-kitchens-100-p1/P22/videos/P22_07.MP4
P22_07_683,P22,P22_07,00:33:00.760,00:33:00.52,00:33:02.40,118831,118944,pick up jar,pick-up,0,jar,40,['jar'],[40],official_train,PICKS UP,/kaggle/input/datasets/ldthanh/epic-kitchens-100-p1/P22/videos/P22_07.MP4
P22_07_684,P22,P22_07,00:33:02.510,00:33:02.50,00:33:04.01,118950,119040,pick up pesto sauce,pick-up,0,sauce:pesto,47,['sauce:pesto'],[47],official_train,PICKS UP,/kaggle/input/datasets/ldthanh/epic-kitchens-100-p1/P22/videos/P22_07.MP4
P22_07_689,P22,P22_07,00:33:22.750,00:33:22.29,00:33:23.64,120137,120218,pick up jar,pick-up,0,jar,40,['jar'],[40],official_train,PICKS UP,/kaggle/input/datasets/ldthanh/epic-kitchens-100-p1/P22/videos/P22_07.MP4
P22_07_69,P22,P22_07,00:02:21.890,00:02:21.19,00:02:23.06,8471,8583,put down onion,put-down,1,onion,16,['onion'],[16],official_train,PUT DOWN,/kaggle/input/datasets/ldthanh/epic-kitchens-100-p1/P22/videos/P22_07.MP4
P22_07_692,P22,P22_07,00:33:32.000,00:33:30.78,00:33:34.85,120646,120891,put pesto,put,1,pesto,47,['pesto'],[47],official_train,PUT DOWN,/kaggle/input/datasets/ldthanh/epic-kitchens-100-p1/P22/videos/P22_07.MP4
P22_07_693,P22,P22_07,00:33:35.940,00:33:34.95,00:33:36.07,120897,120964,pick up pesto,pick-up,0,pesto,47,['pesto'],[47],official_train,PICKS UP,/kaggle/input/datasets/ldthanh/epic-kitchens-100-p1/P22/videos/P22_07.MP4
P22_07_694,P22,P22_07,00:33:36.940,00:33:36.17,00:33:37.62,120970,121057,put pesto,put,1,pesto,47,['pesto'],[47],official_train,PUT DOWN,/kaggle/input/datasets/ldthanh/epic-kitchens-100-p1/P22/videos/P22_07.MP4
P22_07_695,P22,P22_07,00:33:38.800,00:33:37.72,00:33:41.17,121063,121270,pick up pesto,pick-up,0,pesto,47,['pesto'],[47],official_train,PICKS UP,/kaggle/input/datasets/ldthanh/epic-kitchens-100-p1/P22/videos/P22_07.MP4
P22_07_696,P22,P22_07,00:33:39.800,00:33:41.14,00:33:43.11,121268,121386,put pesto,put,1,pesto,47,['pesto'],[47],official_train,PUT DOWN,/kaggle/input/datasets/ldthanh/epic-kitchens-100-p1/P22/videos/P22_07.MP4
P22_07_697,P22,P22_07,00:33:42.470,00:33:41.71,00:33:42.59,121302,121355,put jar,put,1,jar,40,['jar'],[40],official_train,PUT DOWN,/kaggle/input/datasets/ldthanh/epic-kitchens-100-p1/P22/videos/P22_07.MP4
P22_07_698,P22,P22_07,00:33:44.700,00:33:44.16,00:33:45.97,121449,121558,clean teaspoon,clean,2,teaspoon,1,['teaspoon'],[1],official_train,WASHING,/kaggle/input/datasets/ldthanh/epic-kitchens-100-p1/P22/videos/P22_07.MP4
P22_07_699,P22,P22_07,00:33:46.510,00:33:46.07,00:33:46.99,121564,121619,put teaspoon,put,1,teaspoon,1,['teaspoon'],[1],official_train,PUT DOWN,/kaggle/input/datasets/ldthanh/epic-kitchens-100-p1/P22/videos/P22_07.MP4
P22_07_7,P22,P22_07,00:00:13.740,00:00:13.44,00:00:14.38,806,862,open trash can,open,3,can:trash,36,['can:trash'],[36],official_train,OPENS,/kaggle/input/datasets/ldthanh/epic-kitchens-100-p1/P22/videos/P22_07.MP4
P22_07_70,P22,P22_07,00:02:24.640,00:02:23.91,00:02:24.91,8634,8694,open drawer,open,3,drawer,8,['drawer'],[8],official_train,OPENS,/kaggle/input/datasets/ldthanh/epic-kitchens-100-p1/P22/videos/P22_07.MP4
P22_07_706,P22,P22_07,00:34:23.990,00:34:22.74,00:34:24.98,123764,123898,pick up teaspoon,pick-up,0,teaspoon,1,['teaspoon'],[1],official_train,PICKS UP,/kaggle/input/datasets/ldthanh/epic-kitchens-100-p1/P22/videos/P22_07.MP4
P22_07_707,P22,P22_07,00:34:25.730,00:34:24.90,00:34:28.33,123894,124099,take pesto,take,0,pesto,47,['pesto'],[47],official_train,PICKS UP,/kaggle/input/datasets/ldthanh/epic-kitchens-100-p1/P22/videos/P22_07.MP4
P22_07_71,P22,P22_07,00:02:25.840,00:02:24.99,00:02:26.26,8699,8775,pick up cutting board,pick-up,0,board:cutting,18,['board:cutting'],[18],official_train,PICKS UP,/kaggle/input/datasets/ldthanh/epic-kitchens-100-p1/P22/videos/P22_07.MP4
P22_07_710,P22,P22_07,00:34:30.639,00:34:29.65,00:34:31.57,124179,124294,take pesto,take,0,pesto,47,['pesto'],[47],official_train,PICKS UP,/kaggle/input/datasets/ldthanh/epic-kitchens-100-p1/P22/videos/P22_07.MP4
P22_07_712,P22,P22_07,00:34:32.889,00:34:32.78,00:34:34.85,124366,124491,take pesto,take,0,pesto,47,['pesto'],[47],official_train,PICKS UP,/kaggle/input/datasets/ldthanh/epic-kitchens-100-p1/P22/videos/P22_07.MP4
P22_07_713,P22,P22_07,00:34:36.659,00:34:36.70,00:34:37.88,124601,124672,put down teaspoon,put-down,1,teaspoon,1,['teaspoon'],[1],official_train,PUT DOWN,/kaggle/input/datasets/ldthanh/epic-kitchens-100-p1/P22/videos/P22_07.MP4
P22_07_714,P22,P22_07,00:34:40.810,00:34:39.85,00:34:41.18,124791,124870,pick up water,pick-up,0,water,27,['water'],[27],official_train,PICKS UP,/kaggle/input/datasets/ldthanh/epic-kitchens-100-p1/P22/videos/P22_07.MP4
P22_07_717,P22,P22_07,00:34:46.620,00:34:46.54,00:34:47.18,125192,125230,put down bottle of water,put-down,1,bottle:water,15,['bottle:water'],[15],official_train,PUT DOWN,/kaggle/input/datasets/ldthanh/epic-kitchens-100-p1/P22/videos/P22_07.MP4
P22_07_72,P22,P22_07,00:02:26.840,00:02:26.41,00:02:27.82,8784,8869,put down cutting board,put-down,1,board:cutting,18,['board:cutting'],[18],official_train,PUT DOWN,/kaggle/input/datasets/ldthanh/epic-kitchens-100-p1/P22/videos/P22_07.MP4
P22_07_725,P22,P22_07,00:35:31.540,00:35:31.70,00:35:32.79,127901,127967,pick spoon,pick,0,spoon,1,['spoon'],[1],official_train,PICKS UP,/kaggle/input/datasets/ldthanh/epic-kitchens-100-p1/P22/videos/P22_07.MP4
P22_07_726,P22,P22_07,00:35:32.960,00:35:32.32,00:35:36.16,127939,128169,clean teaspoon,clean,2,teaspoon,1,['teaspoon'],[1],official_train,WASHING,/kaggle/input/datasets/ldthanh/epic-kitchens-100-p1/P22/videos/P22_07.MP4
P22_07_727,P22,P22_07,00:35:37.290,00:35:36.78,00:35:37.55,128206,128253,put down teaspoon,put-down,1,teaspoon,1,['teaspoon'],[1],official_train,PUT DOWN,/kaggle/input/datasets/ldthanh/epic-kitchens-100-p1/P22/videos/P22_07.MP4
P22_07_732,P22,P22_07,00:35:57.600,00:35:58.04,00:35:59.04,129482,129542,put down wooden spoon,put-down,1,spoon:wooden,1,['spoon:wooden'],[1],official_train,PUT DOWN,/kaggle/input/datasets/ldthanh/epic-kitchens-100-p1/P22/videos/P22_07.MP4
P22_07_733,P22,P22_07,00:35:59.660,00:35:58.93,00:36:00.04,129535,129602,pick lid,pick,0,lid,6,['lid'],[6],official_train,PICKS UP,/kaggle/input/datasets/ldthanh/epic-kitchens-100-p1/P22/videos/P22_07.MP4
P22_07_738,P22,P22_07,00:36:10.990,00:36:08.34,00:36:10.09,130100,130205,rinse hands,rinse,2,hand,11,['hand'],[11],official_train,WASHING,/kaggle/input/datasets/ldthanh/epic-kitchens-100-p1/P22/videos/P22_07.MP4
P22_07_74,P22,P22_07,00:02:28.840,00:02:28.15,00:02:28.82,8889,8929,pick up onion,pick-up,0,onion,16,['onion'],[16],official_train,PICKS UP,/kaggle/input/datasets/ldthanh/epic-kitchens-100-p1/P22/videos/P22_07.MP4
P22_07_741,P22,P22_07,00:36:16.000,00:36:14.49,00:36:16.92,130469,130615,put down kitchen towel,put-down,1,towel:kitchen,93,['towel:kitchen'],[93],official_train,PUT DOWN,/kaggle/input/datasets/ldthanh/epic-kitchens-100-p1/P22/videos/P22_07.MP4
P22_07_75,P22,P22_07,00:02:29.840,00:02:28.82,00:02:29.45,8929,8967,put down onion,put-down,1,onion,16,['onion'],[16],official_train,PUT DOWN,/kaggle/input/datasets/ldthanh/epic-kitchens-100-p1/P22/videos/P22_07.MP4
P22_07_76,P22,P22_07,00:02:30.870,00:02:29.78,00:02:30.73,8986,9043,open drawer,open,3,drawer,8,['drawer'],[8],official_train,OPENS,/kaggle/input/datasets/ldthanh/epic-kitchens-100-p1/P22/videos/P22_07.MP4
P22_07_77,P22,P22_07,00:02:32.310,00:02:30.83,00:02:32.14,9049,9128,pick up knife,pick-up,0,knife,4,['knife'],[4],official_train,PICKS UP,/kaggle/input/datasets/ldthanh/epic-kitchens-100-p1/P22/videos/P22_07.MP4
P22_07_78,P22,P22_07,00:02:33.310,00:02:32.60,00:02:33.83,9156,9229,put down knife,put-down,1,knife,4,['knife'],[4],official_train,PUT DOWN,/kaggle/input/datasets/ldthanh/epic-kitchens-100-p1/P22/videos/P22_07.MP4
P22_07_79,P22,P22_07,00:02:34.840,00:02:33.60,00:02:34.21,9216,9252,pick up onion,pick-up,0,onion,16,['onion'],[16],official_train,PICKS UP,/kaggle/input/datasets/ldthanh/epic-kitchens-100-p1/P22/videos/P22_07.MP4
P22_07_80,P22,P22_07,00:02:38.510,00:02:34.67,00:02:39.14,9280,9548,pick up onion,pick-up,0,onion,16,['onion'],[16],official_train,PICKS UP,/kaggle/input/datasets/ldthanh/epic-kitchens-100-p1/P22/videos/P22_07.MP4
P22_07_81,P22,P22_07,00:02:42.980,00:02:40.08,00:02:42.60,9604,9756,put down onion,put-down,1,onion,16,['onion'],[16],official_train,PUT DOWN,/kaggle/input/datasets/ldthanh/epic-kitchens-100-p1/P22/videos/P22_07.MP4
P22_07_82,P22,P22_07,00:02:41.980,00:02:41.06,00:02:42.17,9663,9730,pick up onion,pick-up,0,onion,16,['onion'],[16],official_train,PICKS UP,/kaggle/input/datasets/ldthanh/epic-kitchens-100-p1/P22/videos/P22_07.MP4
P22_07_91,P22,P22_07,00:03:18.220,00:03:17.33,00:03:18.05,11839,11883,put down knife,put-down,1,knife,4,['knife'],[4],official_train,PUT DOWN,/kaggle/input/datasets/ldthanh/epic-kitchens-100-p1/P22/videos/P22_07.MP4
P22_07_93,P22,P22_07,00:03:20.770,00:03:19.31,00:03:22.80,11958,12168,rinse onions,rinse,2,onion,16,['onion'],[16],official_train,WASHING,/kaggle/input/datasets/ldthanh/epic-kitchens-100-p1/P22/videos/P22_07.MP4
P22_07_96,P22,P22_07,00:03:25.290,00:03:24.64,00:03:28.81,12278,12528,put down onions,put-down,1,onion,16,['onion'],[16],official_train,PUT DOWN,/kaggle/input/datasets/ldthanh/epic-kitchens-100-p1/P22/videos/P22_07.MP4
P22_07_97,P22,P22_07,00:03:26.760,00:03:25.28,00:03:26.34,12316,12380,pick up knife,pick-up,0,knife,4,['knife'],[4],official_train,PICKS UP,/kaggle/input/datasets/ldthanh/epic-kitchens-100-p1/P22/videos/P22_07.MP4
P22_08_0,P22,P22_08,00:00:03.889,00:00:03.49,00:00:04.96,209,297,take saucepan,take,0,saucepan,5,['saucepan'],[5],official_train,PICKS UP,/kaggle/input/datasets/ldthanh/epic-kitchens-100-p1/P22/videos/P22_08.MP4
P22_08_10,P22,P22_08,00:00:25.710,00:00:24.86,00:00:25.83,1491,1549,take fork,take,0,fork,14,['fork'],[14],official_train,PICKS UP,/kaggle/input/datasets/ldthanh/epic-kitchens-100-p1/P22/videos/P22_08.MP4
P22_08_100,P22,P22_08,00:03:50.770,00:03:49.78,00:03:51.07,13786,13864,lather fork,lather,2,fork,14,['fork'],[14],official_train,WASHING,/kaggle/input/datasets/ldthanh/epic-kitchens-100-p1/P22/videos/P22_08.MP4
P22_08_101,P22,P22_08,00:03:51.770,00:03:50.99,00:03:51.91,13859,13914,put down down fork,put-down,1,fork,14,['fork'],[14],official_train,PUT DOWN,/kaggle/input/datasets/ldthanh/epic-kitchens-100-p1/P22/videos/P22_08.MP4
P22_08_102,P22,P22_08,00:03:52.770,00:03:52.09,00:03:52.84,13925,13970,grab pot,grab,0,pot,29,['pot'],[29],official_train,PICKS UP,/kaggle/input/datasets/ldthanh/epic-kitchens-100-p1/P22/videos/P22_08.MP4
P22_08_104,P22,P22_08,00:03:54.939,00:03:53.79,00:03:54.54,14027,14072,grab spoon,grab,0,spoon,1,['spoon'],[1],official_train,PICKS UP,/kaggle/input/datasets/ldthanh/epic-kitchens-100-p1/P22/videos/P22_08.MP4
P22_08_105,P22,P22_08,00:03:56.319,00:03:54.73,00:03:56.58,14083,14194,rinse spoon,rinse,2,spoon,1,['spoon'],[1],official_train,WASHING,/kaggle/input/datasets/ldthanh/epic-kitchens-100-p1/P22/videos/P22_08.MP4
P22_08_106,P22,P22_08,00:03:57.439,00:03:56.51,00:04:02.50,14190,14550,lather spoon,lather,2,spoon,1,['spoon'],[1],official_train,WASHING,/kaggle/input/datasets/ldthanh/epic-kitchens-100-p1/P22/videos/P22_08.MP4
P22_08_107,P22,P22_08,00:04:02.360,00:04:02.08,00:04:03.00,14524,14580,put down spoon,put-down,1,spoon,1,['spoon'],[1],official_train,PUT DOWN,/kaggle/input/datasets/ldthanh/epic-kitchens-100-p1/P22/videos/P22_08.MP4
P22_08_108,P22,P22_08,00:04:03.489,00:04:02.95,00:04:03.86,14577,14631,pick up teaspoon,pick-up,0,teaspoon,1,['teaspoon'],[1],official_train,PICKS UP,/kaggle/input/datasets/ldthanh/epic-kitchens-100-p1/P22/videos/P22_08.MP4
P22_08_109,P22,P22_08,00:04:04.930,00:04:05.41,00:04:08.22,14724,14893,rinse teaspoon,rinse,2,teaspoon,1,['teaspoon'],[1],official_train,WASHING,/kaggle/input/datasets/ldthanh/epic-kitchens-100-p1/P22/videos/P22_08.MP4
P22_08_11,P22,P22_08,00:00:26.710,00:00:26.03,00:00:27.17,1561,1630,put down fork,put-down,1,fork,14,['fork'],[14],official_train,PUT DOWN,/kaggle/input/datasets/ldthanh/epic-kitchens-100-p1/P22/videos/P22_08.MP4
P22_08_110,P22,P22_08,00:04:08.879,00:04:08.15,00:04:12.51,14889,15150,lather teaspoon,lather,2,teaspoon,1,['teaspoon'],[1],official_train,WASHING,/kaggle/input/datasets/ldthanh/epic-kitchens-100-p1/P22/videos/P22_08.MP4
P22_08_111,P22,P22_08,00:04:12.750,00:04:12.41,00:04:13.24,15144,15194,put down teaspoon,put-down,1,teaspoon,1,['teaspoon'],[1],official_train,PUT DOWN,/kaggle/input/datasets/ldthanh/epic-kitchens-100-p1/P22/videos/P22_08.MP4
P22_08_112,P22,P22_08,00:04:14.069,00:04:12.88,00:04:13.91,15172,15234,pick up spoon rest,pick-up,0,rest:spoon,109,['rest:spoon'],[109],official_train,PICKS UP,/kaggle/input/datasets/ldthanh/epic-kitchens-100-p1/P22/videos/P22_08.MP4
P22_08_113,P22,P22_08,00:04:16.390,00:04:14.01,00:04:17.54,15240,15452,rinse spoon rest,rinse,2,rest:spoon,109,['rest:spoon'],[109],official_train,WASHING,/kaggle/input/datasets/ldthanh/epic-kitchens-100-p1/P22/videos/P22_08.MP4
P22_08_114,P22,P22_08,00:04:19.019,00:04:17.68,00:04:24.13,15460,15847,lather spoon rest,lather,2,rest:spoon,109,['rest:spoon'],[109],official_train,WASHING,/kaggle/input/datasets/ldthanh/epic-kitchens-100-p1/P22/videos/P22_08.MP4
P22_08_115,P22,P22_08,00:04:24.640,00:04:23.85,00:04:25.23,15831,15913,put down spoon rest,put-down,1,rest:spoon,109,['rest:spoon'],[109],official_train,PUT DOWN,/kaggle/input/datasets/ldthanh/epic-kitchens-100-p1/P22/videos/P22_08.MP4
P22_08_117,P22,P22_08,00:04:37.200,00:04:27.94,00:04:36.78,16076,16606,lather pot,lather,2,pot,29,['pot'],[29],official_train,WASHING,/kaggle/input/datasets/ldthanh/epic-kitchens-100-p1/P22/videos/P22_08.MP4
P22_08_118,P22,P22_08,00:04:29.630,00:04:33.30,00:04:37.16,16398,16629,lather pot,lather,2,pot,29,['pot'],[29],official_train,WASHING,/kaggle/input/datasets/ldthanh/epic-kitchens-100-p1/P22/videos/P22_08.MP4
P22_08_119,P22,P22_08,00:04:38.200,00:04:36.89,00:04:38.18,16613,16690,put down pot,put-down,1,pot,29,['pot'],[29],official_train,PUT DOWN,/kaggle/input/datasets/ldthanh/epic-kitchens-100-p1/P22/videos/P22_08.MP4
P22_08_12,P22,P22_08,00:00:29.449,00:00:28.57,00:00:29.66,1714,1779,take mezzaluna knife,take,0,knife:mezzaluna,4,['knife:mezzaluna'],[4],official_train,PICKS UP,/kaggle/input/datasets/ldthanh/epic-kitchens-100-p1/P22/videos/P22_08.MP4
P22_08_121,P22,P22_08,00:04:40.500,00:04:39.34,00:04:41.28,16760,16876,rinse hands,rinse,2,hand,11,['hand'],[11],official_train,WASHING,/kaggle/input/datasets/ldthanh/epic-kitchens-100-p1/P22/videos/P22_08.MP4
P22_08_122,P22,P22_08,00:04:42.500,00:04:41.71,00:04:46.67,16902,17200,rinse spoon rest,rinse,2,rest:spoon,109,['rest:spoon'],[109],official_train,WASHING,/kaggle/input/datasets/ldthanh/epic-kitchens-100-p1/P22/videos/P22_08.MP4
P22_08_123,P22,P22_08,00:04:46.860,00:04:46.84,00:04:47.90,17210,17274,put down spoon rest,put-down,1,rest:spoon,109,['rest:spoon'],[109],official_train,PUT DOWN,/kaggle/input/datasets/ldthanh/epic-kitchens-100-p1/P22/videos/P22_08.MP4
P22_08_124,P22,P22_08,00:04:56.940,00:04:48.00,00:04:57.56,17280,17853,rinse colander,rinse,2,colander,39,['colander'],[39],official_train,WASHING,/kaggle/input/datasets/ldthanh/epic-kitchens-100-p1/P22/videos/P22_08.MP4
P22_08_125,P22,P22_08,00:04:48.640,00:04:48.01,00:04:57.56,17280,17853,rinse colander,rinse,2,colander,39,['colander'],[39],official_train,WASHING,/kaggle/input/datasets/ldthanh/epic-kitchens-100-p1/P22/videos/P22_08.MP4
P22_08_126,P22,P22_08,00:04:58.190,00:04:57.27,00:04:58.52,17836,17911,put down colander,put-down,1,colander,39,['colander'],[39],official_train,PUT DOWN,/kaggle/input/datasets/ldthanh/epic-kitchens-100-p1/P22/videos/P22_08.MP4
P22_08_127,P22,P22_08,00:04:59.410,00:04:58.45,00:05:01.70,17907,18102,rinse lid,rinse,2,lid,6,['lid'],[6],official_train,WASHING,/kaggle/input/datasets/ldthanh/epic-kitchens-100-p1/P22/videos/P22_08.MP4
P22_08_128,P22,P22_08,00:05:02.290,00:05:01.47,00:05:03.55,18088,18213,put down lid,put-down,1,lid,6,['lid'],[6],official_train,PUT DOWN,/kaggle/input/datasets/ldthanh/epic-kitchens-100-p1/P22/videos/P22_08.MP4
P22_08_130,P22,P22_08,00:05:05.480,00:05:04.17,00:05:06.17,18250,18370,rinse teaspoon,rinse,2,teaspoon,1,['teaspoon'],[1],official_train,WASHING,/kaggle/input/datasets/ldthanh/epic-kitchens-100-p1/P22/videos/P22_08.MP4
P22_08_131,P22,P22_08,00:05:06.670,00:05:05.87,00:05:07.24,18352,18434,rinse fork,rinse,2,fork,14,['fork'],[14],official_train,WASHING,/kaggle/input/datasets/ldthanh/epic-kitchens-100-p1/P22/videos/P22_08.MP4
P22_08_132,P22,P22_08,00:05:08.570,00:05:07.59,00:05:08.59,18455,18515,put down silverware,put-down,1,silverware,58,['silverware'],[58],official_train,PUT DOWN,/kaggle/input/datasets/ldthanh/epic-kitchens-100-p1/P22/videos/P22_08.MP4
P22_08_133,P22,P22_08,00:05:09.630,00:05:09.77,00:05:11.98,18586,18718,rinse fork,rinse,2,fork,14,['fork'],[14],official_train,WASHING,/kaggle/input/datasets/ldthanh/epic-kitchens-100-p1/P22/videos/P22_08.MP4
P22_08_134,P22,P22_08,00:05:13.250,00:05:13.13,00:05:14.38,18787,18862,rinse fork,rinse,2,fork,14,['fork'],[14],official_train,WASHING,/kaggle/input/datasets/ldthanh/epic-kitchens-100-p1/P22/videos/P22_08.MP4
P22_08_135,P22,P22_08,00:05:14.470,00:05:14.06,00:05:15.12,18843,18907,put down fork,put-down,1,fork,14,['fork'],[14],official_train,PUT DOWN,/kaggle/input/datasets/ldthanh/epic-kitchens-100-p1/P22/videos/P22_08.MP4
P22_08_136,P22,P22_08,00:05:10.860,00:05:14.14,00:05:15.31,18848,18918,put down fork,put-down,1,fork,14,['fork'],[14],official_train,PUT DOWN,/kaggle/input/datasets/ldthanh/epic-kitchens-100-p1/P22/videos/P22_08.MP4
P22_08_137,P22,P22_08,00:05:16.100,00:05:15.89,00:05:18.34,18953,19100,rinse ladle,rinse,2,ladle,97,['ladle'],[97],official_train,WASHING,/kaggle/input/datasets/ldthanh/epic-kitchens-100-p1/P22/videos/P22_08.MP4
P22_08_138,P22,P22_08,00:05:18.690,00:05:18.37,00:05:19.30,19102,19158,put down ladle,put-down,1,ladle,97,['ladle'],[97],official_train,PUT DOWN,/kaggle/input/datasets/ldthanh/epic-kitchens-100-p1/P22/videos/P22_08.MP4
P22_08_139,P22,P22_08,00:05:20.080,00:05:19.86,00:05:28.98,19191,19738,rinse lid,rinse,2,lid,6,['lid'],[6],official_train,WASHING,/kaggle/input/datasets/ldthanh/epic-kitchens-100-p1/P22/videos/P22_08.MP4
P22_08_140,P22,P22_08,00:05:29.580,00:05:29.30,00:05:31.76,19758,19905,put down lid,put-down,1,lid,6,['lid'],[6],official_train,PUT DOWN,/kaggle/input/datasets/ldthanh/epic-kitchens-100-p1/P22/videos/P22_08.MP4
P22_08_142,P22,P22_08,00:05:33.900,00:05:32.72,00:05:33.85,19963,20031,put down lid,put-down,1,lid,6,['lid'],[6],official_train,PUT DOWN,/kaggle/input/datasets/ldthanh/epic-kitchens-100-p1/P22/videos/P22_08.MP4
P22_08_143,P22,P22_08,00:05:34.900,00:05:33.82,00:05:35.00,20029,20100,put down lid,put-down,1,lid,6,['lid'],[6],official_train,PUT DOWN,/kaggle/input/datasets/ldthanh/epic-kitchens-100-p1/P22/videos/P22_08.MP4
P22_08_144,P22,P22_08,00:05:35.900,00:05:35.73,00:05:43.97,20143,20638,rinse plate,rinse,2,plate,2,['plate'],[2],official_train,WASHING,/kaggle/input/datasets/ldthanh/epic-kitchens-100-p1/P22/videos/P22_08.MP4
P22_08_145,P22,P22_08,00:05:44.320,00:05:44.19,00:05:46.63,20651,20797,put down plate,put-down,1,plate,2,['plate'],[2],official_train,PUT DOWN,/kaggle/input/datasets/ldthanh/epic-kitchens-100-p1/P22/videos/P22_08.MP4
P22_08_147,P22,P22_08,00:05:48.100,00:05:46.80,00:05:53.23,20808,21193,rinse plate,rinse,2,plate,2,['plate'],[2],official_train,WASHING,/kaggle/input/datasets/ldthanh/epic-kitchens-100-p1/P22/videos/P22_08.MP4
P22_08_148,P22,P22_08,00:05:53.940,00:05:53.30,00:05:54.86,21198,21291,put down plate,put-down,1,plate,2,['plate'],[2],official_train,PUT DOWN,/kaggle/input/datasets/ldthanh/epic-kitchens-100-p1/P22/videos/P22_08.MP4
P22_08_149,P22,P22_08,00:05:58.020,00:05:57.19,00:06:05.26,21431,21915,rinse pot,rinse,2,pot,29,['pot'],[29],official_train,WASHING,/kaggle/input/datasets/ldthanh/epic-kitchens-100-p1/P22/videos/P22_08.MP4
P22_08_15,P22,P22_08,00:00:37.850,00:00:36.68,00:00:37.93,2200,2275,open drawer,open,3,drawer,8,['drawer'],[8],official_train,OPENS,/kaggle/input/datasets/ldthanh/epic-kitchens-100-p1/P22/videos/P22_08.MP4
P22_08_150,P22,P22_08,00:06:11.250,00:06:04.69,00:06:14.48,21881,22468,rinse pot,rinse,2,pot,29,['pot'],[29],official_train,WASHING,/kaggle/input/datasets/ldthanh/epic-kitchens-100-p1/P22/videos/P22_08.MP4
P22_08_151,P22,P22_08,00:06:15.280,00:06:14.75,00:06:16.00,22485,22560,put down pot,put-down,1,pot,29,['pot'],[29],official_train,PUT DOWN,/kaggle/input/datasets/ldthanh/epic-kitchens-100-p1/P22/videos/P22_08.MP4
P22_08_152,P22,P22_08,00:06:17.130,00:06:15.85,00:06:16.85,22551,22611,rinse hands,rinse,2,hand,11,['hand'],[11],official_train,WASHING,/kaggle/input/datasets/ldthanh/epic-kitchens-100-p1/P22/videos/P22_08.MP4
P22_08_154,P22,P22_08,00:06:20.440,00:06:19.02,00:06:21.07,22741,22864,pick up pan,pick-up,0,pan,5,['pan'],[5],official_train,PICKS UP,/kaggle/input/datasets/ldthanh/epic-kitchens-100-p1/P22/videos/P22_08.MP4
P22_08_155,P22,P22_08,00:06:21.800,00:06:21.36,00:06:23.27,22881,22996,put down pan,put-down,1,pan,5,['pan'],[5],official_train,PUT DOWN,/kaggle/input/datasets/ldthanh/epic-kitchens-100-p1/P22/videos/P22_08.MP4
P22_08_157,P22,P22_08,00:06:24.660,00:06:23.84,00:06:24.72,23030,23083,rinse spoon,rinse,2,spoon,1,['spoon'],[1],official_train,WASHING,/kaggle/input/datasets/ldthanh/epic-kitchens-100-p1/P22/videos/P22_08.MP4
P22_08_159,P22,P22_08,00:06:28.880,00:06:28.46,00:06:29.50,23307,23370,put down soap,put-down,1,soap,22,['soap'],[22],official_train,PUT DOWN,/kaggle/input/datasets/ldthanh/epic-kitchens-100-p1/P22/videos/P22_08.MP4
P22_08_16,P22,P22_08,00:00:38.850,00:00:38.03,00:00:38.58,2281,2314,put down mezzaluna knife,put-down,1,knife:mezzaluna,4,['knife:mezzaluna'],[4],official_train,PUT DOWN,/kaggle/input/datasets/ldthanh/epic-kitchens-100-p1/P22/videos/P22_08.MP4
P22_08_160,P22,P22_08,00:06:33.640,00:06:33.12,00:06:39.52,23587,23971,lather spoon,lather,2,spoon,1,['spoon'],[1],official_train,WASHING,/kaggle/input/datasets/ldthanh/epic-kitchens-100-p1/P22/videos/P22_08.MP4
P22_08_161,P22,P22_08,00:06:41.240,00:06:41.07,00:06:50.66,24064,24639,lather pan,lather,2,pan,5,['pan'],[5],official_train,WASHING,/kaggle/input/datasets/ldthanh/epic-kitchens-100-p1/P22/videos/P22_08.MP4
P22_08_162,P22,P22_08,00:06:51.360,00:06:50.76,00:06:55.54,24645,24932,lather pan,lather,2,pan,5,['pan'],[5],official_train,WASHING,/kaggle/input/datasets/ldthanh/epic-kitchens-100-p1/P22/videos/P22_08.MP4
P22_08_163,P22,P22_08,00:06:56.170,00:06:55.54,00:06:56.58,24932,24994,put down pan,put-down,1,pan,5,['pan'],[5],official_train,PUT DOWN,/kaggle/input/datasets/ldthanh/epic-kitchens-100-p1/P22/videos/P22_08.MP4
P22_08_165,P22,P22_08,00:06:58.370,00:06:56.50,00:06:58.75,24990,25125,rinse hands,rinse,2,hand,11,['hand'],[11],official_train,WASHING,/kaggle/input/datasets/ldthanh/epic-kitchens-100-p1/P22/videos/P22_08.MP4
P22_08_166,P22,P22_08,00:07:00.160,00:06:58.85,00:07:03.60,25131,25416,rinse spoon,rinse,2,spoon,1,['spoon'],[1],official_train,WASHING,/kaggle/input/datasets/ldthanh/epic-kitchens-100-p1/P22/videos/P22_08.MP4
P22_08_167,P22,P22_08,00:07:03.780,00:07:01.30,00:07:04.95,25278,25497,put down spoon,put-down,1,spoon,1,['spoon'],[1],official_train,PUT DOWN,/kaggle/input/datasets/ldthanh/epic-kitchens-100-p1/P22/videos/P22_08.MP4
P22_08_168,P22,P22_08,00:07:04.900,00:07:05.07,00:07:16.06,25504,26163,rinse pan,rinse,2,pan,5,['pan'],[5],official_train,WASHING,/kaggle/input/datasets/ldthanh/epic-kitchens-100-p1/P22/videos/P22_08.MP4
P22_08_169,P22,P22_08,00:07:08.550,00:07:16.16,00:07:18.59,26169,26315,put down pan,put-down,1,pan,5,['pan'],[5],official_train,PUT DOWN,/kaggle/input/datasets/ldthanh/epic-kitchens-100-p1/P22/videos/P22_08.MP4
P22_08_170,P22,P22_08,00:07:20.400,00:07:18.85,00:07:22.35,26331,26541,rinse sponge,rinse,2,sponge,9,['sponge'],[9],official_train,WASHING,/kaggle/input/datasets/ldthanh/epic-kitchens-100-p1/P22/videos/P22_08.MP4
P22_08_171,P22,P22_08,00:07:23.460,00:07:22.70,00:07:23.67,26562,26620,put down sponge,put-down,1,sponge,9,['sponge'],[9],official_train,PUT DOWN,/kaggle/input/datasets/ldthanh/epic-kitchens-100-p1/P22/videos/P22_08.MP4
P22_08_172,P22,P22_08,00:07:24.710,00:07:23.79,00:07:24.78,26627,26686,rinse hands,rinse,2,hand,11,['hand'],[11],official_train,WASHING,/kaggle/input/datasets/ldthanh/epic-kitchens-100-p1/P22/videos/P22_08.MP4
P22_08_176,P22,P22_08,00:07:33.980,00:07:33.28,00:07:36.03,27196,27361,place dishrag,place,1,dishrag,17,['dishrag'],[17],official_train,PUT DOWN,/kaggle/input/datasets/ldthanh/epic-kitchens-100-p1/P22/videos/P22_08.MP4
P22_08_177,P22,P22_08,00:07:39.720,00:07:36.85,00:07:43.11,27411,27786,open coffee pot,open,3,pot:coffee,50,['pot:coffee'],[50],official_train,OPENS,/kaggle/input/datasets/ldthanh/epic-kitchens-100-p1/P22/videos/P22_08.MP4
P22_08_178,P22,P22_08,00:07:44.470,00:07:43.10,00:07:44.14,27786,27848,open moka,open,3,moka,50,['moka'],[50],official_train,OPENS,/kaggle/input/datasets/ldthanh/epic-kitchens-100-p1/P22/videos/P22_08.MP4
P22_08_179,P22,P22_08,00:07:48.060,00:07:46.11,00:07:47.66,27966,28059,pick up water,pick-up,0,water,27,['water'],[27],official_train,PICKS UP,/kaggle/input/datasets/ldthanh/epic-kitchens-100-p1/P22/videos/P22_08.MP4
P22_08_18,P22,P22_08,00:00:42.120,00:00:40.72,00:00:42.47,2443,2548,take container,take,0,container,21,['container'],[21],official_train,PICKS UP,/kaggle/input/datasets/ldthanh/epic-kitchens-100-p1/P22/videos/P22_08.MP4
P22_08_183,P22,P22_08,00:07:57.070,00:07:56.46,00:07:57.02,28587,28621,place water,place,1,water,27,['water'],[27],official_train,PUT DOWN,/kaggle/input/datasets/ldthanh/epic-kitchens-100-p1/P22/videos/P22_08.MP4
P22_08_184,P22,P22_08,00:07:58.270,00:07:56.87,00:07:58.78,28612,28726,open cabinet,open,3,cabinet,3,['cabinet'],[3],official_train,OPENS,/kaggle/input/datasets/ldthanh/epic-kitchens-100-p1/P22/videos/P22_08.MP4
P22_08_185,P22,P22_08,00:07:59.630,00:07:58.87,00:07:59.79,28732,28787,pick up coffee,pick-up,0,coffee,59,['coffee'],[59],official_train,PICKS UP,/kaggle/input/datasets/ldthanh/epic-kitchens-100-p1/P22/videos/P22_08.MP4
P22_08_187,P22,P22_08,00:08:03.150,00:08:01.26,00:08:02.51,28875,28950,pick up filter,pick-up,0,filter,77,['filter'],[77],official_train,PICKS UP,/kaggle/input/datasets/ldthanh/epic-kitchens-100-p1/P22/videos/P22_08.MP4
P22_08_188,P22,P22_08,00:08:04.940,00:08:03.58,00:08:04.24,29014,29054,open coffee,open,3,coffee,59,['coffee'],[59],official_train,OPENS,/kaggle/input/datasets/ldthanh/epic-kitchens-100-p1/P22/videos/P22_08.MP4
P22_08_189,P22,P22_08,00:08:08.370,00:08:07.57,00:08:09.46,29254,29367,place coffee,place,1,coffee,59,['coffee'],[59],official_train,PUT DOWN,/kaggle/input/datasets/ldthanh/epic-kitchens-100-p1/P22/videos/P22_08.MP4
P22_08_19,P22,P22_08,00:00:43.440,00:00:42.57,00:00:43.09,2554,2585,put down container,put-down,1,container,21,['container'],[21],official_train,PUT DOWN,/kaggle/input/datasets/ldthanh/epic-kitchens-100-p1/P22/videos/P22_08.MP4
P22_08_190,P22,P22_08,00:08:13.160,00:08:09.33,00:08:16.15,29359,29769,pick up coffee,pick-up,0,coffee,59,['coffee'],[59],official_train,PICKS UP,/kaggle/input/datasets/ldthanh/epic-kitchens-100-p1/P22/videos/P22_08.MP4
P22_08_192,P22,P22_08,00:08:27.080,00:08:24.02,00:08:29.88,30241,30592,clean filter,clean,2,filter,77,['filter'],[77],official_train,WASHING,/kaggle/input/datasets/ldthanh/epic-kitchens-100-p1/P22/videos/P22_08.MP4
P22_08_198,P22,P22_08,00:08:49.860,00:08:49.14,00:08:50.02,31748,31801,pick up coffee maker,pick-up,0,maker:coffee,50,['maker:coffee'],[50],official_train,PICKS UP,/kaggle/input/datasets/ldthanh/epic-kitchens-100-p1/P22/videos/P22_08.MP4
P22_08_199,P22,P22_08,00:08:50.860,00:08:50.25,00:08:51.67,31815,31900,put down coffee maker,put-down,1,maker:coffee,50,['maker:coffee'],[50],official_train,PUT DOWN,/kaggle/input/datasets/ldthanh/epic-kitchens-100-p1/P22/videos/P22_08.MP4
P22_08_20,P22,P22_08,00:00:44.559,00:00:43.67,00:00:44.46,2620,2667,take box,take,0,box,23,['box'],[23],official_train,PICKS UP,/kaggle/input/datasets/ldthanh/epic-kitchens-100-p1/P22/videos/P22_08.MP4
P22_08_200,P22,P22_08,00:08:52.420,00:08:52.12,00:08:52.72,31927,31963,pick up lighter,pick-up,0,lighter,130,['lighter'],[130],official_train,PICKS UP,/kaggle/input/datasets/ldthanh/epic-kitchens-100-p1/P22/videos/P22_08.MP4
P22_08_203,P22,P22_08,00:08:59.580,00:08:58.87,00:08:59.59,32332,32375,put down lighter,put-down,1,lighter,130,['lighter'],[130],official_train,PUT DOWN,/kaggle/input/datasets/ldthanh/epic-kitchens-100-p1/P22/videos/P22_08.MP4
P22_08_204,P22,P22_08,00:09:00.580,00:08:59.51,00:09:00.17,32370,32410,pick up lid,pick-up,0,lid,6,['lid'],[6],official_train,PICKS UP,/kaggle/input/datasets/ldthanh/epic-kitchens-100-p1/P22/videos/P22_08.MP4
P22_08_207,P22,P22_08,00:09:05.280,00:09:05.20,00:09:05.70,32712,32742,open cabinet,open,3,cabinet,3,['cabinet'],[3],official_train,OPENS,/kaggle/input/datasets/ldthanh/epic-kitchens-100-p1/P22/videos/P22_08.MP4
P22_08_21,P22,P22_08,00:00:56.350,00:00:46.50,00:00:48.75,2790,2925,put down silverware,put-down,1,silverware,58,['silverware'],[58],official_train,PUT DOWN,/kaggle/input/datasets/ldthanh/epic-kitchens-100-p1/P22/videos/P22_08.MP4
P22_08_211,P22,P22_08,00:09:13.580,00:09:10.10,00:09:14.35,33006,33261,rinse sink,rinse,2,sink,63,['sink'],[63],official_train,WASHING,/kaggle/input/datasets/ldthanh/epic-kitchens-100-p1/P22/videos/P22_08.MP4
P22_08_212,P22,P22_08,00:09:12.120,00:09:10.10,00:09:14.31,33006,33258,rinse hands,rinse,2,hand,11,['hand'],[11],official_train,WASHING,/kaggle/input/datasets/ldthanh/epic-kitchens-100-p1/P22/videos/P22_08.MP4
P22_08_213,P22,P22_08,00:09:15.780,00:09:14.75,00:09:15.37,33285,33322,pick up cloth,pick-up,0,cloth,17,['cloth'],[17],official_train,PICKS UP,/kaggle/input/datasets/ldthanh/epic-kitchens-100-p1/P22/videos/P22_08.MP4
P22_08_214,P22,P22_08,00:09:16.780,00:09:15.22,00:09:17.67,33313,33460,rinse cloth,rinse,2,cloth,17,['cloth'],[17],official_train,WASHING,/kaggle/input/datasets/ldthanh/epic-kitchens-100-p1/P22/videos/P22_08.MP4
P22_08_216,P22,P22_08,00:09:25.090,00:09:17.27,00:09:23.14,33436,33788,clean sink,clean,2,sink,63,['sink'],[63],official_train,WASHING,/kaggle/input/datasets/ldthanh/epic-kitchens-100-p1/P22/videos/P22_08.MP4
P22_08_217,P22,P22_08,00:09:24.090,00:09:22.89,00:09:24.27,33773,33856,rinse cloth,rinse,2,cloth,17,['cloth'],[17],official_train,WASHING,/kaggle/input/datasets/ldthanh/epic-kitchens-100-p1/P22/videos/P22_08.MP4
P22_08_218,P22,P22_08,00:09:20.200,00:09:24.24,00:09:27.82,33854,34069,clean sink,clean,2,sink,63,['sink'],[63],official_train,WASHING,/kaggle/input/datasets/ldthanh/epic-kitchens-100-p1/P22/videos/P22_08.MP4
P22_08_219,P22,P22_08,00:09:29.270,00:09:27.72,00:09:29.13,34063,34147,rinse cloth,rinse,2,cloth,17,['cloth'],[17],official_train,WASHING,/kaggle/input/datasets/ldthanh/epic-kitchens-100-p1/P22/videos/P22_08.MP4
P22_08_22,P22,P22_08,00:00:46.309,00:00:46.59,00:00:48.60,2795,2916,put down box,put-down,1,box,23,['box'],[23],official_train,PUT DOWN,/kaggle/input/datasets/ldthanh/epic-kitchens-100-p1/P22/videos/P22_08.MP4
P22_08_221,P22,P22_08,00:09:31.970,00:09:30.11,00:09:31.44,34206,34286,rinse cloth,rinse,2,cloth,17,['cloth'],[17],official_train,WASHING,/kaggle/input/datasets/ldthanh/epic-kitchens-100-p1/P22/videos/P22_08.MP4
P22_08_222,P22,P22_08,00:09:32.970,00:09:31.85,00:09:33.44,34311,34406,clean sink,clean,2,sink,63,['sink'],[63],official_train,WASHING,/kaggle/input/datasets/ldthanh/epic-kitchens-100-p1/P22/videos/P22_08.MP4
P22_08_225,P22,P22_08,00:09:37.940,00:09:36.50,00:09:38.09,34590,34685,rinse hands,rinse,2,hand,11,['hand'],[11],official_train,WASHING,/kaggle/input/datasets/ldthanh/epic-kitchens-100-p1/P22/videos/P22_08.MP4
P22_08_228,P22,P22_08,00:09:41.150,00:09:39.85,00:09:40.68,34791,34840,pick up rag,pick-up,0,rag,17,['rag'],[17],official_train,PICKS UP,/kaggle/input/datasets/ldthanh/epic-kitchens-100-p1/P22/videos/P22_08.MP4
P22_08_23,P22,P22_08,00:00:52.410,00:00:51.59,00:00:53.58,3095,3214,put down waste,put-down,1,waste,54,['waste'],[54],official_train,PUT DOWN,/kaggle/input/datasets/ldthanh/epic-kitchens-100-p1/P22/videos/P22_08.MP4
P22_08_230,P22,P22_08,00:09:47.110,00:09:46.48,00:09:47.47,35188,35248,place rag,place,1,rag,17,['rag'],[17],official_train,PUT DOWN,/kaggle/input/datasets/ldthanh/epic-kitchens-100-p1/P22/videos/P22_08.MP4
P22_08_231,P22,P22_08,00:09:49.950,00:09:49.00,00:09:50.50,35340,35430,pick up glasses,pick-up,0,glass,10,['glass'],[10],official_train,PICKS UP,/kaggle/input/datasets/ldthanh/epic-kitchens-100-p1/P22/videos/P22_08.MP4
P22_08_232,P22,P22_08,00:09:52.960,00:09:52.67,00:09:53.91,35560,35634,place glasses,place,1,glass,10,['glass'],[10],official_train,PUT DOWN,/kaggle/input/datasets/ldthanh/epic-kitchens-100-p1/P22/videos/P22_08.MP4
P22_08_233,P22,P22_08,00:09:55.650,00:09:54.80,00:09:58.40,35688,35904,pick up place mat,pick-up,0,mat:place,84,['mat:place'],[84],official_train,PICKS UP,/kaggle/input/datasets/ldthanh/epic-kitchens-100-p1/P22/videos/P22_08.MP4
P22_08_234,P22,P22_08,00:09:57.560,00:09:56.73,00:09:58.23,35803,35893,pick up place mat,pick-up,0,mat:place,84,['mat:place'],[84],official_train,PICKS UP,/kaggle/input/datasets/ldthanh/epic-kitchens-100-p1/P22/videos/P22_08.MP4
P22_08_235,P22,P22_08,00:09:58.560,00:09:57.69,00:09:58.35,35861,35901,pick up place mats,pick-up,0,mat:place,84,['mat:place'],[84],official_train,PICKS UP,/kaggle/input/datasets/ldthanh/epic-kitchens-100-p1/P22/videos/P22_08.MP4
P22_08_236,P22,P22_08,00:09:59.880,00:09:58.68,00:09:59.21,35920,35952,pick up trivet,pick-up,0,trivet,24,['trivet'],[24],official_train,PICKS UP,/kaggle/input/datasets/ldthanh/epic-kitchens-100-p1/P22/videos/P22_08.MP4
P22_08_237,P22,P22_08,00:10:01.060,00:09:59.98,00:10:01.19,35998,36071,place trivet,place,1,trivet,24,['trivet'],[24],official_train,PUT DOWN,/kaggle/input/datasets/ldthanh/epic-kitchens-100-p1/P22/videos/P22_08.MP4
P22_08_238,P22,P22_08,00:10:02.920,00:10:02.64,00:10:03.50,36158,36210,open place mat,open,3,mat:place,84,['mat:place'],[84],official_train,OPENS,/kaggle/input/datasets/ldthanh/epic-kitchens-100-p1/P22/videos/P22_08.MP4
P22_08_24,P22,P22_08,00:00:54.350,00:00:53.25,00:00:54.00,3195,3240,pick up lid,pick-up,0,lid,6,['lid'],[6],official_train,PICKS UP,/kaggle/input/datasets/ldthanh/epic-kitchens-100-p1/P22/videos/P22_08.MP4
P22_08_242,P22,P22_08,00:10:07.780,00:10:07.28,00:10:07.86,36436,36471,place place mat,place,1,mat:place,84,['mat:place'],[84],official_train,PUT DOWN,/kaggle/input/datasets/ldthanh/epic-kitchens-100-p1/P22/videos/P22_08.MP4
P22_08_244,P22,P22_08,00:10:08.840,00:10:07.68,00:10:08.34,36460,36500,pick up place mat,pick-up,0,mat:place,84,['mat:place'],[84],official_train,PICKS UP,/kaggle/input/datasets/ldthanh/epic-kitchens-100-p1/P22/videos/P22_08.MP4
P22_08_245,P22,P22_08,00:10:09.920,00:10:09.36,00:10:10.88,36561,36652,open place mat,open,3,mat:place,84,['mat:place'],[84],official_train,OPENS,/kaggle/input/datasets/ldthanh/epic-kitchens-100-p1/P22/videos/P22_08.MP4
P22_08_247,P22,P22_08,00:10:24.060,00:10:14.00,00:10:23.98,36840,37438,place rag,place,1,rag,17,['rag'],[17],official_train,PUT DOWN,/kaggle/input/datasets/ldthanh/epic-kitchens-100-p1/P22/videos/P22_08.MP4
P22_08_248,P22,P22_08,00:10:15.970,00:10:15.59,00:10:17.02,36935,37021,open drawer,open,3,drawer,8,['drawer'],[8],official_train,OPENS,/kaggle/input/datasets/ldthanh/epic-kitchens-100-p1/P22/videos/P22_08.MP4
P22_08_249,P22,P22_08,00:10:17.020,00:10:16.75,00:10:17.41,37005,37044,place place mats,place,1,mat:place,84,['mat:place'],[84],official_train,PUT DOWN,/kaggle/input/datasets/ldthanh/epic-kitchens-100-p1/P22/videos/P22_08.MP4
P22_08_25,P22,P22_08,00:00:55.350,00:00:54.10,00:00:54.80,3246,3288,pick up silverware,pick-up,0,silverware,58,['silverware'],[58],official_train,PICKS UP,/kaggle/input/datasets/ldthanh/epic-kitchens-100-p1/P22/videos/P22_08.MP4
P22_08_251,P22,P22_08,00:10:19.060,00:10:17.83,00:10:18.94,37069,37136,pick up lighter,pick-up,0,lighter,130,['lighter'],[130],official_train,PICKS UP,/kaggle/input/datasets/ldthanh/epic-kitchens-100-p1/P22/videos/P22_08.MP4
P22_08_252,P22,P22_08,00:10:20.060,00:10:18.77,00:10:19.36,37126,37161,open drawer,open,3,drawer,8,['drawer'],[8],official_train,OPENS,/kaggle/input/datasets/ldthanh/epic-kitchens-100-p1/P22/videos/P22_08.MP4
P22_08_253,P22,P22_08,00:10:21.060,00:10:19.21,00:10:19.71,37152,37182,place lighter,place,1,lighter,130,['lighter'],[130],official_train,PUT DOWN,/kaggle/input/datasets/ldthanh/epic-kitchens-100-p1/P22/videos/P22_08.MP4
P22_08_255,P22,P22_08,00:10:23.060,00:10:20.69,00:10:21.29,37241,37277,open drawer,open,3,drawer,8,['drawer'],[8],official_train,OPENS,/kaggle/input/datasets/ldthanh/epic-kitchens-100-p1/P22/videos/P22_08.MP4
P22_08_258,P22,P22_08,00:10:29.810,00:10:28.28,00:10:29.79,37696,37787,rinse sponge,rinse,2,sponge,9,['sponge'],[9],official_train,WASHING,/kaggle/input/datasets/ldthanh/epic-kitchens-100-p1/P22/videos/P22_08.MP4
P22_08_259,P22,P22_08,00:10:30.810,00:10:29.52,00:10:35.00,37771,38100,lather glass,lather,2,glass,10,['glass'],[10],official_train,WASHING,/kaggle/input/datasets/ldthanh/epic-kitchens-100-p1/P22/videos/P22_08.MP4
P22_08_26,P22,P22_08,00:00:58.309,00:00:57.73,00:00:58.79,3463,3527,put down lid,put-down,1,lid,6,['lid'],[6],official_train,PUT DOWN,/kaggle/input/datasets/ldthanh/epic-kitchens-100-p1/P22/videos/P22_08.MP4
P22_08_260,P22,P22_08,00:10:36.260,00:10:35.10,00:10:36.12,38106,38167,put down glass,put-down,1,glass,10,['glass'],[10],official_train,PUT DOWN,/kaggle/input/datasets/ldthanh/epic-kitchens-100-p1/P22/videos/P22_08.MP4
P22_08_261,P22,P22_08,00:10:37.520,00:10:36.03,00:10:41.35,38161,38481,lather glass,lather,2,glass,10,['glass'],[10],official_train,WASHING,/kaggle/input/datasets/ldthanh/epic-kitchens-100-p1/P22/videos/P22_08.MP4
P22_08_262,P22,P22_08,00:10:38.610,00:10:41.07,00:10:41.70,38464,38502,put down sponge,put-down,1,sponge,9,['sponge'],[9],official_train,PUT DOWN,/kaggle/input/datasets/ldthanh/epic-kitchens-100-p1/P22/videos/P22_08.MP4
P22_08_264,P22,P22_08,00:10:45.220,00:10:42.34,00:10:50.14,38540,39008,rinse glass,rinse,2,glass,10,['glass'],[10],official_train,WASHING,/kaggle/input/datasets/ldthanh/epic-kitchens-100-p1/P22/videos/P22_08.MP4
P22_08_265,P22,P22_08,00:10:51.220,00:10:49.94,00:10:51.68,38996,39100,put down glass,put-down,1,glass,10,['glass'],[10],official_train,PUT DOWN,/kaggle/input/datasets/ldthanh/epic-kitchens-100-p1/P22/videos/P22_08.MP4
P22_08_266,P22,P22_08,00:10:52.770,00:10:51.79,00:10:52.40,39107,39144,pick up glass,pick-up,0,glass,10,['glass'],[10],official_train,PICKS UP,/kaggle/input/datasets/ldthanh/epic-kitchens-100-p1/P22/videos/P22_08.MP4
P22_08_267,P22,P22_08,00:10:53.810,00:10:52.34,00:10:55.51,39140,39330,rinse glass,rinse,2,glass,10,['glass'],[10],official_train,WASHING,/kaggle/input/datasets/ldthanh/epic-kitchens-100-p1/P22/videos/P22_08.MP4
P22_08_268,P22,P22_08,00:10:56.890,00:10:55.32,00:10:57.73,39319,39463,put down glass,put-down,1,glass,10,['glass'],[10],official_train,PUT DOWN,/kaggle/input/datasets/ldthanh/epic-kitchens-100-p1/P22/videos/P22_08.MP4
P22_08_269,P22,P22_08,00:10:58.830,00:10:57.05,00:10:58.93,39423,39535,rinse hands,rinse,2,hand,11,['hand'],[11],official_train,WASHING,/kaggle/input/datasets/ldthanh/epic-kitchens-100-p1/P22/videos/P22_08.MP4
P22_08_270,P22,P22_08,00:11:00.170,00:10:58.88,00:10:59.51,39532,39570,pick up cloth,pick-up,0,cloth,17,['cloth'],[17],official_train,PICKS UP,/kaggle/input/datasets/ldthanh/epic-kitchens-100-p1/P22/videos/P22_08.MP4
P22_08_271,P22,P22_08,00:11:01.170,00:10:59.72,00:11:02.81,39583,39768,rinse cloth,rinse,2,cloth,17,['cloth'],[17],official_train,WASHING,/kaggle/input/datasets/ldthanh/epic-kitchens-100-p1/P22/videos/P22_08.MP4
P22_08_272,P22,P22_08,00:11:03.890,00:11:02.91,00:11:06.29,39774,39977,rinse sponge,rinse,2,sponge,9,['sponge'],[9],official_train,WASHING,/kaggle/input/datasets/ldthanh/epic-kitchens-100-p1/P22/videos/P22_08.MP4
P22_08_273,P22,P22_08,00:11:07.600,00:11:06.65,00:11:08.06,39999,40083,put down sponge,put-down,1,sponge,9,['sponge'],[9],official_train,PUT DOWN,/kaggle/input/datasets/ldthanh/epic-kitchens-100-p1/P22/videos/P22_08.MP4
P22_08_274,P22,P22_08,00:11:09.130,00:11:07.94,00:11:09.39,40076,40163,rinse hands,rinse,2,hand,11,['hand'],[11],official_train,WASHING,/kaggle/input/datasets/ldthanh/epic-kitchens-100-p1/P22/videos/P22_08.MP4
P22_08_275,P22,P22_08,00:11:10.130,00:11:08.77,00:11:09.84,40126,40190,rinse cloth,rinse,2,cloth,17,['cloth'],[17],official_train,WASHING,/kaggle/input/datasets/ldthanh/epic-kitchens-100-p1/P22/videos/P22_08.MP4
P22_08_276,P22,P22_08,00:11:14.500,00:11:13.21,00:11:28.57,40392,41314,clean stove top,clean,2,top:stove,24,['top:stove'],[24],official_train,WASHING,/kaggle/input/datasets/ldthanh/epic-kitchens-100-p1/P22/videos/P22_08.MP4
P22_08_279,P22,P22_08,00:11:32.650,00:11:31.31,00:11:34.28,41478,41656,clean stove top,clean,2,top:stove,24,['top:stove'],[24],official_train,WASHING,/kaggle/input/datasets/ldthanh/epic-kitchens-100-p1/P22/videos/P22_08.MP4
P22_08_28,P22,P22_08,00:01:02.920,00:00:59.97,00:01:02.86,3598,3771,open cabinet,open,3,cabinet,3,['cabinet'],[3],official_train,OPENS,/kaggle/input/datasets/ldthanh/epic-kitchens-100-p1/P22/videos/P22_08.MP4
P22_08_281,P22,P22_08,00:11:41.280,00:11:39.88,00:11:40.63,41992,42037,rinse hand,rinse,2,hand,11,['hand'],[11],official_train,WASHING,/kaggle/input/datasets/ldthanh/epic-kitchens-100-p1/P22/videos/P22_08.MP4
P22_08_285,P22,P22_08,00:11:44.280,00:11:42.49,00:11:43.33,42149,42199,rinse cloth,rinse,2,cloth,17,['cloth'],[17],official_train,WASHING,/kaggle/input/datasets/ldthanh/epic-kitchens-100-p1/P22/videos/P22_08.MP4
P22_08_287,P22,P22_08,00:11:50.690,00:11:49.79,00:11:50.95,42587,42657,pick up bottle,pick-up,0,bottle,15,['bottle'],[15],official_train,PICKS UP,/kaggle/input/datasets/ldthanh/epic-kitchens-100-p1/P22/videos/P22_08.MP4
P22_08_288,P22,P22_08,00:11:51.780,00:11:50.21,00:11:51.65,42612,42699,put down bottle,put-down,1,bottle,15,['bottle'],[15],official_train,PUT DOWN,/kaggle/input/datasets/ldthanh/epic-kitchens-100-p1/P22/videos/P22_08.MP4
P22_08_289,P22,P22_08,00:11:52.860,00:11:52.10,00:11:52.81,42726,42768,pick up remote control,pick-up,0,control:remote,221,['control:remote'],[221],official_train,PICKS UP,/kaggle/input/datasets/ldthanh/epic-kitchens-100-p1/P22/videos/P22_08.MP4
P22_08_29,P22,P22_08,00:01:04.400,00:01:02.87,00:01:05.71,3772,3942,put down bowl,put-down,1,bowl,7,['bowl'],[7],official_train,PUT DOWN,/kaggle/input/datasets/ldthanh/epic-kitchens-100-p1/P22/videos/P22_08.MP4
P22_08_290,P22,P22_08,00:11:54.280,00:11:52.66,00:11:53.79,42759,42827,put down remote control,put-down,1,control:remote,221,['control:remote'],[221],official_train,PUT DOWN,/kaggle/input/datasets/ldthanh/epic-kitchens-100-p1/P22/videos/P22_08.MP4
P22_08_291,P22,P22_08,00:11:55.810,00:11:53.80,00:11:55.55,42828,42933,put down cloth,put-down,1,cloth,17,['cloth'],[17],official_train,PUT DOWN,/kaggle/input/datasets/ldthanh/epic-kitchens-100-p1/P22/videos/P22_08.MP4
P22_08_292,P22,P22_08,00:11:58.120,00:11:56.21,00:11:57.00,42972,43020,pick up cloth,pick-up,0,cloth,17,['cloth'],[17],official_train,PICKS UP,/kaggle/input/datasets/ldthanh/epic-kitchens-100-p1/P22/videos/P22_08.MP4
P22_08_293,P22,P22_08,00:11:59.300,00:11:57.62,00:11:59.12,43057,43147,pick up detergent,pick-up,0,detergent,22,['detergent'],[22],official_train,PICKS UP,/kaggle/input/datasets/ldthanh/epic-kitchens-100-p1/P22/videos/P22_08.MP4
P22_08_295,P22,P22_08,00:12:02.370,00:12:00.75,00:12:02.06,43245,43323,clean table,clean,2,table,42,['table'],[42],official_train,WASHING,/kaggle/input/datasets/ldthanh/epic-kitchens-100-p1/P22/videos/P22_08.MP4
P22_08_297,P22,P22_08,00:12:06.260,00:12:05.11,00:12:05.94,43506,43556,clean table,clean,2,table,42,['table'],[42],official_train,WASHING,/kaggle/input/datasets/ldthanh/epic-kitchens-100-p1/P22/videos/P22_08.MP4
P22_08_3,P22,P22_08,00:00:12.000,00:00:11.07,00:00:11.79,664,707,take spoon,take,0,spoon,1,['spoon'],[1],official_train,PICKS UP,/kaggle/input/datasets/ldthanh/epic-kitchens-100-p1/P22/videos/P22_08.MP4
P22_08_30,P22,P22_08,00:01:06.280,00:01:05.26,00:01:06.59,3915,3995,put down cup,put-down,1,cup,13,['cup'],[13],official_train,PUT DOWN,/kaggle/input/datasets/ldthanh/epic-kitchens-100-p1/P22/videos/P22_08.MP4
P22_08_300,P22,P22_08,00:12:11.150,00:12:08.22,00:12:10.26,43693,43815,clean table,clean,2,table,42,['table'],[42],official_train,WASHING,/kaggle/input/datasets/ldthanh/epic-kitchens-100-p1/P22/videos/P22_08.MP4
P22_08_301,P22,P22_08,00:12:12.150,00:12:10.28,00:12:11.39,43816,43883,clean table,clean,2,table,42,['table'],[42],official_train,WASHING,/kaggle/input/datasets/ldthanh/epic-kitchens-100-p1/P22/videos/P22_08.MP4
P22_08_302,P22,P22_08,00:12:18.770,00:12:11.49,00:12:19.84,43889,44390,clean table,clean,2,table,42,['table'],[42],official_train,WASHING,/kaggle/input/datasets/ldthanh/epic-kitchens-100-p1/P22/videos/P22_08.MP4
P22_08_303,P22,P22_08,00:12:21.420,00:12:20.71,00:12:21.50,44442,44490,put detergent,put,1,detergent,22,['detergent'],[22],official_train,PUT DOWN,/kaggle/input/datasets/ldthanh/epic-kitchens-100-p1/P22/videos/P22_08.MP4
P22_08_304,P22,P22_08,00:12:22.420,00:12:21.41,00:12:22.28,44484,44536,put cloth,put,1,cloth,17,['cloth'],[17],official_train,PUT DOWN,/kaggle/input/datasets/ldthanh/epic-kitchens-100-p1/P22/videos/P22_08.MP4
P22_08_305,P22,P22_08,00:12:26.040,00:12:22.46,00:12:26.21,44547,44772,open moka pot,open,3,pot:moka,50,['pot:moka'],[50],official_train,OPENS,/kaggle/input/datasets/ldthanh/epic-kitchens-100-p1/P22/videos/P22_08.MP4
P22_08_307,P22,P22_08,00:12:29.950,00:12:29.33,00:12:31.91,44959,45114,pick up detergent,pick-up,0,detergent,22,['detergent'],[22],official_train,PICKS UP,/kaggle/input/datasets/ldthanh/epic-kitchens-100-p1/P22/videos/P22_08.MP4
P22_08_308,P22,P22_08,00:12:31.060,00:12:31.55,00:12:32.29,45093,45137,put detergent,put,1,detergent,22,['detergent'],[22],official_train,PUT DOWN,/kaggle/input/datasets/ldthanh/epic-kitchens-100-p1/P22/videos/P22_08.MP4
P22_08_309,P22,P22_08,00:12:32.970,00:12:32.67,00:12:34.40,45160,45264,open cupboard,open,3,cupboard,3,['cupboard'],[3],official_train,OPENS,/kaggle/input/datasets/ldthanh/epic-kitchens-100-p1/P22/videos/P22_08.MP4
P22_08_310,P22,P22_08,00:12:34.430,00:12:34.50,00:12:35.41,45270,45324,put detergent,put,1,detergent,22,['detergent'],[22],official_train,PUT DOWN,/kaggle/input/datasets/ldthanh/epic-kitchens-100-p1/P22/videos/P22_08.MP4
P22_08_312,P22,P22_08,00:12:37.000,00:12:36.28,00:12:36.85,45376,45411,pick up detergent,pick-up,0,detergent,22,['detergent'],[22],official_train,PICKS UP,/kaggle/input/datasets/ldthanh/epic-kitchens-100-p1/P22/videos/P22_08.MP4
P22_08_313,P22,P22_08,00:12:38.050,00:12:36.95,00:12:38.30,45417,45498,put detergent,put,1,detergent,22,['detergent'],[22],official_train,PUT DOWN,/kaggle/input/datasets/ldthanh/epic-kitchens-100-p1/P22/videos/P22_08.MP4
P22_08_315,P22,P22_08,00:12:42.220,00:12:40.51,00:12:41.38,45630,45682,pick up bag,pick-up,0,bag,19,['bag'],[19],official_train,PICKS UP,/kaggle/input/datasets/ldthanh/epic-kitchens-100-p1/P22/videos/P22_08.MP4
P22_08_318,P22,P22_08,00:12:55.060,00:12:54.08,00:12:54.96,46444,46497,open drawer,open,3,drawer,8,['drawer'],[8],official_train,OPENS,/kaggle/input/datasets/ldthanh/epic-kitchens-100-p1/P22/videos/P22_08.MP4
P22_08_319,P22,P22_08,00:12:56.060,00:12:54.90,00:12:55.55,46494,46533,put bag,put,1,bag,19,['bag'],[19],official_train,PUT DOWN,/kaggle/input/datasets/ldthanh/epic-kitchens-100-p1/P22/videos/P22_08.MP4
P22_08_32,P22,P22_08,00:01:10.060,00:01:09.04,00:01:10.04,4142,4202,pick up jar,pick-up,0,jar,40,['jar'],[40],official_train,PICKS UP,/kaggle/input/datasets/ldthanh/epic-kitchens-100-p1/P22/videos/P22_08.MP4
P22_08_321,P22,P22_08,00:12:58.570,00:12:57.56,00:12:58.24,46653,46694,pick up cloth,pick-up,0,cloth,17,['cloth'],[17],official_train,PICKS UP,/kaggle/input/datasets/ldthanh/epic-kitchens-100-p1/P22/videos/P22_08.MP4
P22_08_322,P22,P22_08,00:13:08.180,00:12:58.00,00:13:09.07,46680,47344,clean gas stove,clean,2,stove:gas,24,['stove:gas'],[24],official_train,WASHING,/kaggle/input/datasets/ldthanh/epic-kitchens-100-p1/P22/videos/P22_08.MP4
P22_08_323,P22,P22_08,00:12:59.790,00:12:58.42,00:13:03.81,46705,47028,clean hob,clean,2,hob,24,['hob'],[24],official_train,WASHING,/kaggle/input/datasets/ldthanh/epic-kitchens-100-p1/P22/videos/P22_08.MP4
P22_08_324,P22,P22_08,00:13:05.410,00:13:04.11,00:13:04.94,47046,47096,take towel,take,0,towel,52,['towel'],[52],official_train,PICKS UP,/kaggle/input/datasets/ldthanh/epic-kitchens-100-p1/P22/videos/P22_08.MP4
P22_08_326,P22,P22_08,00:13:10.350,00:13:09.17,00:13:10.15,47350,47409,put rag,put,1,rag,17,['rag'],[17],official_train,PUT DOWN,/kaggle/input/datasets/ldthanh/epic-kitchens-100-p1/P22/videos/P22_08.MP4
P22_08_328,P22,P22_08,00:13:14.190,00:13:13.02,00:13:14.14,47581,47648,clean towel,clean,2,towel,52,['towel'],[52],official_train,WASHING,/kaggle/input/datasets/ldthanh/epic-kitchens-100-p1/P22/videos/P22_08.MP4
P22_08_329,P22,P22_08,00:13:15.920,00:13:14.24,00:13:15.38,47654,47722,wash towel,wash,2,towel,52,['towel'],[52],official_train,WASHING,/kaggle/input/datasets/ldthanh/epic-kitchens-100-p1/P22/videos/P22_08.MP4
P22_08_33,P22,P22_08,00:01:11.130,00:01:09.86,00:01:11.19,4191,4271,put down jar,put-down,1,jar,40,['jar'],[40],official_train,PUT DOWN,/kaggle/input/datasets/ldthanh/epic-kitchens-100-p1/P22/videos/P22_08.MP4
P22_08_331,P22,P22_08,00:13:17.920,00:13:17.03,00:13:18.03,47821,47881,wash towel,wash,2,towel,52,['towel'],[52],official_train,WASHING,/kaggle/input/datasets/ldthanh/epic-kitchens-100-p1/P22/videos/P22_08.MP4
P22_08_333,P22,P22_08,00:13:24.430,00:13:23.04,00:13:23.90,48182,48234,put towel,put,1,towel,52,['towel'],[52],official_train,PUT DOWN,/kaggle/input/datasets/ldthanh/epic-kitchens-100-p1/P22/videos/P22_08.MP4
P22_08_334,P22,P22_08,00:13:26.700,00:13:25.28,00:13:26.83,48316,48409,take sink filter,take,0,filter:sink,77,['filter:sink'],[77],official_train,PICKS UP,/kaggle/input/datasets/ldthanh/epic-kitchens-100-p1/P22/videos/P22_08.MP4
P22_08_335,P22,P22_08,00:13:28.310,00:13:28.32,00:13:29.26,48499,48555,open basket,open,3,basket,168,['basket'],[168],official_train,OPENS,/kaggle/input/datasets/ldthanh/epic-kitchens-100-p1/P22/videos/P22_08.MP4
P22_08_336,P22,P22_08,00:13:30.470,00:13:29.40,00:13:31.36,48564,48681,clean sink filter,clean,2,filter:sink,77,['filter:sink'],[77],official_train,WASHING,/kaggle/input/datasets/ldthanh/epic-kitchens-100-p1/P22/videos/P22_08.MP4
P22_08_337,P22,P22_08,00:13:34.390,00:13:32.22,00:13:33.66,48733,48819,clean sink filter,clean,2,filter:sink,77,['filter:sink'],[77],official_train,WASHING,/kaggle/input/datasets/ldthanh/epic-kitchens-100-p1/P22/videos/P22_08.MP4
P22_08_338,P22,P22_08,00:13:35.910,00:13:35.64,00:13:36.25,48938,48975,put sink filter,put,1,filter:sink,77,['filter:sink'],[77],official_train,PUT DOWN,/kaggle/input/datasets/ldthanh/epic-kitchens-100-p1/P22/videos/P22_08.MP4
P22_08_34,P22,P22_08,00:01:13.150,00:01:11.29,00:01:13.82,4277,4429,pick up lid,pick-up,0,lid,6,['lid'],[6],official_train,PICKS UP,/kaggle/input/datasets/ldthanh/epic-kitchens-100-p1/P22/videos/P22_08.MP4
P22_08_341,P22,P22_08,00:13:40.350,00:13:38.37,00:13:42.62,49102,49357,take food residue,take,0,residue:food,54,['residue:food'],[54],official_train,PICKS UP,/kaggle/input/datasets/ldthanh/epic-kitchens-100-p1/P22/videos/P22_08.MP4
P22_08_342,P22,P22_08,00:13:42.750,00:13:41.90,00:13:42.95,49314,49377,take sink filter,take,0,filter:sink,77,['filter:sink'],[77],official_train,PICKS UP,/kaggle/input/datasets/ldthanh/epic-kitchens-100-p1/P22/videos/P22_08.MP4
P22_08_346,P22,P22_08,00:13:59.730,00:13:57.88,00:13:59.60,50272,50376,wash filter,wash,2,filter,77,['filter'],[77],official_train,WASHING,/kaggle/input/datasets/ldthanh/epic-kitchens-100-p1/P22/videos/P22_08.MP4
P22_08_348,P22,P22_08,00:14:00.730,00:13:59.70,00:14:00.80,50382,50448,put down filter,put-down,1,filter,77,['filter'],[77],official_train,PUT DOWN,/kaggle/input/datasets/ldthanh/epic-kitchens-100-p1/P22/videos/P22_08.MP4
P22_08_35,P22,P22_08,00:01:16.950,00:01:13.29,00:01:17.71,4397,4662,put down lid,put-down,1,lid,6,['lid'],[6],official_train,PUT DOWN,/kaggle/input/datasets/ldthanh/epic-kitchens-100-p1/P22/videos/P22_08.MP4
P22_08_350,P22,P22_08,00:14:04.270,00:14:01.86,00:14:02.60,50511,50556,wash hands,wash,2,hand,11,['hand'],[11],official_train,WASHING,/kaggle/input/datasets/ldthanh/epic-kitchens-100-p1/P22/videos/P22_08.MP4
P22_08_352,P22,P22_08,00:14:07.120,00:14:06.44,00:14:08.02,50786,50881,put down cloth,put-down,1,cloth,17,['cloth'],[17],official_train,PUT DOWN,/kaggle/input/datasets/ldthanh/epic-kitchens-100-p1/P22/videos/P22_08.MP4
P22_08_353,P22,P22_08,00:14:09.900,00:14:08.33,00:14:09.65,50899,50979,open locker,open,3,locker,3,['locker'],[3],official_train,OPENS,/kaggle/input/datasets/ldthanh/epic-kitchens-100-p1/P22/videos/P22_08.MP4
P22_08_354,P22,P22_08,00:14:11.120,00:14:09.63,00:14:11.30,50977,51078,take cup,take,0,cup,13,['cup'],[13],official_train,PICKS UP,/kaggle/input/datasets/ldthanh/epic-kitchens-100-p1/P22/videos/P22_08.MP4
P22_08_355,P22,P22_08,00:14:12.170,00:14:11.57,00:14:12.94,51094,51176,put down cup,put-down,1,cup,13,['cup'],[13],official_train,PUT DOWN,/kaggle/input/datasets/ldthanh/epic-kitchens-100-p1/P22/videos/P22_08.MP4
P22_08_356,P22,P22_08,00:14:14.580,00:14:13.67,00:14:14.98,51220,51298,take coffee cup,take,0,cup:coffee,13,['cup:coffee'],[13],official_train,PICKS UP,/kaggle/input/datasets/ldthanh/epic-kitchens-100-p1/P22/videos/P22_08.MP4
P22_08_357,P22,P22_08,00:14:15.580,00:14:15.08,00:14:16.06,51304,51363,take saucer,take,0,saucer,2,['saucer'],[2],official_train,PICKS UP,/kaggle/input/datasets/ldthanh/epic-kitchens-100-p1/P22/videos/P22_08.MP4
P22_08_358,P22,P22_08,00:14:26.330,00:14:16.00,00:14:26.93,51360,52015,put down moka,put-down,1,moka,50,['moka'],[50],official_train,PUT DOWN,/kaggle/input/datasets/ldthanh/epic-kitchens-100-p1/P22/videos/P22_08.MP4
P22_08_359,P22,P22_08,00:14:16.580,00:14:16.16,00:14:19.91,51369,51594,put down coffee cup,put-down,1,cup:coffee,13,['cup:coffee'],[13],official_train,PUT DOWN,/kaggle/input/datasets/ldthanh/epic-kitchens-100-p1/P22/videos/P22_08.MP4
P22_08_36,P22,P22_08,00:01:21.659,00:01:19.94,00:01:22.14,4796,4928,pick up plate,pick-up,0,plate,2,['plate'],[2],official_train,PICKS UP,/kaggle/input/datasets/ldthanh/epic-kitchens-100-p1/P22/videos/P22_08.MP4
P22_08_361,P22,P22_08,00:14:19.510,00:14:18.56,00:14:19.56,51513,51573,take coffee cup,take,0,cup:coffee,13,['cup:coffee'],[13],official_train,PICKS UP,/kaggle/input/datasets/ldthanh/epic-kitchens-100-p1/P22/videos/P22_08.MP4
P22_08_362,P22,P22_08,00:14:20.580,00:14:19.45,00:14:20.56,51567,51633,put down coffee cup,put-down,1,cup:coffee,13,['cup:coffee'],[13],official_train,PUT DOWN,/kaggle/input/datasets/ldthanh/epic-kitchens-100-p1/P22/videos/P22_08.MP4
P22_08_363,P22,P22_08,00:14:22.540,00:14:20.88,00:14:22.20,51652,51732,open moka,open,3,moka,50,['moka'],[50],official_train,OPENS,/kaggle/input/datasets/ldthanh/epic-kitchens-100-p1/P22/videos/P22_08.MP4
P22_08_366,P22,P22_08,00:14:29.850,00:14:29.29,00:14:30.96,52157,52257,open drawer,open,3,drawer,8,['drawer'],[8],official_train,OPENS,/kaggle/input/datasets/ldthanh/epic-kitchens-100-p1/P22/videos/P22_08.MP4
P22_08_367,P22,P22_08,00:14:32.529,00:14:32.41,00:14:35.27,52344,52516,pick up teaspoon,pick-up,0,teaspoon,1,['teaspoon'],[1],official_train,PICKS UP,/kaggle/input/datasets/ldthanh/epic-kitchens-100-p1/P22/videos/P22_08.MP4
P22_08_369,P22,P22_08,00:14:37.080,00:14:35.65,00:14:36.52,52539,52591,open sugar,open,3,sugar,102,['sugar'],[102],official_train,OPENS,/kaggle/input/datasets/ldthanh/epic-kitchens-100-p1/P22/videos/P22_08.MP4
P22_08_37,P22,P22_08,00:01:23.049,00:01:22.23,00:01:23.70,4933,5022,put down plate,put-down,1,plate,2,['plate'],[2],official_train,PUT DOWN,/kaggle/input/datasets/ldthanh/epic-kitchens-100-p1/P22/videos/P22_08.MP4
P22_08_370,P22,P22_08,00:14:35.940,00:14:35.73,00:14:37.31,52543,52638,pick up sugar,pick-up,0,sugar,102,['sugar'],[102],official_train,PICKS UP,/kaggle/input/datasets/ldthanh/epic-kitchens-100-p1/P22/videos/P22_08.MP4
P22_08_371,P22,P22_08,00:14:38.540,00:14:37.95,00:14:39.43,52677,52765,pick up sugar,pick-up,0,sugar,102,['sugar'],[102],official_train,PICKS UP,/kaggle/input/datasets/ldthanh/epic-kitchens-100-p1/P22/videos/P22_08.MP4
P22_08_373,P22,P22_08,00:14:42.540,00:14:41.74,00:14:43.81,52904,53028,pick up sugar,pick-up,0,sugar,102,['sugar'],[102],official_train,PICKS UP,/kaggle/input/datasets/ldthanh/epic-kitchens-100-p1/P22/videos/P22_08.MP4
P22_08_377,P22,P22_08,00:14:49.560,00:14:48.15,00:14:49.98,53289,53398,pick up mocha,pick-up,0,mocha,50,['mocha'],[50],official_train,PICKS UP,/kaggle/input/datasets/ldthanh/epic-kitchens-100-p1/P22/videos/P22_08.MP4
P22_08_38,P22,P22_08,00:01:24.060,00:01:22.71,00:01:23.65,4962,5019,put down fork,put-down,1,fork,14,['fork'],[14],official_train,PUT DOWN,/kaggle/input/datasets/ldthanh/epic-kitchens-100-p1/P22/videos/P22_08.MP4
P22_08_380,P22,P22_08,00:15:00.770,00:15:00.09,00:15:01.75,54005,54105,put down mocha,put-down,1,mocha,50,['mocha'],[50],official_train,PUT DOWN,/kaggle/input/datasets/ldthanh/epic-kitchens-100-p1/P22/videos/P22_08.MP4
P22_08_383,P22,P22_08,00:15:14.520,00:15:14.93,00:15:16.16,54895,54969,put down teaspoon,put-down,1,teaspoon,1,['teaspoon'],[1],official_train,PUT DOWN,/kaggle/input/datasets/ldthanh/epic-kitchens-100-p1/P22/videos/P22_08.MP4
P22_08_384,P22,P22_08,00:15:18.870,00:15:17.48,00:15:19.60,55048,55176,put down coffee cup,put-down,1,cup:coffee,13,['cup:coffee'],[13],official_train,PUT DOWN,/kaggle/input/datasets/ldthanh/epic-kitchens-100-p1/P22/videos/P22_08.MP4
P22_08_39,P22,P22_08,00:01:25.060,00:01:23.30,00:01:24.71,4998,5082,pick up paper,pick-up,0,paper,49,['paper'],[49],official_train,PICKS UP,/kaggle/input/datasets/ldthanh/epic-kitchens-100-p1/P22/videos/P22_08.MP4
P22_08_40,P22,P22_08,00:01:26.060,00:01:24.40,00:01:25.53,5064,5131,pick up plates,pick-up,0,plate,2,['plate'],[2],official_train,PICKS UP,/kaggle/input/datasets/ldthanh/epic-kitchens-100-p1/P22/videos/P22_08.MP4
P22_08_41,P22,P22_08,00:01:28.310,00:01:25.47,00:01:28.04,5128,5282,pick up plates,pick-up,0,plate,2,['plate'],[2],official_train,PICKS UP,/kaggle/input/datasets/ldthanh/epic-kitchens-100-p1/P22/videos/P22_08.MP4
P22_08_42,P22,P22_08,00:01:29.930,00:01:28.88,00:01:30.11,5332,5406,open trash can,open,3,can:trash,36,['can:trash'],[36],official_train,OPENS,/kaggle/input/datasets/ldthanh/epic-kitchens-100-p1/P22/videos/P22_08.MP4
P22_08_44,P22,P22_08,00:01:33.750,00:01:32.41,00:01:34.75,5544,5685,pick up pan,pick-up,0,pan,5,['pan'],[5],official_train,PICKS UP,/kaggle/input/datasets/ldthanh/epic-kitchens-100-p1/P22/videos/P22_08.MP4
P22_08_45,P22,P22_08,00:01:36.280,00:01:35.03,00:01:36.49,5701,5789,put down pan,put-down,1,pan,5,['pan'],[5],official_train,PUT DOWN,/kaggle/input/datasets/ldthanh/epic-kitchens-100-p1/P22/videos/P22_08.MP4
P22_08_48,P22,P22_08,00:01:40.399,00:01:39.30,00:01:40.03,5958,6001,wash hands,wash,2,hand,11,['hand'],[11],official_train,WASHING,/kaggle/input/datasets/ldthanh/epic-kitchens-100-p1/P22/videos/P22_08.MP4
P22_08_50,P22,P22_08,00:01:43.630,00:01:40.91,00:01:57.14,6054,7028,rinse plate,rinse,2,plate,2,['plate'],[2],official_train,WASHING,/kaggle/input/datasets/ldthanh/epic-kitchens-100-p1/P22/videos/P22_08.MP4
P22_08_51,P22,P22_08,00:01:58.170,00:01:57.19,00:01:59.16,7031,7149,put down plate,put-down,1,plate,2,['plate'],[2],official_train,PUT DOWN,/kaggle/input/datasets/ldthanh/epic-kitchens-100-p1/P22/videos/P22_08.MP4
P22_08_54,P22,P22_08,00:02:04.719,00:02:03.35,00:02:04.67,7401,7480,put down plate,put-down,1,plate,2,['plate'],[2],official_train,PUT DOWN,/kaggle/input/datasets/ldthanh/epic-kitchens-100-p1/P22/videos/P22_08.MP4
P22_08_56,P22,P22_08,00:02:06.909,00:02:05.28,00:02:09.64,7516,7778,rinse plate,rinse,2,plate,2,['plate'],[2],official_train,WASHING,/kaggle/input/datasets/ldthanh/epic-kitchens-100-p1/P22/videos/P22_08.MP4
P22_08_57,P22,P22_08,00:02:10.410,00:02:09.70,00:02:11.27,7781,7876,put down plate,put-down,1,plate,2,['plate'],[2],official_train,PUT DOWN,/kaggle/input/datasets/ldthanh/epic-kitchens-100-p1/P22/videos/P22_08.MP4
P22_08_58,P22,P22_08,00:02:12.750,00:02:12.34,00:02:13.42,7940,8005,rinse lid,rinse,2,lid,6,['lid'],[6],official_train,WASHING,/kaggle/input/datasets/ldthanh/epic-kitchens-100-p1/P22/videos/P22_08.MP4
P22_08_59,P22,P22_08,00:02:14.300,00:02:13.27,00:02:16.62,7996,8197,put down lid,put-down,1,lid,6,['lid'],[6],official_train,PUT DOWN,/kaggle/input/datasets/ldthanh/epic-kitchens-100-p1/P22/videos/P22_08.MP4
P22_08_60,P22,P22_08,00:02:17.310,00:02:16.59,00:02:17.51,8195,8250,pick up jar,pick-up,0,jar,40,['jar'],[40],official_train,PICKS UP,/kaggle/input/datasets/ldthanh/epic-kitchens-100-p1/P22/videos/P22_08.MP4
P22_08_61,P22,P22_08,00:02:18.310,00:02:17.45,00:02:18.60,8247,8316,open jar,open,3,jar,40,['jar'],[40],official_train,OPENS,/kaggle/input/datasets/ldthanh/epic-kitchens-100-p1/P22/videos/P22_08.MP4
P22_08_63,P22,P22_08,00:02:20.920,00:02:19.98,00:02:22.15,8398,8529,rinse top,rinse,2,top,42,['top'],[42],official_train,WASHING,/kaggle/input/datasets/ldthanh/epic-kitchens-100-p1/P22/videos/P22_08.MP4
P22_08_64,P22,P22_08,00:02:23.200,00:02:22.03,00:02:23.08,8521,8584,put down top,put-down,1,top,42,['top'],[42],official_train,PUT DOWN,/kaggle/input/datasets/ldthanh/epic-kitchens-100-p1/P22/videos/P22_08.MP4
P22_08_65,P22,P22_08,00:02:31.410,00:02:23.25,00:02:32.84,8595,9170,rinse jar,rinse,2,jar,40,['jar'],[40],official_train,WASHING,/kaggle/input/datasets/ldthanh/epic-kitchens-100-p1/P22/videos/P22_08.MP4
P22_08_66,P22,P22_08,00:02:38.480,00:02:32.94,00:02:40.76,9176,9645,rinse jar,rinse,2,jar,40,['jar'],[40],official_train,WASHING,/kaggle/input/datasets/ldthanh/epic-kitchens-100-p1/P22/videos/P22_08.MP4
P22_08_67,P22,P22_08,00:02:44.819,00:02:40.86,00:02:45.28,9651,9916,rinse jar,rinse,2,jar,40,['jar'],[40],official_train,WASHING,/kaggle/input/datasets/ldthanh/epic-kitchens-100-p1/P22/videos/P22_08.MP4
P22_08_68,P22,P22_08,00:02:24.730,00:02:45.38,00:02:47.05,9922,10023,rinse jar,rinse,2,jar,40,['jar'],[40],official_train,WASHING,/kaggle/input/datasets/ldthanh/epic-kitchens-100-p1/P22/videos/P22_08.MP4
P22_08_69,P22,P22_08,00:02:48.140,00:02:47.32,00:02:48.68,10039,10120,put down jar,put-down,1,jar,40,['jar'],[40],official_train,PUT DOWN,/kaggle/input/datasets/ldthanh/epic-kitchens-100-p1/P22/videos/P22_08.MP4
P22_08_7,P22,P22_08,00:00:19.650,00:00:19.31,00:00:19.97,1158,1198,open drawer,open,3,drawer,8,['drawer'],[8],official_train,OPENS,/kaggle/input/datasets/ldthanh/epic-kitchens-100-p1/P22/videos/P22_08.MP4
P22_08_70,P22,P22_08,00:02:49.150,00:02:48.78,00:02:49.66,10126,10179,rinse hands,rinse,2,hand,11,['hand'],[11],official_train,WASHING,/kaggle/input/datasets/ldthanh/epic-kitchens-100-p1/P22/videos/P22_08.MP4
P22_08_72,P22,P22_08,00:02:51.470,00:02:50.46,00:02:51.37,10227,10282,pick up sponge,pick-up,0,sponge,9,['sponge'],[9],official_train,PICKS UP,/kaggle/input/datasets/ldthanh/epic-kitchens-100-p1/P22/videos/P22_08.MP4
P22_08_73,P22,P22_08,00:02:52.700,00:02:51.50,00:02:52.65,10290,10359,rinse sponge,rinse,2,sponge,9,['sponge'],[9],official_train,WASHING,/kaggle/input/datasets/ldthanh/epic-kitchens-100-p1/P22/videos/P22_08.MP4
P22_08_75,P22,P22_08,00:02:55.569,00:02:54.82,00:02:55.82,10489,10549,put down soap,put-down,1,soap,22,['soap'],[22],official_train,PUT DOWN,/kaggle/input/datasets/ldthanh/epic-kitchens-100-p1/P22/videos/P22_08.MP4
P22_08_76,P22,P22_08,00:02:58.530,00:02:56.26,00:02:58.62,10575,10717,pick up plate,pick-up,0,plate,2,['plate'],[2],official_train,PICKS UP,/kaggle/input/datasets/ldthanh/epic-kitchens-100-p1/P22/videos/P22_08.MP4
P22_08_77,P22,P22_08,00:02:59.550,00:02:59.03,00:03:00.15,10741,10809,wash plate,wash,2,plate,2,['plate'],[2],official_train,WASHING,/kaggle/input/datasets/ldthanh/epic-kitchens-100-p1/P22/videos/P22_08.MP4
P22_08_78,P22,P22_08,00:03:00.700,00:03:00.82,00:03:02.51,10849,10950,lather plate,lather,2,plate,2,['plate'],[2],official_train,WASHING,/kaggle/input/datasets/ldthanh/epic-kitchens-100-p1/P22/videos/P22_08.MP4
P22_08_79,P22,P22_08,00:03:03.650,00:03:02.77,00:03:04.14,10966,11048,put down down plate,put-down,1,plate,2,['plate'],[2],official_train,PUT DOWN,/kaggle/input/datasets/ldthanh/epic-kitchens-100-p1/P22/videos/P22_08.MP4
P22_08_8,P22,P22_08,00:00:20.650,00:00:20.45,00:00:21.17,1227,1270,put down spoon,put-down,1,spoon,1,['spoon'],[1],official_train,PUT DOWN,/kaggle/input/datasets/ldthanh/epic-kitchens-100-p1/P22/videos/P22_08.MP4
P22_08_80,P22,P22_08,00:03:04.700,00:03:04.37,00:03:05.37,11062,11122,grab plate,grab,0,plate,2,['plate'],[2],official_train,PICKS UP,/kaggle/input/datasets/ldthanh/epic-kitchens-100-p1/P22/videos/P22_08.MP4
P22_08_81,P22,P22_08,00:03:06.220,00:03:05.72,00:03:10.72,11143,11443,lather plate,lather,2,plate,2,['plate'],[2],official_train,WASHING,/kaggle/input/datasets/ldthanh/epic-kitchens-100-p1/P22/videos/P22_08.MP4
P22_08_82,P22,P22_08,00:03:11.040,00:03:10.82,00:03:12.07,11449,11524,put down down plate,put-down,1,plate,2,['plate'],[2],official_train,PUT DOWN,/kaggle/input/datasets/ldthanh/epic-kitchens-100-p1/P22/videos/P22_08.MP4
P22_08_83,P22,P22_08,00:03:13.230,00:03:12.17,00:03:13.67,11530,11620,grab colander,grab,0,colander,39,['colander'],[39],official_train,PICKS UP,/kaggle/input/datasets/ldthanh/epic-kitchens-100-p1/P22/videos/P22_08.MP4
P22_08_84,P22,P22_08,00:03:15.560,00:03:14.52,00:03:19.69,11671,11981,lather colander,lather,2,colander,39,['colander'],[39],official_train,WASHING,/kaggle/input/datasets/ldthanh/epic-kitchens-100-p1/P22/videos/P22_08.MP4
P22_08_85,P22,P22_08,00:03:19.890,00:03:19.31,00:03:20.06,11958,12003,put down down colander,put-down,1,colander,39,['colander'],[39],official_train,PUT DOWN,/kaggle/input/datasets/ldthanh/epic-kitchens-100-p1/P22/videos/P22_08.MP4
P22_08_86,P22,P22_08,00:03:20.950,00:03:20.16,00:03:21.30,12009,12078,grab lid,grab,0,lid,6,['lid'],[6],official_train,PICKS UP,/kaggle/input/datasets/ldthanh/epic-kitchens-100-p1/P22/videos/P22_08.MP4
P22_08_87,P22,P22_08,00:03:23.569,00:03:21.50,00:03:31.77,12090,12706,lather lid,lather,2,lid,6,['lid'],[6],official_train,WASHING,/kaggle/input/datasets/ldthanh/epic-kitchens-100-p1/P22/videos/P22_08.MP4
P22_08_88,P22,P22_08,00:03:24.569,00:03:32.12,00:03:33.46,12727,12807,put down down lid,put-down,1,lid,6,['lid'],[6],official_train,PUT DOWN,/kaggle/input/datasets/ldthanh/epic-kitchens-100-p1/P22/videos/P22_08.MP4
P22_08_89,P22,P22_08,00:03:33.540,00:03:33.56,00:03:34.23,12813,12853,put down down colander,put-down,1,colander,39,['colander'],[39],official_train,PUT DOWN,/kaggle/input/datasets/ldthanh/epic-kitchens-100-p1/P22/videos/P22_08.MP4
P22_08_9,P22,P22_08,00:00:21.900,00:00:21.77,00:00:22.36,1306,1341,put down knife,put-down,1,knife,4,['knife'],[4],official_train,PUT DOWN,/kaggle/input/datasets/ldthanh/epic-kitchens-100-p1/P22/videos/P22_08.MP4
P22_08_90,P22,P22_08,00:03:36.349,00:03:34.28,00:03:35.04,12856,12902,grab spoon,grab,0,spoon,1,['spoon'],[1],official_train,PICKS UP,/kaggle/input/datasets/ldthanh/epic-kitchens-100-p1/P22/videos/P22_08.MP4
P22_08_91,P22,P22_08,00:03:37.349,00:03:35.08,00:03:38.63,12904,13117,lather spoon,lather,2,spoon,1,['spoon'],[1],official_train,WASHING,/kaggle/input/datasets/ldthanh/epic-kitchens-100-p1/P22/videos/P22_08.MP4
P22_08_92,P22,P22_08,00:03:39.480,00:03:38.61,00:03:39.32,13116,13159,put down down spoon,put-down,1,spoon,1,['spoon'],[1],official_train,PUT DOWN,/kaggle/input/datasets/ldthanh/epic-kitchens-100-p1/P22/videos/P22_08.MP4
P22_08_93,P22,P22_08,00:03:41.720,00:03:39.41,00:03:40.37,13164,13222,grab lid,grab,0,lid,6,['lid'],[6],official_train,PICKS UP,/kaggle/input/datasets/ldthanh/epic-kitchens-100-p1/P22/videos/P22_08.MP4
P22_08_94,P22,P22_08,00:03:42.720,00:03:40.40,00:03:44.63,13224,13477,lather lid,lather,2,lid,6,['lid'],[6],official_train,WASHING,/kaggle/input/datasets/ldthanh/epic-kitchens-100-p1/P22/videos/P22_08.MP4
P22_08_95,P22,P22_08,00:03:44.920,00:03:44.14,00:03:45.14,13448,13508,put down down lid,put-down,1,lid,6,['lid'],[6],official_train,PUT DOWN,/kaggle/input/datasets/ldthanh/epic-kitchens-100-p1/P22/videos/P22_08.MP4
P22_08_96,P22,P22_08,00:03:46.770,00:03:45.49,00:03:46.99,13529,13619,grab fork,grab,0,fork,14,['fork'],[14],official_train,PICKS UP,/kaggle/input/datasets/ldthanh/epic-kitchens-100-p1/P22/videos/P22_08.MP4
P22_08_97,P22,P22_08,00:03:47.770,00:03:46.86,00:03:47.84,13611,13670,lather fork,lather,2,fork,14,['fork'],[14],official_train,WASHING,/kaggle/input/datasets/ldthanh/epic-kitchens-100-p1/P22/videos/P22_08.MP4
P22_08_98,P22,P22_08,00:03:48.770,00:03:47.77,00:03:48.49,13666,13709,put down down fork,put-down,1,fork,14,['fork'],[14],official_train,PUT DOWN,/kaggle/input/datasets/ldthanh/epic-kitchens-100-p1/P22/videos/P22_08.MP4
P22_08_99,P22,P22_08,00:03:49.770,00:03:48.74,00:03:49.87,13724,13792,grab fork,grab,0,fork,14,['fork'],[14],official_train,PICKS UP,/kaggle/input/datasets/ldthanh/epic-kitchens-100-p1/P22/videos/P22_08.MP4
P22_09_10,P22,P22_09,00:00:14.320,00:00:13.87,00:00:14.51,832,870,put down down remote,put-down,1,remote,221,['remote'],[221],official_train,PUT DOWN,/kaggle/input/datasets/ldthanh/epic-kitchens-100-p1/P22/videos/P22_09.MP4
P22_09_100,P22,P22_09,00:03:08.870,00:03:08.57,00:03:09.32,11314,11359,put down coffee cup,put-down,1,cup:coffee,13,['cup:coffee'],[13],official_train,PUT DOWN,/kaggle/input/datasets/ldthanh/epic-kitchens-100-p1/P22/videos/P22_09.MP4
P22_09_101,P22,P22_09,00:03:09.870,00:03:08.90,00:03:10.51,11334,11430,rinse teaspoon,rinse,2,teaspoon,1,['teaspoon'],[1],official_train,WASHING,/kaggle/input/datasets/ldthanh/epic-kitchens-100-p1/P22/videos/P22_09.MP4
P22_09_102,P22,P22_09,00:03:11.370,00:03:10.46,00:03:11.35,11427,11481,put down teaspoon,put-down,1,teaspoon,1,['teaspoon'],[1],official_train,PUT DOWN,/kaggle/input/datasets/ldthanh/epic-kitchens-100-p1/P22/videos/P22_09.MP4
P22_09_103,P22,P22_09,00:03:12.370,00:03:11.19,00:03:13.24,11471,11594,rinse bowl,rinse,2,bowl,7,['bowl'],[7],official_train,WASHING,/kaggle/input/datasets/ldthanh/epic-kitchens-100-p1/P22/videos/P22_09.MP4
P22_09_104,P22,P22_09,00:03:13.980,00:03:13.34,00:03:14.12,11600,11647,put down bowl,put-down,1,bowl,7,['bowl'],[7],official_train,PUT DOWN,/kaggle/input/datasets/ldthanh/epic-kitchens-100-p1/P22/videos/P22_09.MP4
P22_09_105,P22,P22_09,00:03:15.069,00:03:14.02,00:03:14.63,11641,11677,rinse hands,rinse,2,hand,11,['hand'],[11],official_train,WASHING,/kaggle/input/datasets/ldthanh/epic-kitchens-100-p1/P22/videos/P22_09.MP4
P22_09_109,P22,P22_09,00:03:19.590,00:03:19.80,00:03:20.74,11988,12044,put down cloth,put-down,1,cloth,17,['cloth'],[17],official_train,PUT DOWN,/kaggle/input/datasets/ldthanh/epic-kitchens-100-p1/P22/videos/P22_09.MP4
P22_09_110,P22,P22_09,00:03:22.380,00:03:21.11,00:03:22.71,12066,12162,pick up coffee maker,pick-up,0,maker:coffee,50,['maker:coffee'],[50],official_train,PICKS UP,/kaggle/input/datasets/ldthanh/epic-kitchens-100-p1/P22/videos/P22_09.MP4
P22_09_111,P22,P22_09,00:03:24.420,00:03:23.73,00:03:27.78,12223,12466,open coffee maker,open,3,maker:coffee,50,['maker:coffee'],[50],official_train,OPENS,/kaggle/input/datasets/ldthanh/epic-kitchens-100-p1/P22/videos/P22_09.MP4
P22_09_114,P22,P22_09,00:03:33.650,00:03:33.29,00:03:33.92,12797,12835,open basket,open,3,basket,168,['basket'],[168],official_train,OPENS,/kaggle/input/datasets/ldthanh/epic-kitchens-100-p1/P22/videos/P22_09.MP4
P22_09_118,P22,P22_09,00:03:37.910,00:03:36.34,00:03:36.91,12980,13014,rinse hands,rinse,2,hand,11,['hand'],[11],official_train,WASHING,/kaggle/input/datasets/ldthanh/epic-kitchens-100-p1/P22/videos/P22_09.MP4
P22_09_119,P22,P22_09,00:03:43.240,00:03:36.34,00:03:41.43,12980,13285,rinse moka pot,rinse,2,pot:moka,50,['pot:moka'],[50],official_train,WASHING,/kaggle/input/datasets/ldthanh/epic-kitchens-100-p1/P22/videos/P22_09.MP4
P22_09_12,P22,P22_09,00:00:18.320,00:00:16.76,00:00:19.55,1005,1173,grab pan,grab,0,pan,5,['pan'],[5],official_train,PICKS UP,/kaggle/input/datasets/ldthanh/epic-kitchens-100-p1/P22/videos/P22_09.MP4
P22_09_120,P22,P22_09,00:03:38.910,00:03:41.53,00:03:50.73,13291,13843,rinse moka pot,rinse,2,pot:moka,50,['pot:moka'],[50],official_train,WASHING,/kaggle/input/datasets/ldthanh/epic-kitchens-100-p1/P22/videos/P22_09.MP4
P22_09_121,P22,P22_09,00:03:52.370,00:03:51.06,00:03:55.19,13863,14111,rinse filter,rinse,2,filter,77,['filter'],[77],official_train,WASHING,/kaggle/input/datasets/ldthanh/epic-kitchens-100-p1/P22/videos/P22_09.MP4
P22_09_122,P22,P22_09,00:03:51.370,00:03:51.12,00:03:51.74,13867,13904,put down down moka pot,put-down,1,pot:moka,50,['pot:moka'],[50],official_train,PUT DOWN,/kaggle/input/datasets/ldthanh/epic-kitchens-100-p1/P22/videos/P22_09.MP4
P22_09_125,P22,P22_09,00:03:57.599,00:03:56.63,00:03:57.13,14197,14227,rinse filter,rinse,2,filter,77,['filter'],[77],official_train,WASHING,/kaggle/input/datasets/ldthanh/epic-kitchens-100-p1/P22/videos/P22_09.MP4
P22_09_126,P22,P22_09,00:03:59.599,00:03:56.82,00:03:58.05,14209,14283,put down down filter,put-down,1,filter,77,['filter'],[77],official_train,PUT DOWN,/kaggle/input/datasets/ldthanh/epic-kitchens-100-p1/P22/videos/P22_09.MP4
P22_09_13,P22,P22_09,00:00:21.680,00:00:21.31,00:00:22.22,1278,1333,open drawer,open,3,drawer,8,['drawer'],[8],official_train,OPENS,/kaggle/input/datasets/ldthanh/epic-kitchens-100-p1/P22/videos/P22_09.MP4
P22_09_131,P22,P22_09,00:04:03.599,00:04:01.80,00:04:03.01,14508,14580,rinse hands,rinse,2,hand,11,['hand'],[11],official_train,WASHING,/kaggle/input/datasets/ldthanh/epic-kitchens-100-p1/P22/videos/P22_09.MP4
P22_09_135,P22,P22_09,00:04:07.599,00:04:07.14,00:04:08.05,14828,14883,put down down cloth,put-down,1,cloth,17,['cloth'],[17],official_train,PUT DOWN,/kaggle/input/datasets/ldthanh/epic-kitchens-100-p1/P22/videos/P22_09.MP4
P22_09_136,P22,P22_09,00:04:09.630,00:04:08.45,00:04:09.09,14907,14945,grab sponge,grab,0,sponge,9,['sponge'],[9],official_train,PICKS UP,/kaggle/input/datasets/ldthanh/epic-kitchens-100-p1/P22/videos/P22_09.MP4
P22_09_137,P22,P22_09,00:04:11.300,00:04:10.37,00:04:11.25,15022,15075,grab degreaser,grab,0,degreaser,22,['degreaser'],[22],official_train,PICKS UP,/kaggle/input/datasets/ldthanh/epic-kitchens-100-p1/P22/videos/P22_09.MP4
P22_09_138,P22,P22_09,00:04:13.099,00:04:12.60,00:04:13.10,15156,15186,put down down degreaser,put-down,1,degreaser,22,['degreaser'],[22],official_train,PUT DOWN,/kaggle/input/datasets/ldthanh/epic-kitchens-100-p1/P22/videos/P22_09.MP4
P22_09_14,P22,P22_09,00:00:24.310,00:00:23.07,00:00:25.01,1384,1500,grab pan,grab,0,pan,5,['pan'],[5],official_train,PICKS UP,/kaggle/input/datasets/ldthanh/epic-kitchens-100-p1/P22/videos/P22_09.MP4
P22_09_142,P22,P22_09,00:04:19.829,00:04:20.71,00:04:21.35,15642,15681,put down cleanser,put-down,1,cleanser,22,['cleanser'],[22],official_train,PUT DOWN,/kaggle/input/datasets/ldthanh/epic-kitchens-100-p1/P22/videos/P22_09.MP4
P22_09_143,P22,P22_09,00:04:24.100,00:04:21.83,00:04:24.58,15709,15874,wipe cooker,wipe,2,cooker,46,['cooker'],[46],official_train,WASHING,/kaggle/input/datasets/ldthanh/epic-kitchens-100-p1/P22/videos/P22_09.MP4
P22_09_144,P22,P22_09,00:04:40.550,00:04:22.21,00:04:46.06,15732,17163,wipe cooker,wipe,2,cooker,46,['cooker'],[46],official_train,WASHING,/kaggle/input/datasets/ldthanh/epic-kitchens-100-p1/P22/videos/P22_09.MP4
P22_09_145,P22,P22_09,00:04:36.280,00:04:24.46,00:04:30.44,15867,16226,wipe cooker,wipe,2,cooker,46,['cooker'],[46],official_train,WASHING,/kaggle/input/datasets/ldthanh/epic-kitchens-100-p1/P22/videos/P22_09.MP4
P22_09_148,P22,P22_09,00:04:55.270,00:04:52.43,00:04:57.40,17545,17844,wipe cooker,wipe,2,cooker,46,['cooker'],[46],official_train,WASHING,/kaggle/input/datasets/ldthanh/epic-kitchens-100-p1/P22/videos/P22_09.MP4
P22_09_15,P22,P22_09,00:00:25.310,00:00:25.64,00:00:26.76,1538,1605,put down down pan,put-down,1,pan,5,['pan'],[5],official_train,PUT DOWN,/kaggle/input/datasets/ldthanh/epic-kitchens-100-p1/P22/videos/P22_09.MP4
P22_09_150,P22,P22_09,00:05:01.530,00:04:59.94,00:05:02.72,17996,18163,rinse sponge,rinse,2,sponge,9,['sponge'],[9],official_train,WASHING,/kaggle/input/datasets/ldthanh/epic-kitchens-100-p1/P22/videos/P22_09.MP4
P22_09_151,P22,P22_09,00:05:03.780,00:05:02.60,00:05:03.35,18156,18201,take cloth,take,0,cloth,17,['cloth'],[17],official_train,PICKS UP,/kaggle/input/datasets/ldthanh/epic-kitchens-100-p1/P22/videos/P22_09.MP4
P22_09_152,P22,P22_09,00:05:04.780,00:05:03.63,00:05:04.63,18217,18277,rinse cloth,rinse,2,cloth,17,['cloth'],[17],official_train,WASHING,/kaggle/input/datasets/ldthanh/epic-kitchens-100-p1/P22/videos/P22_09.MP4
P22_09_153,P22,P22_09,00:05:05.780,00:05:04.43,00:05:05.72,18265,18343,rinse sponge,rinse,2,sponge,9,['sponge'],[9],official_train,WASHING,/kaggle/input/datasets/ldthanh/epic-kitchens-100-p1/P22/videos/P22_09.MP4
P22_09_154,P22,P22_09,00:05:06.780,00:05:05.82,00:05:06.58,18349,18394,put down sponge,put-down,1,sponge,9,['sponge'],[9],official_train,PUT DOWN,/kaggle/input/datasets/ldthanh/epic-kitchens-100-p1/P22/videos/P22_09.MP4
P22_09_155,P22,P22_09,00:05:07.780,00:05:06.61,00:05:08.05,18396,18483,rinse cloth,rinse,2,cloth,17,['cloth'],[17],official_train,WASHING,/kaggle/input/datasets/ldthanh/epic-kitchens-100-p1/P22/videos/P22_09.MP4
P22_09_157,P22,P22_09,00:05:12.250,00:05:11.45,00:05:14.30,18687,18858,rinse cooker,rinse,2,cooker,46,['cooker'],[46],official_train,WASHING,/kaggle/input/datasets/ldthanh/epic-kitchens-100-p1/P22/videos/P22_09.MP4
P22_09_16,P22,P22_09,00:00:27.039,00:00:26.50,00:00:28.69,1590,1721,grab lid,grab,0,lid,6,['lid'],[6],official_train,PICKS UP,/kaggle/input/datasets/ldthanh/epic-kitchens-100-p1/P22/videos/P22_09.MP4
P22_09_160,P22,P22_09,00:05:25.440,00:05:18.27,00:05:21.21,19096,19272,clean cooker,clean,2,cooker,46,['cooker'],[46],official_train,WASHING,/kaggle/input/datasets/ldthanh/epic-kitchens-100-p1/P22/videos/P22_09.MP4
P22_09_161,P22,P22_09,00:05:19.430,00:05:18.30,00:05:33.83,19098,20029,rinse cooker,rinse,2,cooker,46,['cooker'],[46],official_train,WASHING,/kaggle/input/datasets/ldthanh/epic-kitchens-100-p1/P22/videos/P22_09.MP4
P22_09_162,P22,P22_09,00:05:31.650,00:05:21.59,00:05:33.14,19295,19988,clean cooker,clean,2,cooker,46,['cooker'],[46],official_train,WASHING,/kaggle/input/datasets/ldthanh/epic-kitchens-100-p1/P22/videos/P22_09.MP4
P22_09_163,P22,P22_09,00:05:30.650,00:05:33.24,00:05:36.97,19994,20218,clean cooker,clean,2,cooker,46,['cooker'],[46],official_train,WASHING,/kaggle/input/datasets/ldthanh/epic-kitchens-100-p1/P22/videos/P22_09.MP4
P22_09_165,P22,P22_09,00:05:40.730,00:05:39.23,00:05:43.85,20353,20631,rinse cloth,rinse,2,cloth,17,['cloth'],[17],official_train,WASHING,/kaggle/input/datasets/ldthanh/epic-kitchens-100-p1/P22/videos/P22_09.MP4
P22_09_168,P22,P22_09,00:05:48.730,00:05:48.05,00:05:53.55,20883,21213,rinse cooker,rinse,2,cooker,46,['cooker'],[46],official_train,WASHING,/kaggle/input/datasets/ldthanh/epic-kitchens-100-p1/P22/videos/P22_09.MP4
P22_09_169,P22,P22_09,00:05:50.360,00:05:53.41,00:06:09.20,21204,22152,clean cooker,clean,2,cooker,46,['cooker'],[46],official_train,WASHING,/kaggle/input/datasets/ldthanh/epic-kitchens-100-p1/P22/videos/P22_09.MP4
P22_09_17,P22,P22_09,00:00:28.170,00:00:28.79,00:00:29.73,1727,1783,put down down lid,put-down,1,lid,6,['lid'],[6],official_train,PUT DOWN,/kaggle/input/datasets/ldthanh/epic-kitchens-100-p1/P22/videos/P22_09.MP4
P22_09_170,P22,P22_09,00:06:14.900,00:06:04.64,00:06:12.93,21878,22375,clean kitchen,clean,2,kitchen,157,['kitchen'],[157],official_train,WASHING,/kaggle/input/datasets/ldthanh/epic-kitchens-100-p1/P22/videos/P22_09.MP4
P22_09_171,P22,P22_09,00:06:22.440,00:06:13.47,00:06:21.98,22408,22918,clean kitchen,clean,2,kitchen,157,['kitchen'],[157],official_train,WASHING,/kaggle/input/datasets/ldthanh/epic-kitchens-100-p1/P22/videos/P22_09.MP4
P22_09_172,P22,P22_09,00:06:02.610,00:06:22.23,00:06:23.98,22933,23038,clean kitchen,clean,2,kitchen,157,['kitchen'],[157],official_train,WASHING,/kaggle/input/datasets/ldthanh/epic-kitchens-100-p1/P22/videos/P22_09.MP4
P22_09_173,P22,P22_09,00:06:24.949,00:06:23.09,00:06:24.21,22985,23052,grab detergent,grab,0,detergent,22,['detergent'],[22],official_train,PICKS UP,/kaggle/input/datasets/ldthanh/epic-kitchens-100-p1/P22/videos/P22_09.MP4
P22_09_174,P22,P22_09,00:06:25.949,00:06:25.67,00:06:26.70,23140,23202,open cupboard,open,3,cupboard,3,['cupboard'],[3],official_train,OPENS,/kaggle/input/datasets/ldthanh/epic-kitchens-100-p1/P22/videos/P22_09.MP4
P22_09_175,P22,P22_09,00:06:27.290,00:06:26.68,00:06:27.40,23200,23244,put down down degreaser,put-down,1,degreaser,22,['degreaser'],[22],official_train,PUT DOWN,/kaggle/input/datasets/ldthanh/epic-kitchens-100-p1/P22/videos/P22_09.MP4
P22_09_176,P22,P22_09,00:06:29.520,00:06:27.49,00:06:30.24,23249,23414,rinse sink,rinse,2,sink,63,['sink'],[63],official_train,WASHING,/kaggle/input/datasets/ldthanh/epic-kitchens-100-p1/P22/videos/P22_09.MP4
P22_09_178,P22,P22_09,00:06:31.020,00:06:31.06,00:06:33.34,23463,23600,clean sink,clean,2,sink,63,['sink'],[63],official_train,WASHING,/kaggle/input/datasets/ldthanh/epic-kitchens-100-p1/P22/videos/P22_09.MP4
P22_09_18,P22,P22_09,00:00:29.580,00:00:29.83,00:00:30.85,1789,1851,grab lid,grab,0,lid,6,['lid'],[6],official_train,PICKS UP,/kaggle/input/datasets/ldthanh/epic-kitchens-100-p1/P22/videos/P22_09.MP4
P22_09_180,P22,P22_09,00:06:34.400,00:06:33.99,00:06:38.46,23639,23907,rinse cloth,rinse,2,cloth,17,['cloth'],[17],official_train,WASHING,/kaggle/input/datasets/ldthanh/epic-kitchens-100-p1/P22/videos/P22_09.MP4
P22_09_183,P22,P22_09,00:06:41.020,00:06:40.00,00:06:44.99,24000,24299,clean sink,clean,2,sink,63,['sink'],[63],official_train,WASHING,/kaggle/input/datasets/ldthanh/epic-kitchens-100-p1/P22/videos/P22_09.MP4
P22_09_185,P22,P22_09,00:06:49.520,00:06:47.53,00:06:51.13,24451,24667,put down down cloth,put-down,1,cloth,17,['cloth'],[17],official_train,PUT DOWN,/kaggle/input/datasets/ldthanh/epic-kitchens-100-p1/P22/videos/P22_09.MP4
P22_09_186,P22,P22_09,00:06:53.419,00:06:52.84,00:06:54.34,24770,24860,pick up grill,pick-up,0,grill,24,['grill'],[24],official_train,PICKS UP,/kaggle/input/datasets/ldthanh/epic-kitchens-100-p1/P22/videos/P22_09.MP4
P22_09_188,P22,P22_09,00:06:57.470,00:06:57.39,00:06:58.71,25043,25122,pick up grill,pick-up,0,grill,24,['grill'],[24],official_train,PICKS UP,/kaggle/input/datasets/ldthanh/epic-kitchens-100-p1/P22/videos/P22_09.MP4
P22_09_19,P22,P22_09,00:00:31.300,00:00:30.95,00:00:33.51,1857,2010,put down down lid,put-down,1,lid,6,['lid'],[6],official_train,PUT DOWN,/kaggle/input/datasets/ldthanh/epic-kitchens-100-p1/P22/videos/P22_09.MP4
P22_09_2,P22,P22_09,00:00:04.370,00:00:03.52,00:00:05.23,211,313,rinse hands,rinse,2,hand,11,['hand'],[11],official_train,WASHING,/kaggle/input/datasets/ldthanh/epic-kitchens-100-p1/P22/videos/P22_09.MP4
P22_09_20,P22,P22_09,00:00:32.610,00:00:31.12,00:00:33.13,1867,1987,grab pot,grab,0,pot,29,['pot'],[29],official_train,PICKS UP,/kaggle/input/datasets/ldthanh/epic-kitchens-100-p1/P22/videos/P22_09.MP4
P22_09_21,P22,P22_09,00:00:35.710,00:00:35.21,00:00:36.56,2112,2193,put down down pot,put-down,1,pot,29,['pot'],[29],official_train,PUT DOWN,/kaggle/input/datasets/ldthanh/epic-kitchens-100-p1/P22/videos/P22_09.MP4
P22_09_22,P22,P22_09,00:00:34.710,00:00:35.91,00:00:36.97,2154,2218,grab small pot,grab,0,pot:small,29,['pot:small'],[29],official_train,PICKS UP,/kaggle/input/datasets/ldthanh/epic-kitchens-100-p1/P22/videos/P22_09.MP4
P22_09_23,P22,P22_09,00:00:36.910,00:00:37.09,00:00:37.84,2225,2270,put down down small pot,put-down,1,pot:small,29,['pot:small'],[29],official_train,PUT DOWN,/kaggle/input/datasets/ldthanh/epic-kitchens-100-p1/P22/videos/P22_09.MP4
P22_09_25,P22,P22_09,00:00:38.950,00:00:38.70,00:00:40.02,2322,2401,put down down lid,put-down,1,lid,6,['lid'],[6],official_train,PUT DOWN,/kaggle/input/datasets/ldthanh/epic-kitchens-100-p1/P22/videos/P22_09.MP4
P22_09_27,P22,P22_09,00:00:42.360,00:00:41.73,00:00:42.69,2503,2561,open cupboard,open,3,cupboard,3,['cupboard'],[3],official_train,OPENS,/kaggle/input/datasets/ldthanh/epic-kitchens-100-p1/P22/videos/P22_09.MP4
P22_09_28,P22,P22_09,00:00:43.370,00:00:42.43,00:00:43.68,2545,2620,grab plate,grab,0,plate,2,['plate'],[2],official_train,PICKS UP,/kaggle/input/datasets/ldthanh/epic-kitchens-100-p1/P22/videos/P22_09.MP4
P22_09_29,P22,P22_09,00:00:52.710,00:00:43.50,00:00:48.50,2610,2910,put down plate,put-down,1,plate,2,['plate'],[2],official_train,PUT DOWN,/kaggle/input/datasets/ldthanh/epic-kitchens-100-p1/P22/videos/P22_09.MP4
P22_09_30,P22,P22_09,00:00:44.399,00:00:43.78,00:00:48.04,2626,2882,put down down plate,put-down,1,plate,2,['plate'],[2],official_train,PUT DOWN,/kaggle/input/datasets/ldthanh/epic-kitchens-100-p1/P22/videos/P22_09.MP4
P22_09_31,P22,P22_09,00:00:51.000,00:00:48.14,00:00:51.28,2888,3076,pick up plate,pick-up,0,plate,2,['plate'],[2],official_train,PICKS UP,/kaggle/input/datasets/ldthanh/epic-kitchens-100-p1/P22/videos/P22_09.MP4
P22_09_33,P22,P22_09,00:00:57.399,00:00:56.83,00:00:57.84,3409,3470,pick up colander,pick-up,0,colander,39,['colander'],[39],official_train,PICKS UP,/kaggle/input/datasets/ldthanh/epic-kitchens-100-p1/P22/videos/P22_09.MP4
P22_09_34,P22,P22_09,00:00:58.559,00:00:57.35,00:00:58.33,3441,3499,open cabinet,open,3,cabinet,3,['cabinet'],[3],official_train,OPENS,/kaggle/input/datasets/ldthanh/epic-kitchens-100-p1/P22/videos/P22_09.MP4
P22_09_35,P22,P22_09,00:00:59.600,00:00:58.43,00:01:00.01,3505,3600,put away colander,put,1,colander,39,['colander'],[39],official_train,PUT DOWN,/kaggle/input/datasets/ldthanh/epic-kitchens-100-p1/P22/videos/P22_09.MP4
P22_09_36,P22,P22_09,00:01:02.469,00:01:00.29,00:01:02.55,3617,3753,open cabinet,open,3,cabinet,3,['cabinet'],[3],official_train,OPENS,/kaggle/input/datasets/ldthanh/epic-kitchens-100-p1/P22/videos/P22_09.MP4
P22_09_38,P22,P22_09,00:01:05.199,00:01:03.41,00:01:04.41,3804,3864,pick up glass,pick-up,0,glass,10,['glass'],[10],official_train,PICKS UP,/kaggle/input/datasets/ldthanh/epic-kitchens-100-p1/P22/videos/P22_09.MP4
P22_09_39,P22,P22_09,00:01:06.199,00:01:03.43,00:01:05.03,3805,3901,put down glass,put-down,1,glass,10,['glass'],[10],official_train,PUT DOWN,/kaggle/input/datasets/ldthanh/epic-kitchens-100-p1/P22/videos/P22_09.MP4
P22_09_40,P22,P22_09,00:01:07.199,00:01:05.38,00:01:06.13,3922,3967,put down glass,put-down,1,glass,10,['glass'],[10],official_train,PUT DOWN,/kaggle/input/datasets/ldthanh/epic-kitchens-100-p1/P22/videos/P22_09.MP4
P22_09_41,P22,P22_09,00:01:08.199,00:01:06.72,00:01:07.85,4003,4070,pick up spoon,pick-up,0,spoon,1,['spoon'],[1],official_train,PICKS UP,/kaggle/input/datasets/ldthanh/epic-kitchens-100-p1/P22/videos/P22_09.MP4
P22_09_42,P22,P22_09,00:01:09.199,00:01:07.85,00:01:09.69,4070,4181,pick up silverware,pick-up,0,silverware,58,['silverware'],[58],official_train,PICKS UP,/kaggle/input/datasets/ldthanh/epic-kitchens-100-p1/P22/videos/P22_09.MP4
P22_09_44,P22,P22_09,00:01:12.370,00:01:12.41,00:01:13.47,4344,4408,open drawer,open,3,drawer,8,['drawer'],[8],official_train,OPENS,/kaggle/input/datasets/ldthanh/epic-kitchens-100-p1/P22/videos/P22_09.MP4
P22_09_45,P22,P22_09,00:01:14.820,00:01:14.08,00:01:18.52,4444,4711,put away silverware,put,1,silverware,58,['silverware'],[58],official_train,PUT DOWN,/kaggle/input/datasets/ldthanh/epic-kitchens-100-p1/P22/videos/P22_09.MP4
P22_09_46,P22,P22_09,00:01:19.330,00:01:18.62,00:01:20.20,4717,4812,put away teaspoon,put,1,teaspoon,1,['teaspoon'],[1],official_train,PUT DOWN,/kaggle/input/datasets/ldthanh/epic-kitchens-100-p1/P22/videos/P22_09.MP4
P22_09_48,P22,P22_09,00:01:24.740,00:01:23.86,00:01:25.48,5031,5128,pick up spoon rest,pick-up,0,rest:spoon,109,['rest:spoon'],[109],official_train,PICKS UP,/kaggle/input/datasets/ldthanh/epic-kitchens-100-p1/P22/videos/P22_09.MP4
P22_09_49,P22,P22_09,00:01:27.930,00:01:26.63,00:01:28.26,5197,5295,put down spoon rest,put-down,1,rest:spoon,109,['rest:spoon'],[109],official_train,PUT DOWN,/kaggle/input/datasets/ldthanh/epic-kitchens-100-p1/P22/videos/P22_09.MP4
P22_09_5,P22,P22_09,00:00:07.519,00:00:06.87,00:00:08.39,412,503,grab rag,grab,0,rag,17,['rag'],[17],official_train,PICKS UP,/kaggle/input/datasets/ldthanh/epic-kitchens-100-p1/P22/videos/P22_09.MP4
P22_09_50,P22,P22_09,00:01:29.200,00:01:28.37,00:01:29.17,5302,5350,pick up cloth,pick-up,0,cloth,17,['cloth'],[17],official_train,PICKS UP,/kaggle/input/datasets/ldthanh/epic-kitchens-100-p1/P22/videos/P22_09.MP4
P22_09_52,P22,P22_09,00:01:34.180,00:01:33.82,00:01:34.63,5629,5677,put down ladle,put-down,1,ladle,97,['ladle'],[97],official_train,PUT DOWN,/kaggle/input/datasets/ldthanh/epic-kitchens-100-p1/P22/videos/P22_09.MP4
P22_09_53,P22,P22_09,00:01:35.180,00:01:34.73,00:01:35.62,5683,5737,pick up spoon rest,pick-up,0,rest:spoon,109,['rest:spoon'],[109],official_train,PICKS UP,/kaggle/input/datasets/ldthanh/epic-kitchens-100-p1/P22/videos/P22_09.MP4
P22_09_55,P22,P22_09,00:01:39.490,00:01:38.86,00:01:40.44,5931,6026,put down spoon rest,put-down,1,rest:spoon,109,['rest:spoon'],[109],official_train,PUT DOWN,/kaggle/input/datasets/ldthanh/epic-kitchens-100-p1/P22/videos/P22_09.MP4
P22_09_56,P22,P22_09,00:01:40.490,00:01:40.24,00:01:41.45,6014,6087,pick up ladle,pick-up,0,ladle,97,['ladle'],[97],official_train,PICKS UP,/kaggle/input/datasets/ldthanh/epic-kitchens-100-p1/P22/videos/P22_09.MP4
P22_09_57,P22,P22_09,00:01:41.490,00:01:41.55,00:01:42.38,6093,6142,open drawer,open,3,drawer,8,['drawer'],[8],official_train,OPENS,/kaggle/input/datasets/ldthanh/epic-kitchens-100-p1/P22/videos/P22_09.MP4
P22_09_60,P22,P22_09,00:01:46.570,00:01:45.77,00:01:46.88,6346,6412,pick up cutting board,pick-up,0,board:cutting,18,['board:cutting'],[18],official_train,PICKS UP,/kaggle/input/datasets/ldthanh/epic-kitchens-100-p1/P22/videos/P22_09.MP4
P22_09_62,P22,P22_09,00:01:49.080,00:01:47.94,00:01:49.69,6476,6581,open drawer,open,3,drawer,8,['drawer'],[8],official_train,OPENS,/kaggle/input/datasets/ldthanh/epic-kitchens-100-p1/P22/videos/P22_09.MP4
P22_09_63,P22,P22_09,00:01:50.080,00:01:49.39,00:01:50.23,6563,6613,put away cutting board,put,1,board:cutting,18,['board:cutting'],[18],official_train,PUT DOWN,/kaggle/input/datasets/ldthanh/epic-kitchens-100-p1/P22/videos/P22_09.MP4
P22_09_65,P22,P22_09,00:01:53.600,00:01:52.47,00:01:53.85,6748,6831,put down cloth,put-down,1,cloth,17,['cloth'],[17],official_train,PUT DOWN,/kaggle/input/datasets/ldthanh/epic-kitchens-100-p1/P22/videos/P22_09.MP4
P22_09_66,P22,P22_09,00:01:56.750,00:01:56.10,00:01:57.93,6966,7075,pick up papers,pick-up,0,paper,49,['paper'],[49],official_train,PICKS UP,/kaggle/input/datasets/ldthanh/epic-kitchens-100-p1/P22/videos/P22_09.MP4
P22_09_67,P22,P22_09,00:01:58.290,00:01:58.53,00:01:59.84,7111,7190,put down papers,put-down,1,paper,49,['paper'],[49],official_train,PUT DOWN,/kaggle/input/datasets/ldthanh/epic-kitchens-100-p1/P22/videos/P22_09.MP4
P22_09_68,P22,P22_09,00:02:00.820,00:01:59.44,00:02:00.77,7166,7246,pick up bag,pick-up,0,bag,19,['bag'],[19],official_train,PICKS UP,/kaggle/input/datasets/ldthanh/epic-kitchens-100-p1/P22/videos/P22_09.MP4
P22_09_69,P22,P22_09,00:02:03.000,00:02:01.90,00:02:02.88,7314,7372,open trash can,open,3,can:trash,36,['can:trash'],[36],official_train,OPENS,/kaggle/input/datasets/ldthanh/epic-kitchens-100-p1/P22/videos/P22_09.MP4
P22_09_7,P22,P22_09,00:00:11.040,00:00:10.54,00:00:11.69,632,701,put down down rag,put-down,1,rag,17,['rag'],[17],official_train,PUT DOWN,/kaggle/input/datasets/ldthanh/epic-kitchens-100-p1/P22/videos/P22_09.MP4
P22_09_78,P22,P22_09,00:02:25.200,00:02:24.34,00:02:25.62,8660,8737,pick up box,pick-up,0,box,23,['box'],[23],official_train,PICKS UP,/kaggle/input/datasets/ldthanh/epic-kitchens-100-p1/P22/videos/P22_09.MP4
P22_09_79,P22,P22_09,00:02:26.410,00:02:25.34,00:02:28.36,8720,8901,open box,open,3,box,23,['box'],[23],official_train,OPENS,/kaggle/input/datasets/ldthanh/epic-kitchens-100-p1/P22/videos/P22_09.MP4
P22_09_8,P22,P22_09,00:00:12.320,00:00:11.79,00:00:12.51,707,750,grab remote,grab,0,remote,221,['remote'],[221],official_train,PICKS UP,/kaggle/input/datasets/ldthanh/epic-kitchens-100-p1/P22/videos/P22_09.MP4
P22_09_80,P22,P22_09,00:02:30.780,00:02:28.10,00:02:31.25,8886,9075,put down box,put-down,1,box,23,['box'],[23],official_train,PUT DOWN,/kaggle/input/datasets/ldthanh/epic-kitchens-100-p1/P22/videos/P22_09.MP4
P22_09_82,P22,P22_09,00:02:31.780,00:02:31.35,00:02:32.27,9081,9136,pick up paper,pick-up,0,paper,49,['paper'],[49],official_train,PICKS UP,/kaggle/input/datasets/ldthanh/epic-kitchens-100-p1/P22/videos/P22_09.MP4
P22_09_85,P22,P22_09,00:02:38.170,00:02:36.84,00:02:37.80,9410,9468,rinse hands,rinse,2,hand,11,['hand'],[11],official_train,WASHING,/kaggle/input/datasets/ldthanh/epic-kitchens-100-p1/P22/videos/P22_09.MP4
P22_09_86,P22,P22_09,00:02:39.200,00:02:37.98,00:02:39.69,9478,9581,rinse sponge,rinse,2,sponge,9,['sponge'],[9],official_train,WASHING,/kaggle/input/datasets/ldthanh/epic-kitchens-100-p1/P22/videos/P22_09.MP4
P22_09_88,P22,P22_09,00:02:41.950,00:02:41.55,00:02:42.56,9693,9753,put down soap,put-down,1,soap,22,['soap'],[22],official_train,PUT DOWN,/kaggle/input/datasets/ldthanh/epic-kitchens-100-p1/P22/videos/P22_09.MP4
P22_09_9,P22,P22_09,00:00:13.320,00:00:12.61,00:00:13.77,756,826,open drawer,open,3,drawer,8,['drawer'],[8],official_train,OPENS,/kaggle/input/datasets/ldthanh/epic-kitchens-100-p1/P22/videos/P22_09.MP4
P22_09_90,P22,P22_09,00:02:45.520,00:02:44.34,00:02:47.14,9860,10028,lather bowl,lather,2,bowl,7,['bowl'],[7],official_train,WASHING,/kaggle/input/datasets/ldthanh/epic-kitchens-100-p1/P22/videos/P22_09.MP4
P22_09_91,P22,P22_09,00:02:47.760,00:02:47.67,00:02:49.67,10060,10180,lather teaspoon,lather,2,teaspoon,1,['teaspoon'],[1],official_train,WASHING,/kaggle/input/datasets/ldthanh/epic-kitchens-100-p1/P22/videos/P22_09.MP4
P22_09_94,P22,P22_09,00:02:54.070,00:02:52.22,00:02:54.47,10333,10468,lather coffee cup,lather,2,cup:coffee,13,['cup:coffee'],[13],official_train,WASHING,/kaggle/input/datasets/ldthanh/epic-kitchens-100-p1/P22/videos/P22_09.MP4
P22_09_95,P22,P22_09,00:02:55.140,00:02:55.50,00:02:57.89,10530,10673,lather saucer,lather,2,saucer,2,['saucer'],[2],official_train,WASHING,/kaggle/input/datasets/ldthanh/epic-kitchens-100-p1/P22/videos/P22_09.MP4
P22_09_97,P22,P22_09,00:02:59.310,00:02:58.27,00:03:04.02,10696,11041,rinse saucer,rinse,2,saucer,2,['saucer'],[2],official_train,WASHING,/kaggle/input/datasets/ldthanh/epic-kitchens-100-p1/P22/videos/P22_09.MP4
P22_09_98,P22,P22_09,00:03:03.960,00:03:04.12,00:03:05.12,11047,11107,put down saucer,put-down,1,saucer,2,['saucer'],[2],official_train,PUT DOWN,/kaggle/input/datasets/ldthanh/epic-kitchens-100-p1/P22/videos/P22_09.MP4
P22_09_99,P22,P22_09,00:03:05.850,00:03:04.72,00:03:08.47,11083,11308,rinse coffee cup,rinse,2,cup:coffee,13,['cup:coffee'],[13],official_train,WASHING,/kaggle/input/datasets/ldthanh/epic-kitchens-100-p1/P22/videos/P22_09.MP4
P22_10_0,P22,P22_10,00:00:03.449,00:00:01.02,00:00:01.99,61,119,grab tin,grab,0,tin,61,['tin'],[61],official_train,PICKS UP,/kaggle/input/datasets/ldthanh/epic-kitchens-100-p1/P22/videos/P22_10.MP4
P22_10_1,P22,P22_10,00:00:06.729,00:00:01.83,00:00:02.52,109,151,put down down tin,put-down,1,tin,61,['tin'],[61],official_train,PUT DOWN,/kaggle/input/datasets/ldthanh/epic-kitchens-100-p1/P22/videos/P22_10.MP4
P22_10_100,P22,P22_10,00:03:22.329,00:03:17.85,00:03:18.35,11871,11901,open drawer,open,3,drawer,8,['drawer'],[8],official_train,OPENS,/kaggle/input/datasets/ldthanh/epic-kitchens-100-p1/P22/videos/P22_10.MP4
P22_10_101,P22,P22_10,00:03:23.329,00:03:19.37,00:03:20.48,11962,12028,put down down rag,put-down,1,rag,17,['rag'],[17],official_train,PUT DOWN,/kaggle/input/datasets/ldthanh/epic-kitchens-100-p1/P22/videos/P22_10.MP4
P22_10_103,P22,P22_10,00:03:26.939,00:03:22.28,00:03:34.64,12136,12878,rinse glass,rinse,2,glass,10,['glass'],[10],official_train,WASHING,/kaggle/input/datasets/ldthanh/epic-kitchens-100-p1/P22/videos/P22_10.MP4
P22_10_104,P22,P22_10,00:03:38.730,00:03:34.75,00:03:36.14,12885,12968,put down down glass,put-down,1,glass,10,['glass'],[10],official_train,PUT DOWN,/kaggle/input/datasets/ldthanh/epic-kitchens-100-p1/P22/videos/P22_10.MP4
P22_10_105,P22,P22_10,00:03:40.159,00:03:36.50,00:03:37.58,12990,13054,grab glass,grab,0,glass,10,['glass'],[10],official_train,PICKS UP,/kaggle/input/datasets/ldthanh/epic-kitchens-100-p1/P22/videos/P22_10.MP4
P22_10_106,P22,P22_10,00:03:41.219,00:03:37.99,00:03:45.51,13079,13530,rinse glass,rinse,2,glass,10,['glass'],[10],official_train,WASHING,/kaggle/input/datasets/ldthanh/epic-kitchens-100-p1/P22/videos/P22_10.MP4
P22_10_107,P22,P22_10,00:03:49.400,00:03:45.55,00:03:47.30,13533,13638,put down down glass,put-down,1,glass,10,['glass'],[10],official_train,PUT DOWN,/kaggle/input/datasets/ldthanh/epic-kitchens-100-p1/P22/videos/P22_10.MP4
P22_10_109,P22,P22_10,00:03:53.930,00:03:49.83,00:03:50.78,13789,13846,grab sponge,grab,0,sponge,9,['sponge'],[9],official_train,PICKS UP,/kaggle/input/datasets/ldthanh/epic-kitchens-100-p1/P22/videos/P22_10.MP4
P22_10_11,P22,P22_10,00:00:24.610,00:00:26.52,00:00:27.57,1591,1654,grab trash,grab,0,trash,54,['trash'],[54],official_train,PICKS UP,/kaggle/input/datasets/ldthanh/epic-kitchens-100-p1/P22/videos/P22_10.MP4
P22_10_111,P22,P22_10,00:03:57.060,00:03:51.74,00:03:53.74,13904,14024,rinse sponge,rinse,2,sponge,9,['sponge'],[9],official_train,WASHING,/kaggle/input/datasets/ldthanh/epic-kitchens-100-p1/P22/videos/P22_10.MP4
P22_10_112,P22,P22_10,00:03:58.060,00:03:53.71,00:03:54.67,14022,14080,put down down sponge,put-down,1,sponge,9,['sponge'],[9],official_train,PUT DOWN,/kaggle/input/datasets/ldthanh/epic-kitchens-100-p1/P22/videos/P22_10.MP4
P22_10_113,P22,P22_10,00:03:59.099,00:03:54.69,00:03:55.77,14081,14146,rinse hands,rinse,2,hand,11,['hand'],[11],official_train,WASHING,/kaggle/input/datasets/ldthanh/epic-kitchens-100-p1/P22/videos/P22_10.MP4
P22_10_114,P22,P22_10,00:04:00.909,00:03:55.87,00:03:57.65,14152,14259,put down down colander,put-down,1,colander,39,['colander'],[39],official_train,PUT DOWN,/kaggle/input/datasets/ldthanh/epic-kitchens-100-p1/P22/videos/P22_10.MP4
P22_10_115,P22,P22_10,00:04:01.909,00:03:57.75,00:04:04.25,14265,14655,lather colander,lather,2,colander,39,['colander'],[39],official_train,WASHING,/kaggle/input/datasets/ldthanh/epic-kitchens-100-p1/P22/videos/P22_10.MP4
P22_10_116,P22,P22_10,00:04:07.810,00:04:04.14,00:04:04.77,14648,14686,put down colander,put-down,1,colander,39,['colander'],[39],official_train,PUT DOWN,/kaggle/input/datasets/ldthanh/epic-kitchens-100-p1/P22/videos/P22_10.MP4
P22_10_117,P22,P22_10,00:04:09.620,00:04:04.84,00:04:05.89,14690,14753,pick up can,pick-up,0,can,61,['can'],[61],official_train,PICKS UP,/kaggle/input/datasets/ldthanh/epic-kitchens-100-p1/P22/videos/P22_10.MP4
P22_10_118,P22,P22_10,00:04:10.620,00:04:05.81,00:04:06.52,14748,14791,put down can,put-down,1,can,61,['can'],[61],official_train,PUT DOWN,/kaggle/input/datasets/ldthanh/epic-kitchens-100-p1/P22/videos/P22_10.MP4
P22_10_119,P22,P22_10,00:04:11.620,00:04:06.61,00:04:07.42,14796,14845,pick up spoon,pick-up,0,spoon,1,['spoon'],[1],official_train,PICKS UP,/kaggle/input/datasets/ldthanh/epic-kitchens-100-p1/P22/videos/P22_10.MP4
P22_10_120,P22,P22_10,00:04:12.620,00:04:07.25,00:04:09.82,14835,14989,lather spoon,lather,2,spoon,1,['spoon'],[1],official_train,WASHING,/kaggle/input/datasets/ldthanh/epic-kitchens-100-p1/P22/videos/P22_10.MP4
P22_10_121,P22,P22_10,00:04:13.620,00:04:09.49,00:04:10.54,14969,15032,put down spoon,put-down,1,spoon,1,['spoon'],[1],official_train,PUT DOWN,/kaggle/input/datasets/ldthanh/epic-kitchens-100-p1/P22/videos/P22_10.MP4
P22_10_124,P22,P22_10,00:04:17.650,00:04:12.46,00:04:15.17,15147,15310,rinse bowl,rinse,2,bowl,7,['bowl'],[7],official_train,WASHING,/kaggle/input/datasets/ldthanh/epic-kitchens-100-p1/P22/videos/P22_10.MP4
P22_10_125,P22,P22_10,00:04:20.750,00:04:14.01,00:04:18.74,15240,15524,rinse bowl,rinse,2,bowl,7,['bowl'],[7],official_train,WASHING,/kaggle/input/datasets/ldthanh/epic-kitchens-100-p1/P22/videos/P22_10.MP4
P22_10_127,P22,P22_10,00:04:25.060,00:04:19.07,00:04:20.89,15544,15653,pick up bowl,pick-up,0,bowl,7,['bowl'],[7],official_train,PICKS UP,/kaggle/input/datasets/ldthanh/epic-kitchens-100-p1/P22/videos/P22_10.MP4
P22_10_128,P22,P22_10,00:04:26.060,00:04:20.58,00:04:21.85,15634,15711,put down bowl,put-down,1,bowl,7,['bowl'],[7],official_train,PUT DOWN,/kaggle/input/datasets/ldthanh/epic-kitchens-100-p1/P22/videos/P22_10.MP4
P22_10_129,P22,P22_10,00:04:27.160,00:04:22.02,00:04:23.29,15721,15797,pick up sponge,pick-up,0,sponge,9,['sponge'],[9],official_train,PICKS UP,/kaggle/input/datasets/ldthanh/epic-kitchens-100-p1/P22/videos/P22_10.MP4
P22_10_130,P22,P22_10,00:04:28.160,00:04:22.99,00:04:27.78,15779,16066,lather bowl,lather,2,bowl,7,['bowl'],[7],official_train,WASHING,/kaggle/input/datasets/ldthanh/epic-kitchens-100-p1/P22/videos/P22_10.MP4
P22_10_131,P22,P22_10,00:04:32.030,00:04:27.78,00:04:28.68,16066,16120,put down bowl,put-down,1,bowl,7,['bowl'],[7],official_train,PUT DOWN,/kaggle/input/datasets/ldthanh/epic-kitchens-100-p1/P22/videos/P22_10.MP4
P22_10_132,P22,P22_10,00:04:34.880,00:04:30.76,00:04:41.19,16245,16871,lather bowl,lather,2,bowl,7,['bowl'],[7],official_train,WASHING,/kaggle/input/datasets/ldthanh/epic-kitchens-100-p1/P22/videos/P22_10.MP4
P22_10_133,P22,P22_10,00:04:44.940,00:04:41.02,00:04:42.26,16861,16935,put down bowl,put-down,1,bowl,7,['bowl'],[7],official_train,PUT DOWN,/kaggle/input/datasets/ldthanh/epic-kitchens-100-p1/P22/videos/P22_10.MP4
P22_10_134,P22,P22_10,00:04:47.250,00:04:42.66,00:04:43.43,16959,17005,pick up mincing knife,pick-up,0,knife:mincing,4,['knife:mincing'],[4],official_train,PICKS UP,/kaggle/input/datasets/ldthanh/epic-kitchens-100-p1/P22/videos/P22_10.MP4
P22_10_135,P22,P22_10,00:04:48.250,00:04:43.74,00:04:52.08,17024,17524,lather mincing knife,lather,2,knife:mincing,4,['knife:mincing'],[4],official_train,WASHING,/kaggle/input/datasets/ldthanh/epic-kitchens-100-p1/P22/videos/P22_10.MP4
P22_10_136,P22,P22_10,00:04:56.290,00:04:52.18,00:04:53.30,17530,17598,put down mincing knife,put-down,1,knife:mincing,4,['knife:mincing'],[4],official_train,PUT DOWN,/kaggle/input/datasets/ldthanh/epic-kitchens-100-p1/P22/videos/P22_10.MP4
P22_10_137,P22,P22_10,00:04:57.440,00:04:53.45,00:04:54.30,17607,17658,pick up knife,pick-up,0,knife,4,['knife'],[4],official_train,PICKS UP,/kaggle/input/datasets/ldthanh/epic-kitchens-100-p1/P22/videos/P22_10.MP4
P22_10_138,P22,P22_10,00:04:58.440,00:04:54.39,00:04:55.75,17663,17745,lather knife,lather,2,knife,4,['knife'],[4],official_train,WASHING,/kaggle/input/datasets/ldthanh/epic-kitchens-100-p1/P22/videos/P22_10.MP4
P22_10_139,P22,P22_10,00:04:59.440,00:04:55.84,00:04:56.84,17750,17810,put down knife,put-down,1,knife,4,['knife'],[4],official_train,PUT DOWN,/kaggle/input/datasets/ldthanh/epic-kitchens-100-p1/P22/videos/P22_10.MP4
P22_10_14,P22,P22_10,00:00:37.120,00:00:30.59,00:00:33.50,1835,2010,put down down cutting board,put-down,1,board:cutting,18,['board:cutting'],[18],official_train,PUT DOWN,/kaggle/input/datasets/ldthanh/epic-kitchens-100-p1/P22/videos/P22_10.MP4
P22_10_140,P22,P22_10,00:05:01.070,00:04:56.34,00:04:57.94,17780,17876,pick up knife,pick-up,0,knife,4,['knife'],[4],official_train,PICKS UP,/kaggle/input/datasets/ldthanh/epic-kitchens-100-p1/P22/videos/P22_10.MP4
P22_10_141,P22,P22_10,00:05:02.070,00:04:58.04,00:04:59.29,17882,17957,lather knife,lather,2,knife,4,['knife'],[4],official_train,WASHING,/kaggle/input/datasets/ldthanh/epic-kitchens-100-p1/P22/videos/P22_10.MP4
P22_10_142,P22,P22_10,00:05:03.790,00:04:59.50,00:05:00.23,17970,18013,put down knife,put-down,1,knife,4,['knife'],[4],official_train,PUT DOWN,/kaggle/input/datasets/ldthanh/epic-kitchens-100-p1/P22/videos/P22_10.MP4
P22_10_143,P22,P22_10,00:05:04.790,00:05:00.08,00:05:01.11,18004,18066,pick up fork,pick-up,0,fork,14,['fork'],[14],official_train,PICKS UP,/kaggle/input/datasets/ldthanh/epic-kitchens-100-p1/P22/videos/P22_10.MP4
P22_10_144,P22,P22_10,00:05:05.790,00:05:00.74,00:05:01.92,18044,18115,lather fork,lather,2,fork,14,['fork'],[14],official_train,WASHING,/kaggle/input/datasets/ldthanh/epic-kitchens-100-p1/P22/videos/P22_10.MP4
P22_10_145,P22,P22_10,00:05:06.790,00:05:01.97,00:05:02.90,18118,18174,put down fork,put-down,1,fork,14,['fork'],[14],official_train,PUT DOWN,/kaggle/input/datasets/ldthanh/epic-kitchens-100-p1/P22/videos/P22_10.MP4
P22_10_148,P22,P22_10,00:05:10.510,00:05:05.49,00:05:06.24,18329,18374,pick up fork,pick-up,0,fork,14,['fork'],[14],official_train,PICKS UP,/kaggle/input/datasets/ldthanh/epic-kitchens-100-p1/P22/videos/P22_10.MP4
P22_10_149,P22,P22_10,00:05:11.510,00:05:07.16,00:05:08.66,18429,18519,lather fork,lather,2,fork,14,['fork'],[14],official_train,WASHING,/kaggle/input/datasets/ldthanh/epic-kitchens-100-p1/P22/videos/P22_10.MP4
P22_10_150,P22,P22_10,00:05:12.700,00:05:08.80,00:05:09.66,18528,18579,put down fork,put-down,1,fork,14,['fork'],[14],official_train,PUT DOWN,/kaggle/input/datasets/ldthanh/epic-kitchens-100-p1/P22/videos/P22_10.MP4
P22_10_151,P22,P22_10,00:05:14.360,00:05:09.76,00:05:11.10,18585,18666,pick up bowl,pick-up,0,bowl,7,['bowl'],[7],official_train,PICKS UP,/kaggle/input/datasets/ldthanh/epic-kitchens-100-p1/P22/videos/P22_10.MP4
P22_10_153,P22,P22_10,00:05:16.360,00:05:11.10,00:05:11.90,18666,18714,rinse bowl,rinse,2,bowl,7,['bowl'],[7],official_train,WASHING,/kaggle/input/datasets/ldthanh/epic-kitchens-100-p1/P22/videos/P22_10.MP4
P22_10_154,P22,P22_10,00:05:17.360,00:05:12.05,00:05:15.01,18723,18900,lather bowl,lather,2,bowl,7,['bowl'],[7],official_train,WASHING,/kaggle/input/datasets/ldthanh/epic-kitchens-100-p1/P22/videos/P22_10.MP4
P22_10_155,P22,P22_10,00:05:18.600,00:05:14.83,00:05:15.57,18889,18934,put down bowl,put-down,1,bowl,7,['bowl'],[7],official_train,PUT DOWN,/kaggle/input/datasets/ldthanh/epic-kitchens-100-p1/P22/videos/P22_10.MP4
P22_10_156,P22,P22_10,00:05:20.590,00:05:15.67,00:05:17.37,18940,19042,pick up spoon,pick-up,0,spoon,1,['spoon'],[1],official_train,PICKS UP,/kaggle/input/datasets/ldthanh/epic-kitchens-100-p1/P22/videos/P22_10.MP4
P22_10_157,P22,P22_10,00:05:21.590,00:05:17.25,00:05:20.65,19035,19239,lather spoon,lather,2,spoon,1,['spoon'],[1],official_train,WASHING,/kaggle/input/datasets/ldthanh/epic-kitchens-100-p1/P22/videos/P22_10.MP4
P22_10_158,P22,P22_10,00:05:22.590,00:05:19.98,00:05:21.21,19198,19272,put down spoon,put-down,1,spoon,1,['spoon'],[1],official_train,PUT DOWN,/kaggle/input/datasets/ldthanh/epic-kitchens-100-p1/P22/videos/P22_10.MP4
P22_10_159,P22,P22_10,00:05:25.440,00:05:21.38,00:05:22.79,19282,19367,pick up knife,pick-up,0,knife,4,['knife'],[4],official_train,PICKS UP,/kaggle/input/datasets/ldthanh/epic-kitchens-100-p1/P22/videos/P22_10.MP4
P22_10_160,P22,P22_10,00:05:27.130,00:05:22.61,00:05:24.93,19356,19495,lather knife,lather,2,knife,4,['knife'],[4],official_train,WASHING,/kaggle/input/datasets/ldthanh/epic-kitchens-100-p1/P22/videos/P22_10.MP4
P22_10_162,P22,P22_10,00:05:30.640,00:05:25.67,00:05:30.16,19540,19809,rinse knife,rinse,2,knife,4,['knife'],[4],official_train,WASHING,/kaggle/input/datasets/ldthanh/epic-kitchens-100-p1/P22/videos/P22_10.MP4
P22_10_164,P22,P22_10,00:05:35.820,00:05:30.65,00:05:33.00,19839,19980,rinse knife,rinse,2,knife,4,['knife'],[4],official_train,WASHING,/kaggle/input/datasets/ldthanh/epic-kitchens-100-p1/P22/videos/P22_10.MP4
P22_10_165,P22,P22_10,00:05:37.190,00:05:33.10,00:05:34.45,19986,20067,put down knife,put-down,1,knife,4,['knife'],[4],official_train,PUT DOWN,/kaggle/input/datasets/ldthanh/epic-kitchens-100-p1/P22/videos/P22_10.MP4
P22_10_166,P22,P22_10,00:05:39.650,00:05:34.18,00:05:35.92,20050,20155,pick up knives,pick-up,0,knife,4,['knife'],[4],official_train,PICKS UP,/kaggle/input/datasets/ldthanh/epic-kitchens-100-p1/P22/videos/P22_10.MP4
P22_10_167,P22,P22_10,00:05:40.650,00:05:35.52,00:05:41.68,20131,20500,rinse knives,rinse,2,knife,4,['knife'],[4],official_train,WASHING,/kaggle/input/datasets/ldthanh/epic-kitchens-100-p1/P22/videos/P22_10.MP4
P22_10_168,P22,P22_10,00:05:45.480,00:05:41.90,00:05:43.01,20514,20580,put down knives,put-down,1,knife,4,['knife'],[4],official_train,PUT DOWN,/kaggle/input/datasets/ldthanh/epic-kitchens-100-p1/P22/videos/P22_10.MP4
P22_10_169,P22,P22_10,00:05:46.920,00:05:43.04,00:05:43.82,20582,20629,pick up silverware,pick-up,0,silverware,58,['silverware'],[58],official_train,PICKS UP,/kaggle/input/datasets/ldthanh/epic-kitchens-100-p1/P22/videos/P22_10.MP4
P22_10_17,P22,P22_10,00:00:41.200,00:00:36.36,00:00:37.61,2181,2256,rinse hands,rinse,2,hand,11,['hand'],[11],official_train,WASHING,/kaggle/input/datasets/ldthanh/epic-kitchens-100-p1/P22/videos/P22_10.MP4
P22_10_170,P22,P22_10,00:05:48.010,00:05:44.11,00:05:47.39,20646,20843,rinse silverware,rinse,2,silverware,58,['silverware'],[58],official_train,WASHING,/kaggle/input/datasets/ldthanh/epic-kitchens-100-p1/P22/videos/P22_10.MP4
P22_10_171,P22,P22_10,00:05:51.380,00:05:47.25,00:05:48.83,20835,20929,put down silverware,put-down,1,silverware,58,['silverware'],[58],official_train,PUT DOWN,/kaggle/input/datasets/ldthanh/epic-kitchens-100-p1/P22/videos/P22_10.MP4
P22_10_172,P22,P22_10,00:05:53.340,00:05:48.83,00:05:49.99,20929,20999,pick up bowl,pick-up,0,bowl,7,['bowl'],[7],official_train,PICKS UP,/kaggle/input/datasets/ldthanh/epic-kitchens-100-p1/P22/videos/P22_10.MP4
P22_10_173,P22,P22_10,00:05:54.340,00:05:49.83,00:05:52.06,20989,21123,rinse bowl,rinse,2,bowl,7,['bowl'],[7],official_train,WASHING,/kaggle/input/datasets/ldthanh/epic-kitchens-100-p1/P22/videos/P22_10.MP4
P22_10_174,P22,P22_10,00:05:55.340,00:05:52.08,00:05:52.85,21124,21171,put down bowl,put-down,1,bowl,7,['bowl'],[7],official_train,PUT DOWN,/kaggle/input/datasets/ldthanh/epic-kitchens-100-p1/P22/videos/P22_10.MP4
P22_10_175,P22,P22_10,00:05:57.870,00:05:52.89,00:05:54.38,21173,21262,pick up bowl,pick-up,0,bowl,7,['bowl'],[7],official_train,PICKS UP,/kaggle/input/datasets/ldthanh/epic-kitchens-100-p1/P22/videos/P22_10.MP4
P22_10_176,P22,P22_10,00:05:58.870,00:05:54.23,00:06:00.24,21253,21614,rinse bowl,rinse,2,bowl,7,['bowl'],[7],official_train,WASHING,/kaggle/input/datasets/ldthanh/epic-kitchens-100-p1/P22/videos/P22_10.MP4
P22_10_177,P22,P22_10,00:05:59.870,00:06:00.16,00:06:01.76,21609,21705,put down bowl,put-down,1,bowl,7,['bowl'],[7],official_train,PUT DOWN,/kaggle/input/datasets/ldthanh/epic-kitchens-100-p1/P22/videos/P22_10.MP4
P22_10_178,P22,P22_10,00:06:05.980,00:06:01.80,00:06:03.46,21708,21807,pick up bowl,pick-up,0,bowl,7,['bowl'],[7],official_train,PICKS UP,/kaggle/input/datasets/ldthanh/epic-kitchens-100-p1/P22/videos/P22_10.MP4
P22_10_179,P22,P22_10,00:06:06.980,00:06:01.99,00:06:08.40,21719,22104,rinse bowl,rinse,2,bowl,7,['bowl'],[7],official_train,WASHING,/kaggle/input/datasets/ldthanh/epic-kitchens-100-p1/P22/videos/P22_10.MP4
P22_10_180,P22,P22_10,00:06:12.030,00:06:08.79,00:06:09.57,22127,22174,put down bowl,put-down,1,bowl,7,['bowl'],[7],official_train,PUT DOWN,/kaggle/input/datasets/ldthanh/epic-kitchens-100-p1/P22/videos/P22_10.MP4
P22_10_181,P22,P22_10,00:06:14.030,00:06:09.64,00:06:10.64,22178,22238,pick up spoon,pick-up,0,spoon,1,['spoon'],[1],official_train,PICKS UP,/kaggle/input/datasets/ldthanh/epic-kitchens-100-p1/P22/videos/P22_10.MP4
P22_10_182,P22,P22_10,00:06:15.030,00:06:10.74,00:06:12.24,22244,22334,rinse spoon,rinse,2,spoon,1,['spoon'],[1],official_train,WASHING,/kaggle/input/datasets/ldthanh/epic-kitchens-100-p1/P22/videos/P22_10.MP4
P22_10_183,P22,P22_10,00:06:16.030,00:06:12.34,00:06:13.44,22340,22406,put down spoon,put-down,1,spoon,1,['spoon'],[1],official_train,PUT DOWN,/kaggle/input/datasets/ldthanh/epic-kitchens-100-p1/P22/videos/P22_10.MP4
P22_10_184,P22,P22_10,00:06:17.680,00:06:13.35,00:06:13.95,22401,22437,pick up mincing knife,pick-up,0,knife:mincing,4,['knife:mincing'],[4],official_train,PICKS UP,/kaggle/input/datasets/ldthanh/epic-kitchens-100-p1/P22/videos/P22_10.MP4
P22_10_185,P22,P22_10,00:06:18.680,00:06:14.05,00:06:18.55,22443,22713,rinse mincing knife,rinse,2,knife:mincing,4,['knife:mincing'],[4],official_train,WASHING,/kaggle/input/datasets/ldthanh/epic-kitchens-100-p1/P22/videos/P22_10.MP4
P22_10_186,P22,P22_10,00:06:22.470,00:06:18.65,00:06:20.27,22719,22816,put down mincing knife,put-down,1,knife:mincing,4,['knife:mincing'],[4],official_train,PUT DOWN,/kaggle/input/datasets/ldthanh/epic-kitchens-100-p1/P22/videos/P22_10.MP4
P22_10_187,P22,P22_10,00:06:24.740,00:06:20.31,00:06:21.03,22818,22861,pick up colander,pick-up,0,colander,39,['colander'],[39],official_train,PICKS UP,/kaggle/input/datasets/ldthanh/epic-kitchens-100-p1/P22/videos/P22_10.MP4
P22_10_188,P22,P22_10,00:06:25.910,00:06:20.91,00:06:24.04,22854,23042,rinse colander,rinse,2,colander,39,['colander'],[39],official_train,WASHING,/kaggle/input/datasets/ldthanh/epic-kitchens-100-p1/P22/videos/P22_10.MP4
P22_10_189,P22,P22_10,00:06:29.000,00:06:24.10,00:06:25.17,23046,23110,put down colander,put-down,1,colander,39,['colander'],[39],official_train,PUT DOWN,/kaggle/input/datasets/ldthanh/epic-kitchens-100-p1/P22/videos/P22_10.MP4
P22_10_190,P22,P22_10,00:06:30.560,00:06:25.17,00:06:26.42,23110,23185,pick up can,pick-up,0,can,61,['can'],[61],official_train,PICKS UP,/kaggle/input/datasets/ldthanh/epic-kitchens-100-p1/P22/videos/P22_10.MP4
P22_10_191,P22,P22_10,00:06:31.900,00:06:26.52,00:06:27.40,23191,23244,rinse can,rinse,2,can,61,['can'],[61],official_train,WASHING,/kaggle/input/datasets/ldthanh/epic-kitchens-100-p1/P22/videos/P22_10.MP4
P22_10_192,P22,P22_10,00:06:32.930,00:06:28.53,00:06:30.67,23311,23440,rinse lid,rinse,2,lid,6,['lid'],[6],official_train,WASHING,/kaggle/input/datasets/ldthanh/epic-kitchens-100-p1/P22/videos/P22_10.MP4
P22_10_193,P22,P22_10,00:06:34.980,00:06:30.71,00:06:31.94,23442,23516,put down lid,put-down,1,lid,6,['lid'],[6],official_train,PUT DOWN,/kaggle/input/datasets/ldthanh/epic-kitchens-100-p1/P22/videos/P22_10.MP4
P22_10_194,P22,P22_10,00:06:40.190,00:06:32.38,00:06:39.20,23542,23952,rinse can,rinse,2,can,61,['can'],[61],official_train,WASHING,/kaggle/input/datasets/ldthanh/epic-kitchens-100-p1/P22/videos/P22_10.MP4
P22_10_196,P22,P22_10,00:06:37.550,00:06:37.11,00:06:39.61,23826,23976,rinse can,rinse,2,can,61,['can'],[61],official_train,WASHING,/kaggle/input/datasets/ldthanh/epic-kitchens-100-p1/P22/videos/P22_10.MP4
P22_10_197,P22,P22_10,00:06:43.370,00:06:39.47,00:06:40.22,23968,24013,put down can,put-down,1,can,61,['can'],[61],official_train,PUT DOWN,/kaggle/input/datasets/ldthanh/epic-kitchens-100-p1/P22/videos/P22_10.MP4
P22_10_198,P22,P22_10,00:06:45.030,00:06:39.48,00:06:41.57,23968,24094,rinse hands,rinse,2,hand,11,['hand'],[11],official_train,WASHING,/kaggle/input/datasets/ldthanh/epic-kitchens-100-p1/P22/videos/P22_10.MP4
P22_10_20,P22,P22_10,00:00:46.740,00:00:42.47,00:00:43.82,2548,2629,put down down rag,put-down,1,rag,17,['rag'],[17],official_train,PUT DOWN,/kaggle/input/datasets/ldthanh/epic-kitchens-100-p1/P22/videos/P22_10.MP4
P22_10_200,P22,P22_10,00:06:47.030,00:06:42.32,00:06:43.32,24139,24199,pick up plate,pick-up,0,plate,2,['plate'],[2],official_train,PICKS UP,/kaggle/input/datasets/ldthanh/epic-kitchens-100-p1/P22/videos/P22_10.MP4
P22_10_201,P22,P22_10,00:06:48.030,00:06:43.35,00:06:45.07,24201,24304,lather plate,lather,2,plate,2,['plate'],[2],official_train,WASHING,/kaggle/input/datasets/ldthanh/epic-kitchens-100-p1/P22/videos/P22_10.MP4
P22_10_202,P22,P22_10,00:06:50.160,00:06:45.86,00:06:46.62,24351,24397,pick up soap,pick-up,0,soap,22,['soap'],[22],official_train,PICKS UP,/kaggle/input/datasets/ldthanh/epic-kitchens-100-p1/P22/videos/P22_10.MP4
P22_10_204,P22,P22_10,00:06:52.160,00:06:48.20,00:06:49.01,24492,24540,put down soap,put-down,1,soap,22,['soap'],[22],official_train,PUT DOWN,/kaggle/input/datasets/ldthanh/epic-kitchens-100-p1/P22/videos/P22_10.MP4
P22_10_206,P22,P22_10,00:06:54.260,00:06:49.80,00:06:50.63,24588,24637,rinse sponge,rinse,2,sponge,9,['sponge'],[9],official_train,WASHING,/kaggle/input/datasets/ldthanh/epic-kitchens-100-p1/P22/videos/P22_10.MP4
P22_10_208,P22,P22_10,00:06:56.740,00:06:51.29,00:06:55.93,24677,24955,lather plate,lather,2,plate,2,['plate'],[2],official_train,WASHING,/kaggle/input/datasets/ldthanh/epic-kitchens-100-p1/P22/videos/P22_10.MP4
P22_10_209,P22,P22_10,00:06:59.770,00:06:56.05,00:06:57.03,24963,25021,put down plate,put-down,1,plate,2,['plate'],[2],official_train,PUT DOWN,/kaggle/input/datasets/ldthanh/epic-kitchens-100-p1/P22/videos/P22_10.MP4
P22_10_21,P22,P22_10,00:00:49.410,00:00:43.92,00:00:44.81,2635,2688,grab support,grab,0,support,24,['support'],[24],official_train,PICKS UP,/kaggle/input/datasets/ldthanh/epic-kitchens-100-p1/P22/videos/P22_10.MP4
P22_10_211,P22,P22_10,00:07:03.200,00:06:58.51,00:06:59.54,25110,25172,rinse plate,rinse,2,plate,2,['plate'],[2],official_train,WASHING,/kaggle/input/datasets/ldthanh/epic-kitchens-100-p1/P22/videos/P22_10.MP4
P22_10_212,P22,P22_10,00:07:04.270,00:06:59.65,00:07:05.88,25179,25552,wash plate,wash,2,plate,2,['plate'],[2],official_train,WASHING,/kaggle/input/datasets/ldthanh/epic-kitchens-100-p1/P22/videos/P22_10.MP4
P22_10_213,P22,P22_10,00:07:09.580,00:07:05.50,00:07:06.92,25530,25615,put down plate,put-down,1,plate,2,['plate'],[2],official_train,PUT DOWN,/kaggle/input/datasets/ldthanh/epic-kitchens-100-p1/P22/videos/P22_10.MP4
P22_10_214,P22,P22_10,00:07:10.580,00:07:06.61,00:07:07.22,25596,25633,take knife,take,0,knife,4,['knife'],[4],official_train,PICKS UP,/kaggle/input/datasets/ldthanh/epic-kitchens-100-p1/P22/videos/P22_10.MP4
P22_10_215,P22,P22_10,00:07:11.580,00:07:07.45,00:07:09.99,25647,25799,wash knife,wash,2,knife,4,['knife'],[4],official_train,WASHING,/kaggle/input/datasets/ldthanh/epic-kitchens-100-p1/P22/videos/P22_10.MP4
P22_10_216,P22,P22_10,00:07:14.210,00:07:09.55,00:07:10.55,25773,25833,put down knife,put-down,1,knife,4,['knife'],[4],official_train,PUT DOWN,/kaggle/input/datasets/ldthanh/epic-kitchens-100-p1/P22/videos/P22_10.MP4
P22_10_217,P22,P22_10,00:07:17.730,00:07:10.43,00:07:14.76,25825,26085,put down knife,put-down,1,knife,4,['knife'],[4],official_train,PUT DOWN,/kaggle/input/datasets/ldthanh/epic-kitchens-100-p1/P22/videos/P22_10.MP4
P22_10_218,P22,P22_10,00:07:15.220,00:07:11.02,00:07:12.10,25861,25926,take knife,take,0,knife,4,['knife'],[4],official_train,PICKS UP,/kaggle/input/datasets/ldthanh/epic-kitchens-100-p1/P22/videos/P22_10.MP4
P22_10_219,P22,P22_10,00:07:16.220,00:07:12.19,00:07:14.84,25931,26090,wash knife,wash,2,knife,4,['knife'],[4],official_train,WASHING,/kaggle/input/datasets/ldthanh/epic-kitchens-100-p1/P22/videos/P22_10.MP4
P22_10_22,P22,P22_10,00:00:51.320,00:00:46.58,00:00:47.23,2794,2833,open cupboard,open,3,cupboard,3,['cupboard'],[3],official_train,OPENS,/kaggle/input/datasets/ldthanh/epic-kitchens-100-p1/P22/videos/P22_10.MP4
P22_10_220,P22,P22_10,00:07:19.440,00:07:15.95,00:07:17.53,26157,26251,take cutting board,take,0,board:cutting,18,['board:cutting'],[18],official_train,PICKS UP,/kaggle/input/datasets/ldthanh/epic-kitchens-100-p1/P22/videos/P22_10.MP4
P22_10_221,P22,P22_10,00:07:22.140,00:07:18.67,00:07:25.49,26320,26729,wash cutting board,wash,2,board:cutting,18,['board:cutting'],[18],official_train,WASHING,/kaggle/input/datasets/ldthanh/epic-kitchens-100-p1/P22/videos/P22_10.MP4
P22_10_222,P22,P22_10,00:07:29.460,00:07:25.68,00:07:26.49,26740,26789,put down cutting board,put-down,1,board:cutting,18,['board:cutting'],[18],official_train,PUT DOWN,/kaggle/input/datasets/ldthanh/epic-kitchens-100-p1/P22/videos/P22_10.MP4
P22_10_224,P22,P22_10,00:07:31.840,00:07:27.86,00:07:30.36,26871,27021,rinse hands,rinse,2,hand,11,['hand'],[11],official_train,WASHING,/kaggle/input/datasets/ldthanh/epic-kitchens-100-p1/P22/videos/P22_10.MP4
P22_10_225,P22,P22_10,00:07:34.620,00:07:30.46,00:07:36.96,27027,27417,rinse cutting board,rinse,2,board:cutting,18,['board:cutting'],[18],official_train,WASHING,/kaggle/input/datasets/ldthanh/epic-kitchens-100-p1/P22/videos/P22_10.MP4
P22_10_226,P22,P22_10,00:07:42.530,00:07:36.68,00:07:41.31,27400,27678,put down down cutting board,put-down,1,board:cutting,18,['board:cutting'],[18],official_train,PUT DOWN,/kaggle/input/datasets/ldthanh/epic-kitchens-100-p1/P22/videos/P22_10.MP4
P22_10_227,P22,P22_10,00:07:46.450,00:07:42.15,00:07:43.40,27729,27804,grab potato peeler,grab,0,peeler:potato,87,['peeler:potato'],[87],official_train,PICKS UP,/kaggle/input/datasets/ldthanh/epic-kitchens-100-p1/P22/videos/P22_10.MP4
P22_10_228,P22,P22_10,00:07:49.260,00:07:43.48,00:07:45.05,27808,27903,grab container,grab,0,container,21,['container'],[21],official_train,PICKS UP,/kaggle/input/datasets/ldthanh/epic-kitchens-100-p1/P22/videos/P22_10.MP4
P22_10_229,P22,P22_10,00:07:48.260,00:07:43.97,00:07:44.80,27838,27888,put down down potato peeler,put-down,1,peeler:potato,87,['peeler:potato'],[87],official_train,PUT DOWN,/kaggle/input/datasets/ldthanh/epic-kitchens-100-p1/P22/videos/P22_10.MP4
P22_10_23,P22,P22_10,00:00:52.530,00:00:47.50,00:00:49.09,2850,2945,open fridge,open,3,fridge,12,['fridge'],[12],official_train,OPENS,/kaggle/input/datasets/ldthanh/epic-kitchens-100-p1/P22/videos/P22_10.MP4
P22_10_230,P22,P22_10,00:07:50.260,00:07:45.33,00:07:52.67,27919,28360,rinse knives,rinse,2,knife,4,['knife'],[4],official_train,WASHING,/kaggle/input/datasets/ldthanh/epic-kitchens-100-p1/P22/videos/P22_10.MP4
P22_10_231,P22,P22_10,00:07:56.810,00:07:52.77,00:07:53.69,28366,28421,put down down knives,put-down,1,knife,4,['knife'],[4],official_train,PUT DOWN,/kaggle/input/datasets/ldthanh/epic-kitchens-100-p1/P22/videos/P22_10.MP4
P22_10_232,P22,P22_10,00:07:58.220,00:07:53.59,00:07:55.34,28415,28520,grab plate,grab,0,plate,2,['plate'],[2],official_train,PICKS UP,/kaggle/input/datasets/ldthanh/epic-kitchens-100-p1/P22/videos/P22_10.MP4
P22_10_233,P22,P22_10,00:07:59.580,00:07:55.44,00:08:07.05,28526,29223,rinse plate,rinse,2,plate,2,['plate'],[2],official_train,WASHING,/kaggle/input/datasets/ldthanh/epic-kitchens-100-p1/P22/videos/P22_10.MP4
P22_10_234,P22,P22_10,00:08:11.030,00:08:07.15,00:08:08.97,29229,29338,put down down plate,put-down,1,plate,2,['plate'],[2],official_train,PUT DOWN,/kaggle/input/datasets/ldthanh/epic-kitchens-100-p1/P22/videos/P22_10.MP4
P22_10_235,P22,P22_10,00:08:12.030,00:08:09.55,00:08:10.38,29373,29422,grab plate,grab,0,plate,2,['plate'],[2],official_train,PICKS UP,/kaggle/input/datasets/ldthanh/epic-kitchens-100-p1/P22/videos/P22_10.MP4
P22_10_236,P22,P22_10,00:08:14.640,00:08:10.39,00:08:24.38,29423,30262,rinse plate,rinse,2,plate,2,['plate'],[2],official_train,WASHING,/kaggle/input/datasets/ldthanh/epic-kitchens-100-p1/P22/videos/P22_10.MP4
P22_10_237,P22,P22_10,00:08:28.300,00:08:24.48,00:08:26.10,30268,30366,put down down plate,put-down,1,plate,2,['plate'],[2],official_train,PUT DOWN,/kaggle/input/datasets/ldthanh/epic-kitchens-100-p1/P22/videos/P22_10.MP4
P22_10_238,P22,P22_10,00:08:30.650,00:08:26.33,00:08:27.42,30379,30445,grab container,grab,0,container,21,['container'],[21],official_train,PICKS UP,/kaggle/input/datasets/ldthanh/epic-kitchens-100-p1/P22/videos/P22_10.MP4
P22_10_239,P22,P22_10,00:08:31.720,00:08:26.98,00:08:30.06,30418,30603,rinse container,rinse,2,container,21,['container'],[21],official_train,WASHING,/kaggle/input/datasets/ldthanh/epic-kitchens-100-p1/P22/videos/P22_10.MP4
P22_10_24,P22,P22_10,00:00:54.880,00:00:49.52,00:00:51.92,2971,3115,put down down support,put-down,1,support,24,['support'],[24],official_train,PUT DOWN,/kaggle/input/datasets/ldthanh/epic-kitchens-100-p1/P22/videos/P22_10.MP4
P22_10_240,P22,P22_10,00:08:35.140,00:08:30.63,00:08:31.90,30637,30714,place container,place,1,container,21,['container'],[21],official_train,PUT DOWN,/kaggle/input/datasets/ldthanh/epic-kitchens-100-p1/P22/videos/P22_10.MP4
P22_10_241,P22,P22_10,00:08:36.210,00:08:31.98,00:08:32.58,30718,30754,pick up container,pick-up,0,container,21,['container'],[21],official_train,PICKS UP,/kaggle/input/datasets/ldthanh/epic-kitchens-100-p1/P22/videos/P22_10.MP4
P22_10_242,P22,P22_10,00:08:38.180,00:08:33.04,00:08:34.00,30782,30840,pick up container,pick-up,0,container,21,['container'],[21],official_train,PICKS UP,/kaggle/input/datasets/ldthanh/epic-kitchens-100-p1/P22/videos/P22_10.MP4
P22_10_243,P22,P22_10,00:08:40.770,00:08:34.88,00:08:41.41,30892,31284,soap potato peeler,soap,2,peeler:potato,87,['peeler:potato'],[87],official_train,WASHING,/kaggle/input/datasets/ldthanh/epic-kitchens-100-p1/P22/videos/P22_10.MP4
P22_10_244,P22,P22_10,00:08:44.300,00:08:41.37,00:08:42.40,31282,31344,place potato peeler,place,1,peeler:potato,87,['peeler:potato'],[87],official_train,PUT DOWN,/kaggle/input/datasets/ldthanh/epic-kitchens-100-p1/P22/videos/P22_10.MP4
P22_10_245,P22,P22_10,00:08:46.300,00:08:41.87,00:08:42.60,31312,31356,pick up container,pick-up,0,container,21,['container'],[21],official_train,PICKS UP,/kaggle/input/datasets/ldthanh/epic-kitchens-100-p1/P22/videos/P22_10.MP4
P22_10_246,P22,P22_10,00:08:47.300,00:08:42.70,00:08:46.06,31362,31563,soap container,lather,2,container:soap,21,['container:soap'],[21],official_train,WASHING,/kaggle/input/datasets/ldthanh/epic-kitchens-100-p1/P22/videos/P22_10.MP4
P22_10_247,P22,P22_10,00:08:49.750,00:08:46.03,00:08:46.82,31561,31609,place container,place,1,container,21,['container'],[21],official_train,PUT DOWN,/kaggle/input/datasets/ldthanh/epic-kitchens-100-p1/P22/videos/P22_10.MP4
P22_10_248,P22,P22_10,00:08:50.750,00:08:46.50,00:08:47.75,31590,31665,pick up container,pick-up,0,container,21,['container'],[21],official_train,PICKS UP,/kaggle/input/datasets/ldthanh/epic-kitchens-100-p1/P22/videos/P22_10.MP4
P22_10_249,P22,P22_10,00:08:51.750,00:08:47.49,00:08:50.50,31649,31830,soap container,lather,2,container:soap,21,['container:soap'],[21],official_train,WASHING,/kaggle/input/datasets/ldthanh/epic-kitchens-100-p1/P22/videos/P22_10.MP4
P22_10_25,P22,P22_10,00:00:56.829,00:00:52.30,00:00:53.16,3138,3189,grab support,grab,0,support,24,['support'],[24],official_train,PICKS UP,/kaggle/input/datasets/ldthanh/epic-kitchens-100-p1/P22/videos/P22_10.MP4
P22_10_250,P22,P22_10,00:08:54.690,00:08:50.12,00:08:50.69,31807,31841,place sponge,place,1,sponge,9,['sponge'],[9],official_train,PUT DOWN,/kaggle/input/datasets/ldthanh/epic-kitchens-100-p1/P22/videos/P22_10.MP4
P22_10_252,P22,P22_10,00:08:56.690,00:08:51.82,00:09:01.52,31909,32491,rinse container,rinse,2,container,21,['container'],[21],official_train,WASHING,/kaggle/input/datasets/ldthanh/epic-kitchens-100-p1/P22/videos/P22_10.MP4
P22_10_253,P22,P22_10,00:09:05.640,00:09:01.67,00:09:02.67,32500,32560,place container,place,1,container,21,['container'],[21],official_train,PUT DOWN,/kaggle/input/datasets/ldthanh/epic-kitchens-100-p1/P22/videos/P22_10.MP4
P22_10_254,P22,P22_10,00:09:06.940,00:09:02.65,00:09:03.38,32559,32602,pick up container,pick-up,0,container,21,['container'],[21],official_train,PICKS UP,/kaggle/input/datasets/ldthanh/epic-kitchens-100-p1/P22/videos/P22_10.MP4
P22_10_255,P22,P22_10,00:09:07.940,00:09:03.37,00:09:11.12,32602,33067,rinse container,rinse,2,container,21,['container'],[21],official_train,WASHING,/kaggle/input/datasets/ldthanh/epic-kitchens-100-p1/P22/videos/P22_10.MP4
P22_10_256,P22,P22_10,00:09:15.300,00:09:11.22,00:09:12.22,33073,33133,put down down container,put-down,1,container,21,['container'],[21],official_train,PUT DOWN,/kaggle/input/datasets/ldthanh/epic-kitchens-100-p1/P22/videos/P22_10.MP4
P22_10_257,P22,P22_10,00:09:16.300,00:09:12.12,00:09:12.87,33127,33172,grab potato peeler,grab,0,peeler:potato,87,['peeler:potato'],[87],official_train,PICKS UP,/kaggle/input/datasets/ldthanh/epic-kitchens-100-p1/P22/videos/P22_10.MP4
P22_10_258,P22,P22_10,00:09:17.300,00:09:16.17,00:09:17.42,33370,33445,grab down potato peeler,grab-down,0,peeler:potato,87,['peeler:potato'],[87],official_train,PICKS UP,/kaggle/input/datasets/ldthanh/epic-kitchens-100-p1/P22/videos/P22_10.MP4
P22_10_259,P22,P22_10,00:09:20.510,00:09:16.55,00:09:18.50,33393,33510,put down down potato peeler,put-down,1,peeler:potato,87,['peeler:potato'],[87],official_train,PUT DOWN,/kaggle/input/datasets/ldthanh/epic-kitchens-100-p1/P22/videos/P22_10.MP4
P22_10_262,P22,P22_10,00:09:25.820,00:09:20.81,00:09:22.54,33648,33752,grab glass,grab,0,glass,10,['glass'],[10],official_train,PICKS UP,/kaggle/input/datasets/ldthanh/epic-kitchens-100-p1/P22/videos/P22_10.MP4
P22_10_263,P22,P22_10,00:09:27.760,00:09:22.64,00:09:23.77,33758,33826,grab sponge,grab,0,sponge,9,['sponge'],[9],official_train,PICKS UP,/kaggle/input/datasets/ldthanh/epic-kitchens-100-p1/P22/videos/P22_10.MP4
P22_10_264,P22,P22_10,00:09:29.090,00:09:23.94,00:09:26.08,33836,33964,lather glass,lather,2,glass,10,['glass'],[10],official_train,WASHING,/kaggle/input/datasets/ldthanh/epic-kitchens-100-p1/P22/videos/P22_10.MP4
P22_10_266,P22,P22_10,00:09:31.740,00:09:26.72,00:09:34.18,34003,34450,rinse glass,rinse,2,glass,10,['glass'],[10],official_train,WASHING,/kaggle/input/datasets/ldthanh/epic-kitchens-100-p1/P22/videos/P22_10.MP4
P22_10_267,P22,P22_10,00:09:38.380,00:09:34.19,00:09:35.60,34451,34536,put down down glass,put-down,1,glass,10,['glass'],[10],official_train,PUT DOWN,/kaggle/input/datasets/ldthanh/epic-kitchens-100-p1/P22/videos/P22_10.MP4
P22_10_268,P22,P22_10,00:09:39.800,00:09:35.95,00:09:38.20,34557,34692,rinse hands,rinse,2,hand,11,['hand'],[11],official_train,WASHING,/kaggle/input/datasets/ldthanh/epic-kitchens-100-p1/P22/videos/P22_10.MP4
P22_10_269,P22,P22_10,00:09:40.800,00:09:37.90,00:09:39.26,34674,34755,grab sponge,grab,0,sponge,9,['sponge'],[9],official_train,PICKS UP,/kaggle/input/datasets/ldthanh/epic-kitchens-100-p1/P22/videos/P22_10.MP4
P22_10_27,P22,P22_10,00:00:59.520,00:00:56.77,00:00:58.57,3406,3514,put down down support,put-down,1,support,24,['support'],[24],official_train,PUT DOWN,/kaggle/input/datasets/ldthanh/epic-kitchens-100-p1/P22/videos/P22_10.MP4
P22_10_270,P22,P22_10,00:09:43.630,00:09:39.36,00:09:41.33,34761,34879,rinse sponge,rinse,2,sponge,9,['sponge'],[9],official_train,WASHING,/kaggle/input/datasets/ldthanh/epic-kitchens-100-p1/P22/videos/P22_10.MP4
P22_10_271,P22,P22_10,00:09:44.630,00:09:41.10,00:09:42.63,34866,34957,rinse hands,rinse,2,hand,11,['hand'],[11],official_train,WASHING,/kaggle/input/datasets/ldthanh/epic-kitchens-100-p1/P22/videos/P22_10.MP4
P22_10_275,P22,P22_10,00:09:53.250,00:09:48.92,00:09:50.35,35335,35421,put down rag,put-down,1,rag,17,['rag'],[17],official_train,PUT DOWN,/kaggle/input/datasets/ldthanh/epic-kitchens-100-p1/P22/videos/P22_10.MP4
P22_10_276,P22,P22_10,00:09:58.280,00:09:52.67,00:09:54.56,35560,35673,open bottle,open,3,bottle,15,['bottle'],[15],official_train,OPENS,/kaggle/input/datasets/ldthanh/epic-kitchens-100-p1/P22/videos/P22_10.MP4
P22_10_277,P22,P22_10,00:09:59.280,00:09:53.43,00:09:55.20,35605,35712,take salad bowl,take,0,bowl:salad,7,['bowl:salad'],[7],official_train,PICKS UP,/kaggle/input/datasets/ldthanh/epic-kitchens-100-p1/P22/videos/P22_10.MP4
P22_10_278,P22,P22_10,00:10:00.280,00:09:55.30,00:09:56.93,35718,35815,put down salad bowl,put-down,1,bowl:salad,7,['bowl:salad'],[7],official_train,PUT DOWN,/kaggle/input/datasets/ldthanh/epic-kitchens-100-p1/P22/videos/P22_10.MP4
P22_10_279,P22,P22_10,00:10:01.280,00:09:56.44,00:09:57.42,35786,35845,put down glass,put-down,1,glass,10,['glass'],[10],official_train,PUT DOWN,/kaggle/input/datasets/ldthanh/epic-kitchens-100-p1/P22/videos/P22_10.MP4
P22_10_28,P22,P22_10,00:01:02.440,00:00:58.43,00:01:06.75,3505,4005,put down down support,put-down,1,support,24,['support'],[24],official_train,PUT DOWN,/kaggle/input/datasets/ldthanh/epic-kitchens-100-p1/P22/videos/P22_10.MP4
P22_10_280,P22,P22_10,00:10:02.280,00:09:57.57,00:09:58.46,35854,35907,put down bottle opener,put-down,1,opener:bottle,174,['opener:bottle'],[174],official_train,PUT DOWN,/kaggle/input/datasets/ldthanh/epic-kitchens-100-p1/P22/videos/P22_10.MP4
P22_10_281,P22,P22_10,00:10:03.280,00:09:58.06,00:09:58.56,35883,35913,put down cap,put-down,1,cap,118,['cap'],[118],official_train,PUT DOWN,/kaggle/input/datasets/ldthanh/epic-kitchens-100-p1/P22/videos/P22_10.MP4
P22_10_282,P22,P22_10,00:10:06.700,00:10:02.48,00:10:03.71,36148,36222,take glass,take,0,glass,10,['glass'],[10],official_train,PICKS UP,/kaggle/input/datasets/ldthanh/epic-kitchens-100-p1/P22/videos/P22_10.MP4
P22_10_283,P22,P22_10,00:10:08.960,00:10:04.31,00:10:06.01,36258,36360,take tea towel,take,0,towel:tea,52,['towel:tea'],[52],official_train,PICKS UP,/kaggle/input/datasets/ldthanh/epic-kitchens-100-p1/P22/videos/P22_10.MP4
P22_10_284,P22,P22_10,00:10:10.430,00:10:06.06,00:10:07.14,36363,36428,take tea towel,take,0,towel:tea,52,['towel:tea'],[52],official_train,PICKS UP,/kaggle/input/datasets/ldthanh/epic-kitchens-100-p1/P22/videos/P22_10.MP4
P22_10_285,P22,P22_10,00:10:11.570,00:10:07.25,00:10:09.12,36435,36547,take tea towels,take,0,towel:tea,52,['towel:tea'],[52],official_train,PICKS UP,/kaggle/input/datasets/ldthanh/epic-kitchens-100-p1/P22/videos/P22_10.MP4
P22_10_286,P22,P22_10,00:10:17.460,00:10:07.41,00:10:15.21,36444,36912,take tea towel,take,0,towel:tea,52,['towel:tea'],[52],official_train,PICKS UP,/kaggle/input/datasets/ldthanh/epic-kitchens-100-p1/P22/videos/P22_10.MP4
P22_10_287,P22,P22_10,00:10:12.670,00:10:09.22,00:10:10.32,36553,36619,put down tea towels,put-down,1,towel:tea,52,['towel:tea'],[52],official_train,PUT DOWN,/kaggle/input/datasets/ldthanh/epic-kitchens-100-p1/P22/videos/P22_10.MP4
P22_10_288,P22,P22_10,00:10:14.690,00:10:10.30,00:10:11.93,36618,36715,put down glass,put-down,1,glass,10,['glass'],[10],official_train,PUT DOWN,/kaggle/input/datasets/ldthanh/epic-kitchens-100-p1/P22/videos/P22_10.MP4
P22_10_289,P22,P22_10,00:10:16.120,00:10:12.03,00:10:12.62,36721,36757,put down bottle,put-down,1,bottle,15,['bottle'],[15],official_train,PUT DOWN,/kaggle/input/datasets/ldthanh/epic-kitchens-100-p1/P22/videos/P22_10.MP4
P22_10_29,P22,P22_10,00:01:06.930,00:01:01.97,00:01:02.67,3718,3760,grab egg,grab,0,egg,53,['egg'],[53],official_train,PICKS UP,/kaggle/input/datasets/ldthanh/epic-kitchens-100-p1/P22/videos/P22_10.MP4
P22_10_292,P22,P22_10,00:10:23.910,00:10:21.19,00:10:21.91,37271,37314,open drawer,open,3,drawer,8,['drawer'],[8],official_train,OPENS,/kaggle/input/datasets/ldthanh/epic-kitchens-100-p1/P22/videos/P22_10.MP4
P22_10_293,P22,P22_10,00:10:26.029,00:10:22.02,00:10:22.79,37321,37367,put down tea towels,put-down,1,towel:tea,52,['towel:tea'],[52],official_train,PUT DOWN,/kaggle/input/datasets/ldthanh/epic-kitchens-100-p1/P22/videos/P22_10.MP4
P22_10_295,P22,P22_10,00:10:28.029,00:10:23.62,00:10:24.80,37417,37488,take tea towel,take,0,towel:tea,52,['towel:tea'],[52],official_train,PICKS UP,/kaggle/input/datasets/ldthanh/epic-kitchens-100-p1/P22/videos/P22_10.MP4
P22_10_299,P22,P22_10,00:10:33.010,00:10:28.59,00:10:29.98,37715,37798,put down tea towel,put-down,1,towel:tea,52,['towel:tea'],[52],official_train,PUT DOWN,/kaggle/input/datasets/ldthanh/epic-kitchens-100-p1/P22/videos/P22_10.MP4
P22_10_30,P22,P22_10,00:01:07.930,00:01:02.77,00:01:03.72,3766,3823,put down down egg,put-down,1,egg,53,['egg'],[53],official_train,PUT DOWN,/kaggle/input/datasets/ldthanh/epic-kitchens-100-p1/P22/videos/P22_10.MP4
P22_10_300,P22,P22_10,00:10:36.680,00:10:31.04,00:10:32.80,37862,37968,take glasses,take,0,glass,10,['glass'],[10],official_train,PICKS UP,/kaggle/input/datasets/ldthanh/epic-kitchens-100-p1/P22/videos/P22_10.MP4
P22_10_301,P22,P22_10,00:10:37.740,00:10:33.03,00:10:34.28,37981,38056,put down glass,put-down,1,glass,10,['glass'],[10],official_train,PUT DOWN,/kaggle/input/datasets/ldthanh/epic-kitchens-100-p1/P22/videos/P22_10.MP4
P22_10_302,P22,P22_10,00:10:39.190,00:10:33.80,00:10:36.13,38028,38167,rinse glass,rinse,2,glass,10,['glass'],[10],official_train,WASHING,/kaggle/input/datasets/ldthanh/epic-kitchens-100-p1/P22/videos/P22_10.MP4
P22_10_305,P22,P22_10,00:10:43.440,00:10:39.68,00:10:40.68,38380,38440,put down washing up liquid,put-down,1,liquid:washing:up,22,['liquid:washing:up'],[22],official_train,PUT DOWN,/kaggle/input/datasets/ldthanh/epic-kitchens-100-p1/P22/videos/P22_10.MP4
P22_10_307,P22,P22_10,00:10:47.170,00:10:41.63,00:10:48.63,38497,38917,wash glass,wash,2,glass,10,['glass'],[10],official_train,WASHING,/kaggle/input/datasets/ldthanh/epic-kitchens-100-p1/P22/videos/P22_10.MP4
P22_10_308,P22,P22_10,00:10:53.230,00:10:43.41,00:10:54.43,38604,39265,lather glass,lather,2,glass,10,['glass'],[10],official_train,WASHING,/kaggle/input/datasets/ldthanh/epic-kitchens-100-p1/P22/videos/P22_10.MP4
P22_10_309,P22,P22_10,00:10:52.230,00:10:46.35,00:10:48.85,38781,38931,put down glass,put-down,1,glass,10,['glass'],[10],official_train,PUT DOWN,/kaggle/input/datasets/ldthanh/epic-kitchens-100-p1/P22/videos/P22_10.MP4
P22_10_31,P22,P22_10,00:01:08.930,00:01:03.39,00:01:04.48,3803,3868,grab egg,grab,0,egg,53,['egg'],[53],official_train,PICKS UP,/kaggle/input/datasets/ldthanh/epic-kitchens-100-p1/P22/videos/P22_10.MP4
P22_10_310,P22,P22_10,00:10:58.430,00:10:48.50,00:10:49.24,38910,38954,put down glass,put-down,1,glass,10,['glass'],[10],official_train,PUT DOWN,/kaggle/input/datasets/ldthanh/epic-kitchens-100-p1/P22/videos/P22_10.MP4
P22_10_311,P22,P22_10,00:11:00.970,00:10:56.35,00:10:57.35,39381,39441,pick up salad bowl,pick-up,0,bowl:salad,7,['bowl:salad'],[7],official_train,PICKS UP,/kaggle/input/datasets/ldthanh/epic-kitchens-100-p1/P22/videos/P22_10.MP4
P22_10_313,P22,P22_10,00:11:03.500,00:10:58.80,00:11:00.05,39528,39603,put down salad bowl,put-down,1,bowl:salad,7,['bowl:salad'],[7],official_train,PUT DOWN,/kaggle/input/datasets/ldthanh/epic-kitchens-100-p1/P22/videos/P22_10.MP4
P22_10_316,P22,P22_10,00:11:07.300,00:11:04.44,00:11:06.96,39866,40017,lather utensil,lather,2,utensil,154,['utensil'],[154],official_train,WASHING,/kaggle/input/datasets/ldthanh/epic-kitchens-100-p1/P22/videos/P22_10.MP4
P22_10_319,P22,P22_10,00:11:08.650,00:11:08.63,00:11:10.26,40117,40215,lather utensil,lather,2,utensil,154,['utensil'],[154],official_train,WASHING,/kaggle/input/datasets/ldthanh/epic-kitchens-100-p1/P22/videos/P22_10.MP4
P22_10_32,P22,P22_10,00:01:09.930,00:01:04.52,00:01:05.54,3871,3932,put down down egg,put-down,1,egg,53,['egg'],[53],official_train,PUT DOWN,/kaggle/input/datasets/ldthanh/epic-kitchens-100-p1/P22/videos/P22_10.MP4
P22_10_320,P22,P22_10,00:11:13.600,00:11:08.67,00:11:15.76,40120,40545,lather salad bowl,lather,2,bowl:salad,7,['bowl:salad'],[7],official_train,WASHING,/kaggle/input/datasets/ldthanh/epic-kitchens-100-p1/P22/videos/P22_10.MP4
P22_10_321,P22,P22_10,00:11:20.410,00:11:16.00,00:11:17.50,40560,40650,put down salad bowl,put-down,1,bowl:salad,7,['bowl:salad'],[7],official_train,PUT DOWN,/kaggle/input/datasets/ldthanh/epic-kitchens-100-p1/P22/videos/P22_10.MP4
P22_10_323,P22,P22_10,00:11:22.560,00:11:17.95,00:11:19.70,40677,40782,rinse hands,rinse,2,hand,11,['hand'],[11],official_train,WASHING,/kaggle/input/datasets/ldthanh/epic-kitchens-100-p1/P22/videos/P22_10.MP4
P22_10_324,P22,P22_10,00:11:27.279,00:11:22.61,00:11:29.72,40956,41383,rinse glass,rinse,2,glass,10,['glass'],[10],official_train,WASHING,/kaggle/input/datasets/ldthanh/epic-kitchens-100-p1/P22/videos/P22_10.MP4
P22_10_325,P22,P22_10,00:11:36.590,00:11:31.15,00:11:35.65,41469,41739,put down glass,put-down,1,glass,10,['glass'],[10],official_train,PUT DOWN,/kaggle/input/datasets/ldthanh/epic-kitchens-100-p1/P22/videos/P22_10.MP4
P22_10_327,P22,P22_10,00:11:41.400,00:11:36.30,00:11:37.41,41778,41844,put glass,put,1,glass,10,['glass'],[10],official_train,PUT DOWN,/kaggle/input/datasets/ldthanh/epic-kitchens-100-p1/P22/videos/P22_10.MP4
P22_10_328,P22,P22_10,00:11:42.690,00:11:38.45,00:11:39.10,41907,41946,pick up glass,pick-up,0,glass,10,['glass'],[10],official_train,PICKS UP,/kaggle/input/datasets/ldthanh/epic-kitchens-100-p1/P22/videos/P22_10.MP4
P22_10_329,P22,P22_10,00:11:43.710,00:11:39.35,00:11:44.83,41961,42289,wash glass,wash,2,glass,10,['glass'],[10],official_train,WASHING,/kaggle/input/datasets/ldthanh/epic-kitchens-100-p1/P22/videos/P22_10.MP4
P22_10_33,P22,P22_10,00:01:10.930,00:01:05.56,00:01:06.63,3933,3997,put down down support,put-down,1,support,24,['support'],[24],official_train,PUT DOWN,/kaggle/input/datasets/ldthanh/epic-kitchens-100-p1/P22/videos/P22_10.MP4
P22_10_330,P22,P22_10,00:11:48.570,00:11:44.93,00:11:45.89,42295,42353,put glass,put,1,glass,10,['glass'],[10],official_train,PUT DOWN,/kaggle/input/datasets/ldthanh/epic-kitchens-100-p1/P22/videos/P22_10.MP4
P22_10_332,P22,P22_10,00:11:52.420,00:11:47.89,00:11:49.25,42473,42555,wash salad bowl,wash,2,bowl:salad,7,['bowl:salad'],[7],official_train,WASHING,/kaggle/input/datasets/ldthanh/epic-kitchens-100-p1/P22/videos/P22_10.MP4
P22_10_333,P22,P22_10,00:11:54.029,00:11:48.96,00:11:53.84,42537,42830,wash piece of cutlery,wash,2,piece:cutlery,58,['piece:cutlery'],[58],official_train,WASHING,/kaggle/input/datasets/ldthanh/epic-kitchens-100-p1/P22/videos/P22_10.MP4
P22_10_334,P22,P22_10,00:11:57.630,00:11:52.15,00:11:55.27,42729,42916,put piece of cutlery,put,1,piece:cutlery,58,['piece:cutlery'],[58],official_train,PUT DOWN,/kaggle/input/datasets/ldthanh/epic-kitchens-100-p1/P22/videos/P22_10.MP4
P22_10_335,P22,P22_10,00:11:59.730,00:11:55.33,00:11:56.36,42919,42981,pick up piece of cutlery,pick-up,0,piece:cutlery,58,['piece:cutlery'],[58],official_train,PICKS UP,/kaggle/input/datasets/ldthanh/epic-kitchens-100-p1/P22/videos/P22_10.MP4
P22_10_336,P22,P22_10,00:12:00.730,00:11:56.33,00:11:59.76,42979,43185,wash piece of cutlery,wash,2,piece:cutlery,58,['piece:cutlery'],[58],official_train,WASHING,/kaggle/input/datasets/ldthanh/epic-kitchens-100-p1/P22/videos/P22_10.MP4
P22_10_337,P22,P22_10,00:12:03.320,00:11:59.56,00:12:01.36,43173,43281,put piece of cutlery,put,1,piece:cutlery,58,['piece:cutlery'],[58],official_train,PUT DOWN,/kaggle/input/datasets/ldthanh/epic-kitchens-100-p1/P22/videos/P22_10.MP4
P22_10_339,P22,P22_10,00:12:05.029,00:12:00.71,00:12:01.71,43242,43302,pick up salad bowl,pick-up,0,bowl:salad,7,['bowl:salad'],[7],official_train,PICKS UP,/kaggle/input/datasets/ldthanh/epic-kitchens-100-p1/P22/videos/P22_10.MP4
P22_10_340,P22,P22_10,00:12:07.029,00:12:02.10,00:12:06.28,43326,43576,wash salad bowl,wash,2,bowl:salad,7,['bowl:salad'],[7],official_train,WASHING,/kaggle/input/datasets/ldthanh/epic-kitchens-100-p1/P22/videos/P22_10.MP4
P22_10_341,P22,P22_10,00:12:10.850,00:12:06.76,00:12:14.82,43605,44089,wash salad bowl,wash,2,bowl:salad,7,['bowl:salad'],[7],official_train,WASHING,/kaggle/input/datasets/ldthanh/epic-kitchens-100-p1/P22/videos/P22_10.MP4
P22_10_342,P22,P22_10,00:12:18.870,00:12:14.76,00:12:16.68,44085,44200,put salad bowl,put,1,bowl:salad,7,['bowl:salad'],[7],official_train,PUT DOWN,/kaggle/input/datasets/ldthanh/epic-kitchens-100-p1/P22/videos/P22_10.MP4
P22_10_343,P22,P22_10,00:12:22.470,00:12:18.12,00:12:19.04,44287,44342,pick up bottle,pick-up,0,bottle,15,['bottle'],[15],official_train,PICKS UP,/kaggle/input/datasets/ldthanh/epic-kitchens-100-p1/P22/videos/P22_10.MP4
P22_10_35,P22,P22_10,00:01:14.119,00:01:08.32,00:01:09.52,4099,4171,grab support,grab,0,support,24,['support'],[24],official_train,PICKS UP,/kaggle/input/datasets/ldthanh/epic-kitchens-100-p1/P22/videos/P22_10.MP4
P22_10_351,P22,P22_10,00:12:41.970,00:12:35.13,00:12:39.94,45307,45596,put down bottle,put-down,1,bottle,15,['bottle'],[15],official_train,PUT DOWN,/kaggle/input/datasets/ldthanh/epic-kitchens-100-p1/P22/videos/P22_10.MP4
P22_10_353,P22,P22_10,00:12:48.460,00:12:42.07,00:12:44.07,45724,45844,rinse hands,rinse,2,hand,11,['hand'],[11],official_train,WASHING,/kaggle/input/datasets/ldthanh/epic-kitchens-100-p1/P22/videos/P22_10.MP4
P22_10_356,P22,P22_10,00:12:54.589,00:12:49.89,00:12:51.42,46193,46285,put down cloth,put-down,1,cloth,17,['cloth'],[17],official_train,PUT DOWN,/kaggle/input/datasets/ldthanh/epic-kitchens-100-p1/P22/videos/P22_10.MP4
P22_10_357,P22,P22_10,00:12:57.910,00:12:52.92,00:12:54.40,46375,46464,pick up paper,pick-up,0,paper,49,['paper'],[49],official_train,PICKS UP,/kaggle/input/datasets/ldthanh/epic-kitchens-100-p1/P22/videos/P22_10.MP4
P22_10_359,P22,P22_10,00:13:07.860,00:13:03.68,00:13:04.31,47020,47058,open cabinet,open,3,cabinet,3,['cabinet'],[3],official_train,OPENS,/kaggle/input/datasets/ldthanh/epic-kitchens-100-p1/P22/videos/P22_10.MP4
P22_10_36,P22,P22_10,00:01:16.409,00:01:09.57,00:01:10.73,4174,4243,grab support,grab,0,support,24,['support'],[24],official_train,PICKS UP,/kaggle/input/datasets/ldthanh/epic-kitchens-100-p1/P22/videos/P22_10.MP4
P22_10_360,P22,P22_10,00:13:09.380,00:13:04.92,00:13:07.25,47095,47235,put down plastic wrap,put-down,1,wrap:plastic,100,['wrap:plastic'],[100],official_train,PUT DOWN,/kaggle/input/datasets/ldthanh/epic-kitchens-100-p1/P22/videos/P22_10.MP4
P22_10_363,P22,P22_10,00:13:16.050,00:13:10.71,00:13:11.92,47442,47515,pick up bottle,pick-up,0,bottle,15,['bottle'],[15],official_train,PICKS UP,/kaggle/input/datasets/ldthanh/epic-kitchens-100-p1/P22/videos/P22_10.MP4
P22_10_364,P22,P22_10,00:13:17.580,00:13:12.06,00:13:13.93,47523,47635,open bottle,open,3,bottle,15,['bottle'],[15],official_train,OPENS,/kaggle/input/datasets/ldthanh/epic-kitchens-100-p1/P22/videos/P22_10.MP4
P22_10_368,P22,P22_10,00:13:27.620,00:13:23.39,00:13:24.85,48203,48291,pick up top,pick-up,0,top,42,['top'],[42],official_train,PICKS UP,/kaggle/input/datasets/ldthanh/epic-kitchens-100-p1/P22/videos/P22_10.MP4
P22_10_37,P22,P22_10,00:01:17.670,00:01:13.46,00:01:14.48,4407,4468,put down down support,put-down,1,support,24,['support'],[24],official_train,PUT DOWN,/kaggle/input/datasets/ldthanh/epic-kitchens-100-p1/P22/videos/P22_10.MP4
P22_10_370,P22,P22_10,00:13:32.930,00:13:27.55,00:13:28.93,48453,48535,open bottle,open,3,bottle,15,['bottle'],[15],official_train,OPENS,/kaggle/input/datasets/ldthanh/epic-kitchens-100-p1/P22/videos/P22_10.MP4
P22_10_371,P22,P22_10,00:13:33.930,00:13:28.83,00:13:29.49,48529,48569,open drawer,open,3,drawer,8,['drawer'],[8],official_train,OPENS,/kaggle/input/datasets/ldthanh/epic-kitchens-100-p1/P22/videos/P22_10.MP4
P22_10_373,P22,P22_10,00:13:34.930,00:13:29.67,00:13:30.31,48580,48618,put down bottle,put-down,1,bottle,15,['bottle'],[15],official_train,PUT DOWN,/kaggle/input/datasets/ldthanh/epic-kitchens-100-p1/P22/videos/P22_10.MP4
P22_10_374,P22,P22_10,00:13:37.180,00:13:31.26,00:13:32.67,48675,48760,pick up cloth,pick-up,0,cloth,17,['cloth'],[17],official_train,PICKS UP,/kaggle/input/datasets/ldthanh/epic-kitchens-100-p1/P22/videos/P22_10.MP4
P22_10_375,P22,P22_10,00:13:38.440,00:13:33.31,00:13:35.53,48798,48931,rinse cloth,rinse,2,cloth,17,['cloth'],[17],official_train,WASHING,/kaggle/input/datasets/ldthanh/epic-kitchens-100-p1/P22/videos/P22_10.MP4
P22_10_378,P22,P22_10,00:13:41.440,00:13:38.44,00:13:39.45,49106,49167,open cabinet,open,3,cabinet,3,['cabinet'],[3],official_train,OPENS,/kaggle/input/datasets/ldthanh/epic-kitchens-100-p1/P22/videos/P22_10.MP4
P22_10_379,P22,P22_10,00:13:43.970,00:13:39.33,00:13:40.64,49159,49238,pick up detergent,pick-up,0,detergent,22,['detergent'],[22],official_train,PICKS UP,/kaggle/input/datasets/ldthanh/epic-kitchens-100-p1/P22/videos/P22_10.MP4
P22_10_38,P22,P22_10,00:01:18.829,00:01:14.00,00:01:15.92,4440,4555,put down down support,put-down,1,support,24,['support'],[24],official_train,PUT DOWN,/kaggle/input/datasets/ldthanh/epic-kitchens-100-p1/P22/videos/P22_10.MP4
P22_10_381,P22,P22_10,00:13:48.420,00:13:43.35,00:13:44.27,49401,49456,put down detergent,put-down,1,detergent,22,['detergent'],[22],official_train,PUT DOWN,/kaggle/input/datasets/ldthanh/epic-kitchens-100-p1/P22/videos/P22_10.MP4
P22_10_382,P22,P22_10,00:13:49.850,00:13:45.40,00:13:49.07,49524,49744,clean stove top,clean,2,top:stove,24,['top:stove'],[24],official_train,WASHING,/kaggle/input/datasets/ldthanh/epic-kitchens-100-p1/P22/videos/P22_10.MP4
P22_10_383,P22,P22_10,00:13:54.660,00:13:46.06,00:13:51.30,49563,49878,put down spoon rest,put-down,1,rest:spoon,109,['rest:spoon'],[109],official_train,PUT DOWN,/kaggle/input/datasets/ldthanh/epic-kitchens-100-p1/P22/videos/P22_10.MP4
P22_10_384,P22,P22_10,00:14:02.940,00:13:51.39,00:13:55.95,49883,50157,clean stove top,clean,2,top:stove,24,['top:stove'],[24],official_train,WASHING,/kaggle/input/datasets/ldthanh/epic-kitchens-100-p1/P22/videos/P22_10.MP4
P22_10_385,P22,P22_10,00:14:05.790,00:13:56.19,00:13:59.12,50171,50347,clean stove top,clean,2,top:stove,24,['top:stove'],[24],official_train,WASHING,/kaggle/input/datasets/ldthanh/epic-kitchens-100-p1/P22/videos/P22_10.MP4
P22_10_387,P22,P22_10,00:14:11.320,00:14:01.83,00:14:04.36,50509,50661,put down coffee maker,put-down,1,maker:coffee,50,['maker:coffee'],[50],official_train,PUT DOWN,/kaggle/input/datasets/ldthanh/epic-kitchens-100-p1/P22/videos/P22_10.MP4
P22_10_388,P22,P22_10,00:14:13.570,00:14:04.12,00:14:05.77,50647,50746,clean stove top,clean,2,top:stove,24,['top:stove'],[24],official_train,WASHING,/kaggle/input/datasets/ldthanh/epic-kitchens-100-p1/P22/videos/P22_10.MP4
P22_10_389,P22,P22_10,00:14:15.690,00:14:05.46,00:14:14.18,50727,51250,clean coffee maker,clean,2,maker:coffee,50,['maker:coffee'],[50],official_train,WASHING,/kaggle/input/datasets/ldthanh/epic-kitchens-100-p1/P22/videos/P22_10.MP4
P22_10_39,P22,P22_10,00:01:20.090,00:01:14.76,00:01:16.01,4485,4560,put down down support,put-down,1,support,24,['support'],[24],official_train,PUT DOWN,/kaggle/input/datasets/ldthanh/epic-kitchens-100-p1/P22/videos/P22_10.MP4
P22_10_390,P22,P22_10,00:14:17.380,00:14:08.43,00:14:14.22,50905,51253,clean stove top,clean,2,top:stove,24,['top:stove'],[24],official_train,WASHING,/kaggle/input/datasets/ldthanh/epic-kitchens-100-p1/P22/videos/P22_10.MP4
P22_10_391,P22,P22_10,00:14:19.610,00:14:14.43,00:14:15.28,51265,51316,pick up detergent,pick-up,0,detergent,22,['detergent'],[22],official_train,PICKS UP,/kaggle/input/datasets/ldthanh/epic-kitchens-100-p1/P22/videos/P22_10.MP4
P22_10_392,P22,P22_10,00:14:24.480,00:14:20.26,00:14:21.01,51615,51660,open cabinet,open,3,cabinet,3,['cabinet'],[3],official_train,OPENS,/kaggle/input/datasets/ldthanh/epic-kitchens-100-p1/P22/videos/P22_10.MP4
P22_10_393,P22,P22_10,00:14:25.480,00:14:21.11,00:14:22.61,51666,51756,put away detergent,put,1,detergent,22,['detergent'],[22],official_train,PUT DOWN,/kaggle/input/datasets/ldthanh/epic-kitchens-100-p1/P22/videos/P22_10.MP4
P22_10_395,P22,P22_10,00:14:31.660,00:14:23.49,00:14:26.32,51809,51979,rinse cloth,rinse,2,cloth,17,['cloth'],[17],official_train,WASHING,/kaggle/input/datasets/ldthanh/epic-kitchens-100-p1/P22/videos/P22_10.MP4
P22_10_396,P22,P22_10,00:14:32.660,00:14:26.23,00:14:29.32,51973,52159,clean sink,clean,2,sink,63,['sink'],[63],official_train,WASHING,/kaggle/input/datasets/ldthanh/epic-kitchens-100-p1/P22/videos/P22_10.MP4
P22_10_4,P22,P22_10,00:00:11.360,00:00:07.78,00:00:09.28,466,556,put down down mezzaluna,put-down,1,mezzaluna,4,['mezzaluna'],[4],official_train,PUT DOWN,/kaggle/input/datasets/ldthanh/epic-kitchens-100-p1/P22/videos/P22_10.MP4
P22_10_401,P22,P22_10,00:14:40.589,00:14:35.03,00:14:40.69,52501,52841,clean sponge,clean,2,sponge,9,['sponge'],[9],official_train,WASHING,/kaggle/input/datasets/ldthanh/epic-kitchens-100-p1/P22/videos/P22_10.MP4
P22_10_402,P22,P22_10,00:14:45.720,00:14:40.44,00:14:44.59,52826,53075,rinse sponge,rinse,2,sponge,9,['sponge'],[9],official_train,WASHING,/kaggle/input/datasets/ldthanh/epic-kitchens-100-p1/P22/videos/P22_10.MP4
P22_10_403,P22,P22_10,00:14:48.680,00:14:44.32,00:14:46.31,53059,53178,put down sponge,put-down,1,sponge,9,['sponge'],[9],official_train,PUT DOWN,/kaggle/input/datasets/ldthanh/epic-kitchens-100-p1/P22/videos/P22_10.MP4
P22_10_404,P22,P22_10,00:14:51.649,00:14:47.06,00:14:48.37,53223,53302,rinse hands,rinse,2,hand,11,['hand'],[11],official_train,WASHING,/kaggle/input/datasets/ldthanh/epic-kitchens-100-p1/P22/videos/P22_10.MP4
P22_10_405,P22,P22_10,00:14:52.649,00:14:48.49,00:14:49.02,53309,53341,rinse sponge,rinse,2,sponge,9,['sponge'],[9],official_train,WASHING,/kaggle/input/datasets/ldthanh/epic-kitchens-100-p1/P22/videos/P22_10.MP4
P22_10_406,P22,P22_10,00:14:53.649,00:14:49.34,00:14:50.75,53360,53445,put down piece of sponge,put-down,1,piece:sponge,9,['piece:sponge'],[9],official_train,PUT DOWN,/kaggle/input/datasets/ldthanh/epic-kitchens-100-p1/P22/videos/P22_10.MP4
P22_10_407,P22,P22_10,00:14:55.640,00:14:51.18,00:14:52.18,53470,53530,rinse hands,rinse,2,hand,11,['hand'],[11],official_train,WASHING,/kaggle/input/datasets/ldthanh/epic-kitchens-100-p1/P22/videos/P22_10.MP4
P22_10_41,P22,P22_10,00:01:30.249,00:01:26.33,00:01:27.26,5179,5235,pick up paper,pick-up,0,paper,49,['paper'],[49],official_train,PICKS UP,/kaggle/input/datasets/ldthanh/epic-kitchens-100-p1/P22/videos/P22_10.MP4
P22_10_412,P22,P22_10,00:15:29.050,00:15:24.61,00:15:25.34,55476,55520,open trash can,open,3,can:trash,36,['can:trash'],[36],official_train,OPENS,/kaggle/input/datasets/ldthanh/epic-kitchens-100-p1/P22/videos/P22_10.MP4
P22_10_414,P22,P22_10,00:15:31.490,00:15:26.12,00:15:27.11,55567,55626,clean hands,clean,2,hand,11,['hand'],[11],official_train,WASHING,/kaggle/input/datasets/ldthanh/epic-kitchens-100-p1/P22/videos/P22_10.MP4
P22_10_416,P22,P22_10,00:15:34.250,00:15:29.73,00:15:31.79,55783,55907,rinse hands,rinse,2,hand,11,['hand'],[11],official_train,WASHING,/kaggle/input/datasets/ldthanh/epic-kitchens-100-p1/P22/videos/P22_10.MP4
P22_10_417,P22,P22_10,00:15:35.410,00:15:30.89,00:15:31.73,55853,55903,pick up cloth,pick-up,0,cloth,17,['cloth'],[17],official_train,PICKS UP,/kaggle/input/datasets/ldthanh/epic-kitchens-100-p1/P22/videos/P22_10.MP4
P22_10_418,P22,P22_10,00:15:36.410,00:15:31.97,00:15:33.51,55918,56010,rinse cloth,rinse,2,cloth,17,['cloth'],[17],official_train,WASHING,/kaggle/input/datasets/ldthanh/epic-kitchens-100-p1/P22/videos/P22_10.MP4
P22_10_419,P22,P22_10,00:15:38.620,00:15:33.65,00:15:37.92,56019,56275,clean sink,clean,2,sink,63,['sink'],[63],official_train,WASHING,/kaggle/input/datasets/ldthanh/epic-kitchens-100-p1/P22/videos/P22_10.MP4
P22_10_42,P22,P22_10,00:01:31.249,00:01:27.05,00:01:27.63,5223,5257,put down paper,put-down,1,paper,49,['paper'],[49],official_train,PUT DOWN,/kaggle/input/datasets/ldthanh/epic-kitchens-100-p1/P22/videos/P22_10.MP4
P22_10_421,P22,P22_10,00:15:44.250,00:15:39.74,00:15:42.78,56384,56566,put down cloth,put-down,1,cloth,17,['cloth'],[17],official_train,PUT DOWN,/kaggle/input/datasets/ldthanh/epic-kitchens-100-p1/P22/videos/P22_10.MP4
P22_10_423,P22,P22_10,00:15:50.020,00:15:45.22,00:15:48.50,56713,56910,rinse hands,rinse,2,hand,11,['hand'],[11],official_train,WASHING,/kaggle/input/datasets/ldthanh/epic-kitchens-100-p1/P22/videos/P22_10.MP4
P22_10_426,P22,P22_10,00:15:55.870,00:15:51.86,00:15:52.86,57111,57171,pick up cloth,pick-up,0,cloth,17,['cloth'],[17],official_train,PICKS UP,/kaggle/input/datasets/ldthanh/epic-kitchens-100-p1/P22/videos/P22_10.MP4
P22_10_428,P22,P22_10,00:16:03.300,00:15:58.74,00:15:59.65,57524,57579,put down cloth,put-down,1,cloth,17,['cloth'],[17],official_train,PUT DOWN,/kaggle/input/datasets/ldthanh/epic-kitchens-100-p1/P22/videos/P22_10.MP4
P22_10_43,P22,P22_10,00:01:32.439,00:01:27.90,00:01:28.65,5274,5319,pick up paper,pick-up,0,paper,49,['paper'],[49],official_train,PICKS UP,/kaggle/input/datasets/ldthanh/epic-kitchens-100-p1/P22/videos/P22_10.MP4
P22_10_46,P22,P22_10,00:01:37.450,00:01:32.53,00:01:34.05,5551,5643,rinse hands,rinse,2,hand,11,['hand'],[11],official_train,WASHING,/kaggle/input/datasets/ldthanh/epic-kitchens-100-p1/P22/videos/P22_10.MP4
P22_10_47,P22,P22_10,00:01:39.439,00:01:34.15,00:01:35.63,5649,5737,rinse jar,rinse,2,jar,40,['jar'],[40],official_train,WASHING,/kaggle/input/datasets/ldthanh/epic-kitchens-100-p1/P22/videos/P22_10.MP4
P22_10_5,P22,P22_10,00:00:14.959,00:00:09.80,00:00:10.67,588,640,grab lid,grab,0,lid,6,['lid'],[6],official_train,PICKS UP,/kaggle/input/datasets/ldthanh/epic-kitchens-100-p1/P22/videos/P22_10.MP4
P22_10_50,P22,P22_10,00:01:46.450,00:01:41.60,00:01:42.85,6096,6171,put down jar,put-down,1,jar,40,['jar'],[40],official_train,PUT DOWN,/kaggle/input/datasets/ldthanh/epic-kitchens-100-p1/P22/videos/P22_10.MP4
P22_10_52,P22,P22_10,00:01:48.549,00:01:43.54,00:01:44.54,6212,6272,pick up colander,pick-up,0,colander,39,['colander'],[39],official_train,PICKS UP,/kaggle/input/datasets/ldthanh/epic-kitchens-100-p1/P22/videos/P22_10.MP4
P22_10_53,P22,P22_10,00:01:49.990,00:01:44.51,00:01:46.32,6270,6379,put down colander,put-down,1,colander,39,['colander'],[39],official_train,PUT DOWN,/kaggle/input/datasets/ldthanh/epic-kitchens-100-p1/P22/videos/P22_10.MP4
P22_10_54,P22,P22_10,00:01:50.990,00:01:46.24,00:01:47.01,6374,6420,pick up glass,pick-up,0,glass,10,['glass'],[10],official_train,PICKS UP,/kaggle/input/datasets/ldthanh/epic-kitchens-100-p1/P22/videos/P22_10.MP4
P22_10_56,P22,P22_10,00:01:52.990,00:01:48.18,00:01:49.93,6490,6595,put down glass,put-down,1,glass,10,['glass'],[10],official_train,PUT DOWN,/kaggle/input/datasets/ldthanh/epic-kitchens-100-p1/P22/videos/P22_10.MP4
P22_10_57,P22,P22_10,00:01:54.429,00:01:49.65,00:01:50.25,6579,6615,pick up sponge,pick-up,0,sponge,9,['sponge'],[9],official_train,PICKS UP,/kaggle/input/datasets/ldthanh/epic-kitchens-100-p1/P22/videos/P22_10.MP4
P22_10_6,P22,P22_10,00:00:15.959,00:00:10.77,00:00:11.87,646,712,put down down lid,put-down,1,lid,6,['lid'],[6],official_train,PUT DOWN,/kaggle/input/datasets/ldthanh/epic-kitchens-100-p1/P22/videos/P22_10.MP4
P22_10_60,P22,P22_10,00:01:58.119,00:01:54.06,00:01:55.24,6843,6914,put soap,put,1,soap,22,['soap'],[22],official_train,PUT DOWN,/kaggle/input/datasets/ldthanh/epic-kitchens-100-p1/P22/videos/P22_10.MP4
P22_10_61,P22,P22_10,00:01:59.539,00:01:55.21,00:01:55.86,6912,6951,put down soap,put-down,1,soap,22,['soap'],[22],official_train,PUT DOWN,/kaggle/input/datasets/ldthanh/epic-kitchens-100-p1/P22/videos/P22_10.MP4
P22_10_63,P22,P22_10,00:02:01.779,00:01:56.57,00:01:57.75,6994,7065,rinse sponge,rinse,2,sponge,9,['sponge'],[9],official_train,WASHING,/kaggle/input/datasets/ldthanh/epic-kitchens-100-p1/P22/videos/P22_10.MP4
P22_10_66,P22,P22_10,00:02:10.140,00:02:05.89,00:02:06.95,7553,7617,put down glass,put-down,1,glass,10,['glass'],[10],official_train,PUT DOWN,/kaggle/input/datasets/ldthanh/epic-kitchens-100-p1/P22/videos/P22_10.MP4
P22_10_68,P22,P22_10,00:02:13.299,00:02:07.94,00:02:13.30,7676,7998,lather glass,lather,2,glass,10,['glass'],[10],official_train,WASHING,/kaggle/input/datasets/ldthanh/epic-kitchens-100-p1/P22/videos/P22_10.MP4
P22_10_69,P22,P22_10,00:02:17.930,00:02:13.34,00:02:14.83,8000,8089,put down glass,put-down,1,glass,10,['glass'],[10],official_train,PUT DOWN,/kaggle/input/datasets/ldthanh/epic-kitchens-100-p1/P22/videos/P22_10.MP4
P22_10_7,P22,P22_10,00:00:16.959,00:00:12.13,00:00:12.95,727,777,grab knife,grab,0,knife,4,['knife'],[4],official_train,PICKS UP,/kaggle/input/datasets/ldthanh/epic-kitchens-100-p1/P22/videos/P22_10.MP4
P22_10_70,P22,P22_10,00:02:22.170,00:02:17.42,00:02:22.16,8245,8529,rinse steel wool,rinse,2,wool:steel,9,['wool:steel'],[9],official_train,WASHING,/kaggle/input/datasets/ldthanh/epic-kitchens-100-p1/P22/videos/P22_10.MP4
P22_10_71,P22,P22_10,00:02:26.739,00:02:20.27,00:02:23.13,8416,8587,put down steel wool,put-down,1,wool:steel,9,['wool:steel'],[9],official_train,PUT DOWN,/kaggle/input/datasets/ldthanh/epic-kitchens-100-p1/P22/videos/P22_10.MP4
P22_10_72,P22,P22_10,00:02:27.790,00:02:23.23,00:02:23.99,8593,8639,rinse hands,rinse,2,hand,11,['hand'],[11],official_train,WASHING,/kaggle/input/datasets/ldthanh/epic-kitchens-100-p1/P22/videos/P22_10.MP4
P22_10_73,P22,P22_10,00:02:30.040,00:02:24.08,00:02:25.59,8644,8735,pick up waste,pick-up,0,waste,54,['waste'],[54],official_train,PICKS UP,/kaggle/input/datasets/ldthanh/epic-kitchens-100-p1/P22/videos/P22_10.MP4
P22_10_74,P22,P22_10,00:02:31.069,00:02:26.58,00:02:27.89,8794,8873,rinse waste,rinse,2,waste,54,['waste'],[54],official_train,WASHING,/kaggle/input/datasets/ldthanh/epic-kitchens-100-p1/P22/videos/P22_10.MP4
P22_10_79,P22,P22_10,00:02:37.680,00:02:32.72,00:02:34.26,9163,9255,rinse hand,rinse,2,hand,11,['hand'],[11],official_train,WASHING,/kaggle/input/datasets/ldthanh/epic-kitchens-100-p1/P22/videos/P22_10.MP4
P22_10_8,P22,P22_10,00:00:18.060,00:00:13.39,00:00:14.25,803,855,grab cutting board,grab,0,board:cutting,18,['board:cutting'],[18],official_train,PICKS UP,/kaggle/input/datasets/ldthanh/epic-kitchens-100-p1/P22/videos/P22_10.MP4
P22_10_82,P22,P22_10,00:02:43.140,00:02:38.48,00:02:39.19,9508,9551,open cabinet,open,3,cabinet,3,['cabinet'],[3],official_train,OPENS,/kaggle/input/datasets/ldthanh/epic-kitchens-100-p1/P22/videos/P22_10.MP4
P22_10_83,P22,P22_10,00:02:44.629,00:02:40.02,00:02:41.07,9601,9664,pick up saucer,pick-up,0,saucer,2,['saucer'],[2],official_train,PICKS UP,/kaggle/input/datasets/ldthanh/epic-kitchens-100-p1/P22/videos/P22_10.MP4
P22_10_86,P22,P22_10,00:02:48.939,00:02:44.21,00:02:45.85,9852,9951,put down saucer,put-down,1,saucer,2,['saucer'],[2],official_train,PUT DOWN,/kaggle/input/datasets/ldthanh/epic-kitchens-100-p1/P22/videos/P22_10.MP4
P22_10_88,P22,P22_10,00:02:52.090,00:02:47.40,00:02:48.00,10044,10080,pick up coffee cup,pick-up,0,cup:coffee,13,['cup:coffee'],[13],official_train,PICKS UP,/kaggle/input/datasets/ldthanh/epic-kitchens-100-p1/P22/videos/P22_10.MP4
P22_10_89,P22,P22_10,00:02:54.299,00:02:51.19,00:02:51.99,10271,10319,pick up bowl,pick-up,0,bowl,7,['bowl'],[7],official_train,PICKS UP,/kaggle/input/datasets/ldthanh/epic-kitchens-100-p1/P22/videos/P22_10.MP4
P22_10_9,P22,P22_10,00:00:22.090,00:00:17.56,00:00:19.00,1053,1140,open basket,open,3,basket,168,['basket'],[168],official_train,OPENS,/kaggle/input/datasets/ldthanh/epic-kitchens-100-p1/P22/videos/P22_10.MP4
P22_10_90,P22,P22_10,00:02:55.620,00:02:52.47,00:02:53.14,10348,10388,put down bowl,put-down,1,bowl,7,['bowl'],[7],official_train,PUT DOWN,/kaggle/input/datasets/ldthanh/epic-kitchens-100-p1/P22/videos/P22_10.MP4
P22_10_91,P22,P22_10,00:02:58.209,00:02:55.71,00:02:56.30,10542,10578,pick up coffee maker,pick-up,0,maker:coffee,50,['maker:coffee'],[50],official_train,PICKS UP,/kaggle/input/datasets/ldthanh/epic-kitchens-100-p1/P22/videos/P22_10.MP4
P22_10_92,P22,P22_10,00:03:00.090,00:02:56.33,00:02:57.32,10579,10639,pick up coffee maker,pick-up,0,maker:coffee,50,['maker:coffee'],[50],official_train,PICKS UP,/kaggle/input/datasets/ldthanh/epic-kitchens-100-p1/P22/videos/P22_10.MP4
P22_10_95,P22,P22_10,00:03:06.290,00:03:01.58,00:03:03.11,10894,10986,put down down moka pot,put-down,1,pot:moka,50,['pot:moka'],[50],official_train,PUT DOWN,/kaggle/input/datasets/ldthanh/epic-kitchens-100-p1/P22/videos/P22_10.MP4
P22_10_96,P22,P22_10,00:03:11.620,00:03:07.60,00:03:09.22,11256,11353,grab cup,grab,0,cup,13,['cup'],[13],official_train,PICKS UP,/kaggle/input/datasets/ldthanh/epic-kitchens-100-p1/P22/videos/P22_10.MP4
P22_10_97,P22,P22_10,00:03:14.650,00:03:09.89,00:03:11.38,11393,11482,put down down cup,put-down,1,cup,13,['cup'],[13],official_train,PUT DOWN,/kaggle/input/datasets/ldthanh/epic-kitchens-100-p1/P22/videos/P22_10.MP4
P22_10_98,P22,P22_10,00:03:20.329,00:03:14.21,00:03:16.38,11652,11782,open drawer,open,3,drawer,8,['drawer'],[8],official_train,OPENS,/kaggle/input/datasets/ldthanh/epic-kitchens-100-p1/P22/videos/P22_10.MP4
P22_10_99,P22,P22_10,00:03:21.329,00:03:16.44,00:03:17.38,11786,11842,put down down teaspoon,put-down,1,teaspoon,1,['teaspoon'],[1],official_train,PUT DOWN,/kaggle/input/datasets/ldthanh/epic-kitchens-100-p1/P22/videos/P22_10.MP4
P22_11_0,P22,P22_11,00:00:01.900,00:00:01.73,00:00:02.75,103,165,open cabinet,open,3,cabinet,3,['cabinet'],[3],official_train,OPENS,/kaggle/input/datasets/ldthanh/epic-kitchens-100-p1/P22/videos/P22_11.MP4
P22_11_1,P22,P22_11,00:00:04.630,00:00:03.55,00:00:05.40,213,324,place glass,place,1,glass,10,['glass'],[10],official_train,PUT DOWN,/kaggle/input/datasets/ldthanh/epic-kitchens-100-p1/P22/videos/P22_11.MP4
P22_11_10,P22,P22_11,00:00:25.960,00:00:25.22,00:00:26.47,1513,1588,pick up container,pick-up,0,container,21,['container'],[21],official_train,PICKS UP,/kaggle/input/datasets/ldthanh/epic-kitchens-100-p1/P22/videos/P22_11.MP4
P22_11_101,P22,P22_11,00:03:41.199,00:03:40.29,00:03:42.00,13217,13320,open lid,open,3,lid,6,['lid'],[6],official_train,OPENS,/kaggle/input/datasets/ldthanh/epic-kitchens-100-p1/P22/videos/P22_11.MP4
P22_11_102,P22,P22_11,00:03:43.519,00:03:42.98,00:03:44.09,13378,13445,open drawer,open,3,drawer,8,['drawer'],[8],official_train,OPENS,/kaggle/input/datasets/ldthanh/epic-kitchens-100-p1/P22/videos/P22_11.MP4
P22_11_103,P22,P22_11,00:03:44.519,00:03:44.56,00:03:46.16,13473,13569,grab teaspoon,grab,0,teaspoon,1,['teaspoon'],[1],official_train,PICKS UP,/kaggle/input/datasets/ldthanh/epic-kitchens-100-p1/P22/videos/P22_11.MP4
P22_11_105,P22,P22_11,00:03:47.359,00:03:47.64,00:03:49.08,13658,13744,put down lid,put-down,1,lid,6,['lid'],[6],official_train,PUT DOWN,/kaggle/input/datasets/ldthanh/epic-kitchens-100-p1/P22/videos/P22_11.MP4
P22_11_107,P22,P22_11,00:03:56.150,00:03:55.89,00:03:57.26,14153,14235,put down teaspoon,put-down,1,teaspoon,1,['teaspoon'],[1],official_train,PUT DOWN,/kaggle/input/datasets/ldthanh/epic-kitchens-100-p1/P22/videos/P22_11.MP4
P22_11_108,P22,P22_11,00:03:57.969,00:03:56.18,00:03:56.86,14170,14211,grab lid,grab,0,lid,6,['lid'],[6],official_train,PICKS UP,/kaggle/input/datasets/ldthanh/epic-kitchens-100-p1/P22/videos/P22_11.MP4
P22_11_113,P22,P22_11,00:04:04.969,00:04:04.61,00:04:05.99,14676,14759,put down coffee grinder,put-down,1,grinder:coffee,50,['grinder:coffee'],[50],official_train,PUT DOWN,/kaggle/input/datasets/ldthanh/epic-kitchens-100-p1/P22/videos/P22_11.MP4
P22_11_116,P22,P22_11,00:04:12.809,00:04:11.84,00:04:12.84,15110,15170,pick up filter,pick-up,0,filter,77,['filter'],[77],official_train,PICKS UP,/kaggle/input/datasets/ldthanh/epic-kitchens-100-p1/P22/videos/P22_11.MP4
P22_11_119,P22,P22_11,00:04:19.329,00:04:18.23,00:04:20.10,15493,15606,pick up measure,pick-up,0,measure,1,['measure'],[1],official_train,PICKS UP,/kaggle/input/datasets/ldthanh/epic-kitchens-100-p1/P22/videos/P22_11.MP4
P22_11_12,P22,P22_11,00:00:29.220,00:00:28.74,00:00:30.74,1724,1844,place container,place,1,container,21,['container'],[21],official_train,PUT DOWN,/kaggle/input/datasets/ldthanh/epic-kitchens-100-p1/P22/videos/P22_11.MP4
P22_11_122,P22,P22_11,00:04:23.199,00:04:22.29,00:04:23.12,15737,15787,open cabinet,open,3,cabinet,3,['cabinet'],[3],official_train,OPENS,/kaggle/input/datasets/ldthanh/epic-kitchens-100-p1/P22/videos/P22_11.MP4
P22_11_123,P22,P22_11,00:04:24.199,00:04:23.64,00:04:24.78,15818,15886,place jar,place,1,jar,40,['jar'],[40],official_train,PUT DOWN,/kaggle/input/datasets/ldthanh/epic-kitchens-100-p1/P22/videos/P22_11.MP4
P22_11_124,P22,P22_11,00:04:25.229,00:04:24.63,00:04:25.35,15877,15921,pick up jar,pick-up,0,jar,40,['jar'],[40],official_train,PICKS UP,/kaggle/input/datasets/ldthanh/epic-kitchens-100-p1/P22/videos/P22_11.MP4
P22_11_126,P22,P22_11,00:04:27.979,00:04:26.87,00:04:28.31,16012,16098,pick up teaspoon,pick-up,0,teaspoon,1,['teaspoon'],[1],official_train,PICKS UP,/kaggle/input/datasets/ldthanh/epic-kitchens-100-p1/P22/videos/P22_11.MP4
P22_11_127,P22,P22_11,00:04:28.979,00:04:27.91,00:04:29.34,16074,16160,pick up jar,pick-up,0,jar,40,['jar'],[40],official_train,PICKS UP,/kaggle/input/datasets/ldthanh/epic-kitchens-100-p1/P22/videos/P22_11.MP4
P22_11_128,P22,P22_11,00:04:29.979,00:04:29.96,00:04:30.71,16197,16242,place jar,place,1,jar,40,['jar'],[40],official_train,PUT DOWN,/kaggle/input/datasets/ldthanh/epic-kitchens-100-p1/P22/videos/P22_11.MP4
P22_11_129,P22,P22_11,00:04:31.150,00:04:31.56,00:04:32.56,16293,16353,place jar,place,1,jar,40,['jar'],[40],official_train,PUT DOWN,/kaggle/input/datasets/ldthanh/epic-kitchens-100-p1/P22/videos/P22_11.MP4
P22_11_130,P22,P22_11,00:04:32.610,00:04:31.61,00:04:33.02,16296,16381,place teaspoon,place,1,teaspoon,1,['teaspoon'],[1],official_train,PUT DOWN,/kaggle/input/datasets/ldthanh/epic-kitchens-100-p1/P22/videos/P22_11.MP4
P22_11_131,P22,P22_11,00:04:36.500,00:04:35.20,00:04:37.08,16512,16624,pick up carafe,pick-up,0,carafe,66,['carafe'],[66],official_train,PICKS UP,/kaggle/input/datasets/ldthanh/epic-kitchens-100-p1/P22/videos/P22_11.MP4
P22_11_132,P22,P22_11,00:04:37.500,00:04:36.68,00:04:37.97,16600,16678,open carafe,open,3,carafe,66,['carafe'],[66],official_train,OPENS,/kaggle/input/datasets/ldthanh/epic-kitchens-100-p1/P22/videos/P22_11.MP4
P22_11_133,P22,P22_11,00:04:39.479,00:04:38.95,00:04:40.43,16737,16825,pick up water,pick-up,0,water,27,['water'],[27],official_train,PICKS UP,/kaggle/input/datasets/ldthanh/epic-kitchens-100-p1/P22/videos/P22_11.MP4
P22_11_137,P22,P22_11,00:04:52.030,00:04:51.85,00:04:52.91,17511,17574,put down water,put-down,1,water,27,['water'],[27],official_train,PUT DOWN,/kaggle/input/datasets/ldthanh/epic-kitchens-100-p1/P22/videos/P22_11.MP4
P22_11_145,P22,P22_11,00:05:17.860,00:05:17.04,00:05:18.62,19022,19117,rinse sponge,rinse,2,sponge,9,['sponge'],[9],official_train,WASHING,/kaggle/input/datasets/ldthanh/epic-kitchens-100-p1/P22/videos/P22_11.MP4
P22_11_147,P22,P22_11,00:05:20.620,00:05:20.30,00:05:21.53,19218,19291,rinse sponge,rinse,2,sponge,9,['sponge'],[9],official_train,WASHING,/kaggle/input/datasets/ldthanh/epic-kitchens-100-p1/P22/videos/P22_11.MP4
P22_11_149,P22,P22_11,00:05:22.669,00:05:22.14,00:05:22.96,19328,19377,pick up glass,pick-up,0,glass,10,['glass'],[10],official_train,PICKS UP,/kaggle/input/datasets/ldthanh/epic-kitchens-100-p1/P22/videos/P22_11.MP4
P22_11_15,P22,P22_11,00:00:39.520,00:00:34.47,00:00:36.29,2068,2177,place glass,place,1,glass,10,['glass'],[10],official_train,PUT DOWN,/kaggle/input/datasets/ldthanh/epic-kitchens-100-p1/P22/videos/P22_11.MP4
P22_11_150,P22,P22_11,00:05:23.830,00:05:23.06,00:05:25.16,19383,19509,lather glass,lather,2,glass,10,['glass'],[10],official_train,WASHING,/kaggle/input/datasets/ldthanh/epic-kitchens-100-p1/P22/videos/P22_11.MP4
P22_11_151,P22,P22_11,00:05:25.159,00:05:25.26,00:05:25.80,19515,19548,put down glass,put-down,1,glass,10,['glass'],[10],official_train,PUT DOWN,/kaggle/input/datasets/ldthanh/epic-kitchens-100-p1/P22/videos/P22_11.MP4
P22_11_152,P22,P22_11,00:05:26.240,00:05:25.90,00:05:26.71,19554,19602,open lid,open,3,lid,6,['lid'],[6],official_train,OPENS,/kaggle/input/datasets/ldthanh/epic-kitchens-100-p1/P22/videos/P22_11.MP4
P22_11_153,P22,P22_11,00:05:28.520,00:05:27.52,00:05:30.30,19651,19818,rinse jar,rinse,2,jar,40,['jar'],[40],official_train,WASHING,/kaggle/input/datasets/ldthanh/epic-kitchens-100-p1/P22/videos/P22_11.MP4
P22_11_156,P22,P22_11,00:05:32.379,00:05:31.63,00:05:33.01,19897,19980,rinse jar,rinse,2,jar,40,['jar'],[40],official_train,WASHING,/kaggle/input/datasets/ldthanh/epic-kitchens-100-p1/P22/videos/P22_11.MP4
P22_11_158,P22,P22_11,00:05:35.210,00:05:34.38,00:05:35.79,20062,20147,rinse lid,rinse,2,lid,6,['lid'],[6],official_train,WASHING,/kaggle/input/datasets/ldthanh/epic-kitchens-100-p1/P22/videos/P22_11.MP4
P22_11_16,P22,P22_11,00:00:37.160,00:00:36.45,00:00:38.18,2187,2290,pick up glass,pick-up,0,glass,10,['glass'],[10],official_train,PICKS UP,/kaggle/input/datasets/ldthanh/epic-kitchens-100-p1/P22/videos/P22_11.MP4
P22_11_160,P22,P22_11,00:05:37.490,00:05:36.74,00:05:40.38,20204,20422,lather lid,lather,2,lid,6,['lid'],[6],official_train,WASHING,/kaggle/input/datasets/ldthanh/epic-kitchens-100-p1/P22/videos/P22_11.MP4
P22_11_161,P22,P22_11,00:05:40.659,00:05:40.57,00:05:41.38,20434,20482,put down lid,put-down,1,lid,6,['lid'],[6],official_train,PUT DOWN,/kaggle/input/datasets/ldthanh/epic-kitchens-100-p1/P22/videos/P22_11.MP4
P22_11_162,P22,P22_11,00:05:41.990,00:05:41.32,00:05:42.34,20479,20540,rinse jar,rinse,2,jar,40,['jar'],[40],official_train,WASHING,/kaggle/input/datasets/ldthanh/epic-kitchens-100-p1/P22/videos/P22_11.MP4
P22_11_163,P22,P22_11,00:05:43.349,00:05:42.44,00:05:51.86,20546,21111,lather jar,lather,2,jar,40,['jar'],[40],official_train,WASHING,/kaggle/input/datasets/ldthanh/epic-kitchens-100-p1/P22/videos/P22_11.MP4
P22_11_164,P22,P22_11,00:05:51.810,00:05:51.96,00:05:52.57,21117,21154,put down jar,put-down,1,jar,40,['jar'],[40],official_train,PUT DOWN,/kaggle/input/datasets/ldthanh/epic-kitchens-100-p1/P22/videos/P22_11.MP4
P22_11_165,P22,P22_11,00:05:53.080,00:05:52.55,00:05:53.52,21153,21211,pick up teaspoon,pick-up,0,teaspoon,1,['teaspoon'],[1],official_train,PICKS UP,/kaggle/input/datasets/ldthanh/epic-kitchens-100-p1/P22/videos/P22_11.MP4
P22_11_166,P22,P22_11,00:05:54.319,00:05:52.81,00:05:55.15,21168,21309,lather teaspoon,lather,2,teaspoon,1,['teaspoon'],[1],official_train,WASHING,/kaggle/input/datasets/ldthanh/epic-kitchens-100-p1/P22/videos/P22_11.MP4
P22_11_168,P22,P22_11,00:05:57.139,00:05:55.82,00:06:00.39,21349,21623,rinse teaspoon,rinse,2,teaspoon,1,['teaspoon'],[1],official_train,WASHING,/kaggle/input/datasets/ldthanh/epic-kitchens-100-p1/P22/videos/P22_11.MP4
P22_11_169,P22,P22_11,00:06:02.180,00:06:01.70,00:06:03.82,21702,21829,put down teaspoon,put-down,1,teaspoon,1,['teaspoon'],[1],official_train,PUT DOWN,/kaggle/input/datasets/ldthanh/epic-kitchens-100-p1/P22/videos/P22_11.MP4
P22_11_17,P22,P22_11,00:00:40.530,00:00:36.62,00:00:37.96,2197,2277,pick up glass,pick-up,0,glass,10,['glass'],[10],official_train,PICKS UP,/kaggle/input/datasets/ldthanh/epic-kitchens-100-p1/P22/videos/P22_11.MP4
P22_11_170,P22,P22_11,00:06:04.430,00:06:03.56,00:06:05.85,21813,21951,rinse glass,rinse,2,glass,10,['glass'],[10],official_train,WASHING,/kaggle/input/datasets/ldthanh/epic-kitchens-100-p1/P22/videos/P22_11.MP4
P22_11_172,P22,P22_11,00:06:10.620,00:06:07.41,00:06:09.07,22044,22144,rinse glass,rinse,2,glass,10,['glass'],[10],official_train,WASHING,/kaggle/input/datasets/ldthanh/epic-kitchens-100-p1/P22/videos/P22_11.MP4
P22_11_174,P22,P22_11,00:06:12.020,00:06:12.69,00:06:13.55,22361,22413,put down glass,put-down,1,glass,10,['glass'],[10],official_train,PUT DOWN,/kaggle/input/datasets/ldthanh/epic-kitchens-100-p1/P22/videos/P22_11.MP4
P22_11_175,P22,P22_11,00:06:13.530,00:06:14.16,00:06:16.26,22449,22575,rinse jar,rinse,2,jar,40,['jar'],[40],official_train,WASHING,/kaggle/input/datasets/ldthanh/epic-kitchens-100-p1/P22/videos/P22_11.MP4
P22_11_18,P22,P22_11,00:00:42.120,00:00:38.30,00:00:40.27,2298,2416,place glass,place,1,glass,10,['glass'],[10],official_train,PUT DOWN,/kaggle/input/datasets/ldthanh/epic-kitchens-100-p1/P22/videos/P22_11.MP4
P22_11_183,P22,P22_11,00:06:29.590,00:06:28.55,00:06:29.56,23313,23373,put can,put,1,can,61,['can'],[61],official_train,PUT DOWN,/kaggle/input/datasets/ldthanh/epic-kitchens-100-p1/P22/videos/P22_11.MP4
P22_11_184,P22,P22_11,00:06:31.530,00:06:29.23,00:06:31.88,23353,23512,pick up lid,pick-up,0,lid,6,['lid'],[6],official_train,PICKS UP,/kaggle/input/datasets/ldthanh/epic-kitchens-100-p1/P22/videos/P22_11.MP4
P22_11_185,P22,P22_11,00:06:32.889,00:06:31.83,00:06:37.74,23509,23864,rinse lid,rinse,2,lid,6,['lid'],[6],official_train,WASHING,/kaggle/input/datasets/ldthanh/epic-kitchens-100-p1/P22/videos/P22_11.MP4
P22_11_186,P22,P22_11,00:06:37.919,00:06:37.75,00:06:39.00,23865,23940,put lid,put,1,lid,6,['lid'],[6],official_train,PUT DOWN,/kaggle/input/datasets/ldthanh/epic-kitchens-100-p1/P22/videos/P22_11.MP4
P22_11_188,P22,P22_11,00:06:40.949,00:06:39.70,00:06:42.31,23982,24138,rinse sponge,rinse,2,sponge,9,['sponge'],[9],official_train,WASHING,/kaggle/input/datasets/ldthanh/epic-kitchens-100-p1/P22/videos/P22_11.MP4
P22_11_189,P22,P22_11,00:06:43.490,00:06:42.30,00:06:44.55,24138,24273,rinse hands,rinse,2,hand,11,['hand'],[11],official_train,WASHING,/kaggle/input/datasets/ldthanh/epic-kitchens-100-p1/P22/videos/P22_11.MP4
P22_11_19,P22,P22_11,00:00:44.360,00:00:44.03,00:00:45.56,2641,2733,pick up cutting board,pick-up,0,board:cutting,18,['board:cutting'],[18],official_train,PICKS UP,/kaggle/input/datasets/ldthanh/epic-kitchens-100-p1/P22/videos/P22_11.MP4
P22_11_193,P22,P22_11,00:06:52.259,00:06:49.93,00:06:52.20,24595,24732,put cloth rag,put,1,rag:cloth,17,['rag:cloth'],[17],official_train,PUT DOWN,/kaggle/input/datasets/ldthanh/epic-kitchens-100-p1/P22/videos/P22_11.MP4
P22_11_194,P22,P22_11,00:06:58.789,00:06:52.59,00:06:59.80,24755,25188,pick up saucer,pick-up,0,saucer,2,['saucer'],[2],official_train,PICKS UP,/kaggle/input/datasets/ldthanh/epic-kitchens-100-p1/P22/videos/P22_11.MP4
P22_11_2,P22,P22_11,00:00:06.490,00:00:05.49,00:00:07.53,329,451,place glass,place,1,glass,10,['glass'],[10],official_train,PUT DOWN,/kaggle/input/datasets/ldthanh/epic-kitchens-100-p1/P22/videos/P22_11.MP4
P22_11_20,P22,P22_11,00:00:47.780,00:00:47.41,00:00:48.66,2844,2919,open drawer,open,3,drawer,8,['drawer'],[8],official_train,OPENS,/kaggle/input/datasets/ldthanh/epic-kitchens-100-p1/P22/videos/P22_11.MP4
P22_11_21,P22,P22_11,00:00:49.440,00:00:48.94,00:00:49.73,2936,2983,put away mincing knife,put,1,knife:mincing,4,['knife:mincing'],[4],official_train,PUT DOWN,/kaggle/input/datasets/ldthanh/epic-kitchens-100-p1/P22/videos/P22_11.MP4
P22_11_22,P22,P22_11,00:00:52.660,00:00:52.12,00:00:54.44,3127,3266,pick up silverware,pick-up,0,silverware,58,['silverware'],[58],official_train,PICKS UP,/kaggle/input/datasets/ldthanh/epic-kitchens-100-p1/P22/videos/P22_11.MP4
P22_11_23,P22,P22_11,00:00:55.660,00:00:55.99,00:00:56.77,3359,3406,open drawer,open,3,drawer,8,['drawer'],[8],official_train,OPENS,/kaggle/input/datasets/ldthanh/epic-kitchens-100-p1/P22/videos/P22_11.MP4
P22_11_24,P22,P22_11,00:00:58.250,00:00:57.41,00:00:59.13,3444,3547,put away utensil,put,1,utensil,154,['utensil'],[154],official_train,PUT DOWN,/kaggle/input/datasets/ldthanh/epic-kitchens-100-p1/P22/videos/P22_11.MP4
P22_11_27,P22,P22_11,00:01:03.820,00:00:59.95,00:01:01.81,3597,3708,put away utensil,put,1,utensil,154,['utensil'],[154],official_train,PUT DOWN,/kaggle/input/datasets/ldthanh/epic-kitchens-100-p1/P22/videos/P22_11.MP4
P22_11_29,P22,P22_11,00:01:08.830,00:01:07.45,00:01:11.20,4047,4272,put away silverware,put,1,silverware,58,['silverware'],[58],official_train,PUT DOWN,/kaggle/input/datasets/ldthanh/epic-kitchens-100-p1/P22/videos/P22_11.MP4
P22_11_3,P22,P22_11,00:00:07.900,00:00:07.63,00:00:08.71,457,522,open cabinet,open,3,cabinet,3,['cabinet'],[3],official_train,OPENS,/kaggle/input/datasets/ldthanh/epic-kitchens-100-p1/P22/videos/P22_11.MP4
P22_11_32,P22,P22_11,00:01:15.650,00:01:15.15,00:01:15.81,4509,4548,put away spoon,put,1,spoon,1,['spoon'],[1],official_train,PUT DOWN,/kaggle/input/datasets/ldthanh/epic-kitchens-100-p1/P22/videos/P22_11.MP4
P22_11_36,P22,P22_11,00:01:21.640,00:01:21.23,00:01:22.38,4873,4942,pick up plate,pick-up,0,plate,2,['plate'],[2],official_train,PICKS UP,/kaggle/input/datasets/ldthanh/epic-kitchens-100-p1/P22/videos/P22_11.MP4
P22_11_37,P22,P22_11,00:01:22.920,00:01:22.66,00:01:25.61,4959,5136,put down plate,put-down,1,plate,2,['plate'],[2],official_train,PUT DOWN,/kaggle/input/datasets/ldthanh/epic-kitchens-100-p1/P22/videos/P22_11.MP4
P22_11_38,P22,P22_11,00:01:25.670,00:01:25.71,00:01:26.90,5142,5214,pick up plate,pick-up,0,plate,2,['plate'],[2],official_train,PICKS UP,/kaggle/input/datasets/ldthanh/epic-kitchens-100-p1/P22/videos/P22_11.MP4
P22_11_39,P22,P22_11,00:01:26.670,00:01:27.00,00:01:28.27,5220,5296,put down plate,put-down,1,plate,2,['plate'],[2],official_train,PUT DOWN,/kaggle/input/datasets/ldthanh/epic-kitchens-100-p1/P22/videos/P22_11.MP4
P22_11_4,P22,P22_11,00:00:09.219,00:00:08.81,00:00:11.08,528,664,pick up salad bowl,pick-up,0,bowl:salad,7,['bowl:salad'],[7],official_train,PICKS UP,/kaggle/input/datasets/ldthanh/epic-kitchens-100-p1/P22/videos/P22_11.MP4
P22_11_40,P22,P22_11,00:01:31.190,00:01:31.01,00:01:32.81,5460,5568,pick up bowl,pick-up,0,bowl,7,['bowl'],[7],official_train,PICKS UP,/kaggle/input/datasets/ldthanh/epic-kitchens-100-p1/P22/videos/P22_11.MP4
P22_11_44,P22,P22_11,00:01:38.630,00:01:37.92,00:01:38.53,5875,5911,pick up cheese grater,pick-up,0,grater:cheese,96,['grater:cheese'],[96],official_train,PICKS UP,/kaggle/input/datasets/ldthanh/epic-kitchens-100-p1/P22/videos/P22_11.MP4
P22_11_45,P22,P22_11,00:01:39.630,00:01:38.71,00:01:39.62,5922,5977,put down cheese grater,put-down,1,grater:cheese,96,['grater:cheese'],[96],official_train,PUT DOWN,/kaggle/input/datasets/ldthanh/epic-kitchens-100-p1/P22/videos/P22_11.MP4
P22_11_51,P22,P22_11,00:01:51.390,00:01:51.02,00:01:52.61,6661,6756,put down bowl,put-down,1,bowl,7,['bowl'],[7],official_train,PUT DOWN,/kaggle/input/datasets/ldthanh/epic-kitchens-100-p1/P22/videos/P22_11.MP4
P22_11_52,P22,P22_11,00:01:53.320,00:01:52.71,00:01:54.11,6762,6846,pick up bowl,pick-up,0,bowl,7,['bowl'],[7],official_train,PICKS UP,/kaggle/input/datasets/ldthanh/epic-kitchens-100-p1/P22/videos/P22_11.MP4
P22_11_53,P22,P22_11,00:01:55.620,00:01:53.99,00:01:56.11,6839,6966,put down bowl,put-down,1,bowl,7,['bowl'],[7],official_train,PUT DOWN,/kaggle/input/datasets/ldthanh/epic-kitchens-100-p1/P22/videos/P22_11.MP4
P22_11_54,P22,P22_11,00:01:58.060,00:01:56.16,00:01:58.00,6969,7080,pick up bowl,pick-up,0,bowl,7,['bowl'],[7],official_train,PICKS UP,/kaggle/input/datasets/ldthanh/epic-kitchens-100-p1/P22/videos/P22_11.MP4
P22_11_55,P22,P22_11,00:01:59.060,00:01:58.08,00:01:59.15,7084,7149,put down bowl,put-down,1,bowl,7,['bowl'],[7],official_train,PUT DOWN,/kaggle/input/datasets/ldthanh/epic-kitchens-100-p1/P22/videos/P22_11.MP4
P22_11_57,P22,P22_11,00:02:03.070,00:02:02.16,00:02:02.88,7329,7372,pick up cutting board,pick-up,0,board:cutting,18,['board:cutting'],[18],official_train,PICKS UP,/kaggle/input/datasets/ldthanh/epic-kitchens-100-p1/P22/videos/P22_11.MP4
P22_11_58,P22,P22_11,00:02:05.159,00:02:03.92,00:02:05.85,7435,7551,open drawer,open,3,drawer,8,['drawer'],[8],official_train,OPENS,/kaggle/input/datasets/ldthanh/epic-kitchens-100-p1/P22/videos/P22_11.MP4
P22_11_59,P22,P22_11,00:02:06.330,00:02:05.86,00:02:07.60,7551,7656,put down cutting board,put-down,1,board:cutting,18,['board:cutting'],[18],official_train,PUT DOWN,/kaggle/input/datasets/ldthanh/epic-kitchens-100-p1/P22/videos/P22_11.MP4
P22_11_6,P22,P22_11,00:00:16.430,00:00:16.13,00:00:19.15,967,1149,place rag,place,1,rag,17,['rag'],[17],official_train,PUT DOWN,/kaggle/input/datasets/ldthanh/epic-kitchens-100-p1/P22/videos/P22_11.MP4
P22_11_61,P22,P22_11,00:02:11.489,00:02:11.18,00:02:11.93,7870,7915,pick up glass,pick-up,0,glass,10,['glass'],[10],official_train,PICKS UP,/kaggle/input/datasets/ldthanh/epic-kitchens-100-p1/P22/videos/P22_11.MP4
P22_11_62,P22,P22_11,00:02:13.609,00:02:13.21,00:02:14.24,7992,8054,put down glass,put-down,1,glass,10,['glass'],[10],official_train,PUT DOWN,/kaggle/input/datasets/ldthanh/epic-kitchens-100-p1/P22/videos/P22_11.MP4
P22_11_63,P22,P22_11,00:02:16.590,00:02:15.97,00:02:16.81,8158,8208,open cabinet,open,3,cabinet,3,['cabinet'],[3],official_train,OPENS,/kaggle/input/datasets/ldthanh/epic-kitchens-100-p1/P22/videos/P22_11.MP4
P22_11_64,P22,P22_11,00:02:18.849,00:02:16.92,00:02:19.27,8215,8356,pick up coffee,pick-up,0,coffee,59,['coffee'],[59],official_train,PICKS UP,/kaggle/input/datasets/ldthanh/epic-kitchens-100-p1/P22/videos/P22_11.MP4
P22_11_65,P22,P22_11,00:02:21.310,00:02:18.57,00:02:21.09,8314,8465,put down coffee,put-down,1,coffee,59,['coffee'],[59],official_train,PUT DOWN,/kaggle/input/datasets/ldthanh/epic-kitchens-100-p1/P22/videos/P22_11.MP4
P22_11_66,P22,P22_11,00:02:20.310,00:02:19.19,00:02:20.47,8351,8428,pick up coffee,pick-up,0,coffee,59,['coffee'],[59],official_train,PICKS UP,/kaggle/input/datasets/ldthanh/epic-kitchens-100-p1/P22/videos/P22_11.MP4
P22_11_68,P22,P22_11,00:02:23.310,00:02:22.55,00:02:23.78,8553,8626,open coffee,open,3,coffee,59,['coffee'],[59],official_train,OPENS,/kaggle/input/datasets/ldthanh/epic-kitchens-100-p1/P22/videos/P22_11.MP4
P22_11_69,P22,P22_11,00:02:25.040,00:02:23.54,00:02:25.05,8612,8703,open coffee grinder,open,3,grinder:coffee,50,['grinder:coffee'],[50],official_train,OPENS,/kaggle/input/datasets/ldthanh/epic-kitchens-100-p1/P22/videos/P22_11.MP4
P22_11_70,P22,P22_11,00:02:28.269,00:02:25.15,00:02:26.56,8709,8793,put down lid,put-down,1,lid,6,['lid'],[6],official_train,PUT DOWN,/kaggle/input/datasets/ldthanh/epic-kitchens-100-p1/P22/videos/P22_11.MP4
P22_11_71,P22,P22_11,00:02:29.269,00:02:26.66,00:02:27.25,8799,8835,pick up coffee,pick-up,0,coffee,59,['coffee'],[59],official_train,PICKS UP,/kaggle/input/datasets/ldthanh/epic-kitchens-100-p1/P22/videos/P22_11.MP4
P22_11_73,P22,P22_11,00:02:36.129,00:02:35.00,00:02:36.22,9300,9373,put down measuring cup,put-down,1,cup:measuring,13,['cup:measuring'],[13],official_train,PUT DOWN,/kaggle/input/datasets/ldthanh/epic-kitchens-100-p1/P22/videos/P22_11.MP4
P22_11_77,P22,P22_11,00:02:47.269,00:02:46.82,00:02:47.99,10009,10079,put down jar,put-down,1,jar,40,['jar'],[40],official_train,PUT DOWN,/kaggle/input/datasets/ldthanh/epic-kitchens-100-p1/P22/videos/P22_11.MP4
P22_11_78,P22,P22_11,00:02:49.180,00:02:48.60,00:02:49.60,10116,10176,pick up jar,pick-up,0,jar,40,['jar'],[40],official_train,PICKS UP,/kaggle/input/datasets/ldthanh/epic-kitchens-100-p1/P22/videos/P22_11.MP4
P22_11_79,P22,P22_11,00:02:50.180,00:02:49.51,00:02:50.24,10170,10214,open jar,open,3,jar,40,['jar'],[40],official_train,OPENS,/kaggle/input/datasets/ldthanh/epic-kitchens-100-p1/P22/videos/P22_11.MP4
P22_11_8,P22,P22_11,00:00:22.250,00:00:21.08,00:00:23.52,1264,1411,place salad bowl,place,1,bowl:salad,7,['bowl:salad'],[7],official_train,PUT DOWN,/kaggle/input/datasets/ldthanh/epic-kitchens-100-p1/P22/videos/P22_11.MP4
P22_11_81,P22,P22_11,00:02:51.180,00:02:50.42,00:02:51.49,10225,10289,pick up measuring cup,pick-up,0,cup:measuring,13,['cup:measuring'],[13],official_train,PICKS UP,/kaggle/input/datasets/ldthanh/epic-kitchens-100-p1/P22/videos/P22_11.MP4
P22_11_82,P22,P22_11,00:02:52.579,00:02:52.13,00:02:54.00,10327,10440,pick up coffee beans,pick-up,0,bean:coffee,59,['bean:coffee'],[59],official_train,PICKS UP,/kaggle/input/datasets/ldthanh/epic-kitchens-100-p1/P22/videos/P22_11.MP4
P22_11_85,P22,P22_11,00:02:56.560,00:02:56.30,00:02:57.92,10578,10675,pick up coffee beans,pick-up,0,bean:coffee,59,['bean:coffee'],[59],official_train,PICKS UP,/kaggle/input/datasets/ldthanh/epic-kitchens-100-p1/P22/videos/P22_11.MP4
P22_11_87,P22,P22_11,00:02:59.760,00:02:59.17,00:02:59.69,10750,10781,pick up coffee beans,pick-up,0,bean:coffee,59,['bean:coffee'],[59],official_train,PICKS UP,/kaggle/input/datasets/ldthanh/epic-kitchens-100-p1/P22/videos/P22_11.MP4
P22_11_9,P22,P22_11,00:00:24.960,00:00:24.37,00:00:25.12,1462,1507,pick up container,pick-up,0,container,21,['container'],[21],official_train,PICKS UP,/kaggle/input/datasets/ldthanh/epic-kitchens-100-p1/P22/videos/P22_11.MP4
P22_11_92,P22,P22_11,00:03:21.459,00:03:22.15,00:03:23.52,12129,12211,put down coffee grinder,put-down,1,grinder:coffee,50,['grinder:coffee'],[50],official_train,PUT DOWN,/kaggle/input/datasets/ldthanh/epic-kitchens-100-p1/P22/videos/P22_11.MP4
P22_11_95,P22,P22_11,00:03:26.389,00:03:25.59,00:03:26.76,12335,12405,open coffee machine,open,3,machine:coffee,50,['machine:coffee'],[50],official_train,OPENS,/kaggle/input/datasets/ldthanh/epic-kitchens-100-p1/P22/videos/P22_11.MP4
P22_11_96,P22,P22_11,00:03:28.389,00:03:26.08,00:03:29.20,12364,12552,put coffee ground,put,1,ground:coffee,59,['ground:coffee'],[59],official_train,PUT DOWN,/kaggle/input/datasets/ldthanh/epic-kitchens-100-p1/P22/videos/P22_11.MP4
P22_11_97,P22,P22_11,00:03:29.389,00:03:30.06,00:03:31.32,12603,12679,put down lid,put-down,1,lid,6,['lid'],[6],official_train,PUT DOWN,/kaggle/input/datasets/ldthanh/epic-kitchens-100-p1/P22/videos/P22_11.MP4
P22_12_0,P22,P22_12,00:00:06.319,00:00:03.54,00:00:04.82,212,289,open fridge,open,3,fridge,12,['fridge'],[12],official_train,OPENS,/kaggle/input/datasets/ldthanh/epic-kitchens-100-p1/P22/videos/P22_12.MP4
P22_12_1,P22,P22_12,00:00:07.569,00:00:05.00,00:00:06.21,300,372,open locker,open,3,locker,3,['locker'],[3],official_train,OPENS,/kaggle/input/datasets/ldthanh/epic-kitchens-100-p1/P22/videos/P22_12.MP4
P22_12_101,P22,P22_12,00:04:29.760,00:04:28.27,00:04:29.02,16096,16141,put slice,put,1,fridge,12,['fridge'],[12],official_train,PUT DOWN,/kaggle/input/datasets/ldthanh/epic-kitchens-100-p1/P22/videos/P22_12.MP4
P22_12_104,P22,P22_12,00:04:35.580,00:04:34.32,00:04:35.32,16459,16519,put slice,put,1,peach,74,['peach'],[74],official_train,PUT DOWN,/kaggle/input/datasets/ldthanh/epic-kitchens-100-p1/P22/videos/P22_12.MP4
P22_12_11,P22,P22_12,00:00:35.879,00:00:34.19,00:00:35.38,2051,2122,put banana,put,1,banana,146,['banana'],[146],official_train,PUT DOWN,/kaggle/input/datasets/ldthanh/epic-kitchens-100-p1/P22/videos/P22_12.MP4
P22_12_110,P22,P22_12,00:04:45.440,00:04:44.00,00:04:44.75,17040,17085,put slice,put,1,banana,146,['banana'],[146],official_train,PUT DOWN,/kaggle/input/datasets/ldthanh/epic-kitchens-100-p1/P22/videos/P22_12.MP4
P22_12_111,P22,P22_12,00:04:49.130,00:04:47.15,00:04:48.17,17229,17290,put slice,put,1,banana,146,['banana'],[146],official_train,PUT DOWN,/kaggle/input/datasets/ldthanh/epic-kitchens-100-p1/P22/videos/P22_12.MP4
P22_12_114,P22,P22_12,00:04:55.370,00:04:50.50,00:04:53.96,17430,17637,put down down slice,put-down,1,peach,74,['peach'],[74],official_train,PUT DOWN,/kaggle/input/datasets/ldthanh/epic-kitchens-100-p1/P22/videos/P22_12.MP4
P22_12_116,P22,P22_12,00:04:59.630,00:04:57.15,00:04:57.69,17829,17861,put down down peach,put-down,1,peach,74,['peach'],[74],official_train,PUT DOWN,/kaggle/input/datasets/ldthanh/epic-kitchens-100-p1/P22/videos/P22_12.MP4
P22_12_117,P22,P22_12,00:05:01.320,00:04:57.69,00:05:00.21,17861,18012,grab rinds,grab,0,rind,48,['rind'],[48],official_train,PICKS UP,/kaggle/input/datasets/ldthanh/epic-kitchens-100-p1/P22/videos/P22_12.MP4
P22_12_118,P22,P22_12,00:05:04.010,00:04:58.45,00:05:02.29,17907,18137,grab rinds,grab,0,rind,48,['rind'],[48],official_train,PICKS UP,/kaggle/input/datasets/ldthanh/epic-kitchens-100-p1/P22/videos/P22_12.MP4
P22_12_119,P22,P22_12,00:05:02.570,00:05:00.13,00:05:00.93,18007,18055,put down down knife,put-down,1,knife,4,['knife'],[4],official_train,PUT DOWN,/kaggle/input/datasets/ldthanh/epic-kitchens-100-p1/P22/videos/P22_12.MP4
P22_12_120,P22,P22_12,00:05:05.160,00:05:03.44,00:05:04.78,18206,18286,clean potato peeler,clean,2,peeler:potato,87,['peeler:potato'],[87],official_train,WASHING,/kaggle/input/datasets/ldthanh/epic-kitchens-100-p1/P22/videos/P22_12.MP4
P22_12_121,P22,P22_12,00:05:06.570,00:05:04.83,00:05:05.75,18289,18345,put down down potato peeler,put-down,1,peeler:potato,87,['peeler:potato'],[87],official_train,PUT DOWN,/kaggle/input/datasets/ldthanh/epic-kitchens-100-p1/P22/videos/P22_12.MP4
P22_12_122,P22,P22_12,00:05:08.720,00:05:06.79,00:05:08.16,18407,18489,open basket,open,3,basket,168,['basket'],[168],official_train,OPENS,/kaggle/input/datasets/ldthanh/epic-kitchens-100-p1/P22/videos/P22_12.MP4
P22_12_126,P22,P22_12,00:05:14.960,00:05:13.01,00:05:15.54,18780,18932,rinse hands,rinse,2,hand,11,['hand'],[11],official_train,WASHING,/kaggle/input/datasets/ldthanh/epic-kitchens-100-p1/P22/videos/P22_12.MP4
P22_12_13,P22,P22_12,00:00:39.600,00:00:37.35,00:00:48.75,2241,2925,rinse peach,rinse,2,peach,74,['peach'],[74],official_train,WASHING,/kaggle/input/datasets/ldthanh/epic-kitchens-100-p1/P22/videos/P22_12.MP4
P22_12_130,P22,P22_12,00:05:21.100,00:05:20.82,00:05:21.75,19249,19305,put down down rug,put-down,1,rug,52,['rug'],[52],official_train,PUT DOWN,/kaggle/input/datasets/ldthanh/epic-kitchens-100-p1/P22/videos/P22_12.MP4
P22_12_131,P22,P22_12,00:05:24.970,00:05:21.70,00:05:22.85,19302,19371,grab potato peeler,grab,0,peeler:potato,87,['peeler:potato'],[87],official_train,PICKS UP,/kaggle/input/datasets/ldthanh/epic-kitchens-100-p1/P22/videos/P22_12.MP4
P22_12_132,P22,P22_12,00:05:25.970,00:05:23.33,00:05:24.67,19399,19480,put down down potato peeler,put-down,1,peeler:potato,87,['peeler:potato'],[87],official_train,PUT DOWN,/kaggle/input/datasets/ldthanh/epic-kitchens-100-p1/P22/videos/P22_12.MP4
P22_12_134,P22,P22_12,00:05:27.970,00:05:25.56,00:05:28.60,19533,19716,rinse plate,rinse,2,plate,2,['plate'],[2],official_train,WASHING,/kaggle/input/datasets/ldthanh/epic-kitchens-100-p1/P22/videos/P22_12.MP4
P22_12_136,P22,P22_12,00:05:33.370,00:05:30.57,00:05:31.82,19834,19909,pick up rag,pick-up,0,rag,17,['rag'],[17],official_train,PICKS UP,/kaggle/input/datasets/ldthanh/epic-kitchens-100-p1/P22/videos/P22_12.MP4
P22_12_138,P22,P22_12,00:05:37.310,00:05:33.59,00:05:36.88,20015,20212,place dish,place,1,dish,2,['dish'],[2],official_train,PUT DOWN,/kaggle/input/datasets/ldthanh/epic-kitchens-100-p1/P22/videos/P22_12.MP4
P22_12_139,P22,P22_12,00:05:39.580,00:05:36.92,00:05:39.18,20215,20350,place rag,place,1,rag,17,['rag'],[17],official_train,PUT DOWN,/kaggle/input/datasets/ldthanh/epic-kitchens-100-p1/P22/videos/P22_12.MP4
P22_12_14,P22,P22_12,00:00:44.350,00:00:43.50,00:00:48.73,2610,2923,rinse peach,rinse,2,peach,74,['peach'],[74],official_train,WASHING,/kaggle/input/datasets/ldthanh/epic-kitchens-100-p1/P22/videos/P22_12.MP4
P22_12_140,P22,P22_12,00:05:41.030,00:05:39.03,00:05:40.00,20341,20400,pick up banana,pick-up,0,banana,146,['banana'],[146],official_train,PICKS UP,/kaggle/input/datasets/ldthanh/epic-kitchens-100-p1/P22/videos/P22_12.MP4
P22_12_146,P22,P22_12,00:06:13.440,00:06:11.59,00:06:14.25,22295,22455,place knife,place,1,knife,4,['knife'],[4],official_train,PUT DOWN,/kaggle/input/datasets/ldthanh/epic-kitchens-100-p1/P22/videos/P22_12.MP4
P22_12_150,P22,P22_12,00:06:21.930,00:06:18.72,00:06:21.14,22723,22868,rinse hands,rinse,2,hand,11,['hand'],[11],official_train,WASHING,/kaggle/input/datasets/ldthanh/epic-kitchens-100-p1/P22/videos/P22_12.MP4
P22_12_154,P22,P22_12,00:06:26.400,00:06:25.45,00:06:27.04,23127,23222,place rag,place,1,rag,17,['rag'],[17],official_train,PUT DOWN,/kaggle/input/datasets/ldthanh/epic-kitchens-100-p1/P22/videos/P22_12.MP4
P22_12_155,P22,P22_12,00:06:30.590,00:06:28.04,00:06:29.54,23282,23372,open cabinet,open,3,cabinet,3,['cabinet'],[3],official_train,OPENS,/kaggle/input/datasets/ldthanh/epic-kitchens-100-p1/P22/videos/P22_12.MP4
P22_12_156,P22,P22_12,00:06:32.170,00:06:29.89,00:06:30.64,23393,23438,pick up bread,pick-up,0,bread,33,['bread'],[33],official_train,PICKS UP,/kaggle/input/datasets/ldthanh/epic-kitchens-100-p1/P22/videos/P22_12.MP4
P22_12_158,P22,P22_12,00:06:34.460,00:06:32.20,00:06:37.20,23532,23832,open bread,open,3,bread,33,['bread'],[33],official_train,OPENS,/kaggle/input/datasets/ldthanh/epic-kitchens-100-p1/P22/videos/P22_12.MP4
P22_12_16,P22,P22_12,00:00:54.280,00:00:52.40,00:00:54.04,3144,3242,rinse peach,rinse,2,peach,74,['peach'],[74],official_train,WASHING,/kaggle/input/datasets/ldthanh/epic-kitchens-100-p1/P22/videos/P22_12.MP4
P22_12_160,P22,P22_12,00:06:41.840,00:06:36.95,00:06:40.72,23817,24043,open bread,open,3,bread,33,['bread'],[33],official_train,OPENS,/kaggle/input/datasets/ldthanh/epic-kitchens-100-p1/P22/videos/P22_12.MP4
P22_12_161,P22,P22_12,00:06:44.480,00:06:40.41,00:06:43.29,24024,24197,pick up slice,pick-up,0,bread,33,['bread'],[33],official_train,PICKS UP,/kaggle/input/datasets/ldthanh/epic-kitchens-100-p1/P22/videos/P22_12.MP4
P22_12_165,P22,P22_12,00:06:50.490,00:06:47.82,00:06:54.92,24469,24895,put clip,put,1,clip,129,['clip'],[129],official_train,PUT DOWN,/kaggle/input/datasets/ldthanh/epic-kitchens-100-p1/P22/videos/P22_12.MP4
P22_12_166,P22,P22_12,00:06:57.169,00:06:55.15,00:06:56.27,24909,24976,open cabinet,open,3,cabinet,3,['cabinet'],[3],official_train,OPENS,/kaggle/input/datasets/ldthanh/epic-kitchens-100-p1/P22/videos/P22_12.MP4
P22_12_167,P22,P22_12,00:06:58.180,00:06:55.77,00:06:59.87,24946,25192,place bread,place,1,bread,33,['bread'],[33],official_train,PUT DOWN,/kaggle/input/datasets/ldthanh/epic-kitchens-100-p1/P22/videos/P22_12.MP4
P22_12_169,P22,P22_12,00:07:07.380,00:07:04.81,00:07:05.76,25488,25545,open cabinet,open,3,cabinet,3,['cabinet'],[3],official_train,OPENS,/kaggle/input/datasets/ldthanh/epic-kitchens-100-p1/P22/videos/P22_12.MP4
P22_12_170,P22,P22_12,00:07:10.330,00:07:06.41,00:07:09.41,25584,25764,pick up plate,pick-up,0,plate,2,['plate'],[2],official_train,PICKS UP,/kaggle/input/datasets/ldthanh/epic-kitchens-100-p1/P22/videos/P22_12.MP4
P22_12_172,P22,P22_12,00:07:14.970,00:07:10.86,00:07:13.86,25851,26031,put plate,put,1,plate,2,['plate'],[2],official_train,PUT DOWN,/kaggle/input/datasets/ldthanh/epic-kitchens-100-p1/P22/videos/P22_12.MP4
P22_12_173,P22,P22_12,00:07:17.960,00:07:15.46,00:07:16.48,26127,26188,open drawer,open,3,drawer,8,['drawer'],[8],official_train,OPENS,/kaggle/input/datasets/ldthanh/epic-kitchens-100-p1/P22/videos/P22_12.MP4
P22_12_174,P22,P22_12,00:07:19.310,00:07:16.56,00:07:17.81,26193,26268,pick up knife,pick-up,0,knife,4,['knife'],[4],official_train,PICKS UP,/kaggle/input/datasets/ldthanh/epic-kitchens-100-p1/P22/videos/P22_12.MP4
P22_12_176,P22,P22_12,00:07:21.600,00:07:19.26,00:07:20.51,26355,26430,put knife,put,1,knife,4,['knife'],[4],official_train,PUT DOWN,/kaggle/input/datasets/ldthanh/epic-kitchens-100-p1/P22/videos/P22_12.MP4
P22_12_177,P22,P22_12,00:07:24.340,00:07:20.61,00:07:23.11,26436,26586,open locker,open,3,locker,3,['locker'],[3],official_train,OPENS,/kaggle/input/datasets/ldthanh/epic-kitchens-100-p1/P22/videos/P22_12.MP4
P22_12_179,P22,P22_12,00:07:28.350,00:07:25.68,00:07:26.63,26740,26797,open locker,open,3,locker,3,['locker'],[3],official_train,OPENS,/kaggle/input/datasets/ldthanh/epic-kitchens-100-p1/P22/videos/P22_12.MP4
P22_12_18,P22,P22_12,00:00:59.129,00:00:56.88,00:00:57.60,3412,3456,put down peaches,put-down,1,peach,74,['peach'],[74],official_train,PUT DOWN,/kaggle/input/datasets/ldthanh/epic-kitchens-100-p1/P22/videos/P22_12.MP4
P22_12_180,P22,P22_12,00:07:30.070,00:07:26.99,00:07:28.20,26819,26892,pick up jar,pick-up,0,jar,40,['jar'],[40],official_train,PICKS UP,/kaggle/input/datasets/ldthanh/epic-kitchens-100-p1/P22/videos/P22_12.MP4
P22_12_181,P22,P22_12,00:07:31.070,00:07:28.18,00:07:29.12,26890,26947,put jar,put,1,jar,40,['jar'],[40],official_train,PUT DOWN,/kaggle/input/datasets/ldthanh/epic-kitchens-100-p1/P22/videos/P22_12.MP4
P22_12_182,P22,P22_12,00:07:32.070,00:07:29.19,00:07:30.35,26951,27021,pick up container,pick-up,0,container,21,['container'],[21],official_train,PICKS UP,/kaggle/input/datasets/ldthanh/epic-kitchens-100-p1/P22/videos/P22_12.MP4
P22_12_183,P22,P22_12,00:07:33.400,00:07:30.44,00:07:31.65,27026,27099,put container,put,1,container,21,['container'],[21],official_train,PUT DOWN,/kaggle/input/datasets/ldthanh/epic-kitchens-100-p1/P22/videos/P22_12.MP4
P22_12_185,P22,P22_12,00:07:37.730,00:07:34.74,00:07:36.75,27284,27405,open drawer,open,3,drawer,8,['drawer'],[8],official_train,OPENS,/kaggle/input/datasets/ldthanh/epic-kitchens-100-p1/P22/videos/P22_12.MP4
P22_12_186,P22,P22_12,00:07:38.910,00:07:36.74,00:07:37.87,27404,27472,pick up mats,pick-up,0,mat,84,['mat'],[84],official_train,PICKS UP,/kaggle/input/datasets/ldthanh/epic-kitchens-100-p1/P22/videos/P22_12.MP4
P22_12_189,P22,P22_12,00:07:44.200,00:07:43.68,00:07:45.31,27820,27918,put down down tablecloths,put-down,1,tablecloth,17,['tablecloth'],[17],official_train,PUT DOWN,/kaggle/input/datasets/ldthanh/epic-kitchens-100-p1/P22/videos/P22_12.MP4
P22_12_190,P22,P22_12,00:07:47.280,00:07:46.23,00:07:47.36,27973,28041,open cupboard,open,3,cupboard,3,['cupboard'],[3],official_train,OPENS,/kaggle/input/datasets/ldthanh/epic-kitchens-100-p1/P22/videos/P22_12.MP4
P22_12_191,P22,P22_12,00:07:49.720,00:07:47.29,00:07:48.63,28037,28117,grab detergent,grab,0,detergent,22,['detergent'],[22],official_train,PICKS UP,/kaggle/input/datasets/ldthanh/epic-kitchens-100-p1/P22/videos/P22_12.MP4
P22_12_192,P22,P22_12,00:07:51.389,00:07:49.64,00:07:50.82,28178,28249,grab cloth,grab,0,cloth,17,['cloth'],[17],official_train,PICKS UP,/kaggle/input/datasets/ldthanh/epic-kitchens-100-p1/P22/videos/P22_12.MP4
P22_12_194,P22,P22_12,00:07:55.410,00:07:55.09,00:07:55.88,28505,28552,clean table,clean,2,table,42,['table'],[42],official_train,WASHING,/kaggle/input/datasets/ldthanh/epic-kitchens-100-p1/P22/videos/P22_12.MP4
P22_12_197,P22,P22_12,00:08:00.940,00:07:58.52,00:08:01.64,28711,28898,clean table,clean,2,table,42,['table'],[42],official_train,WASHING,/kaggle/input/datasets/ldthanh/epic-kitchens-100-p1/P22/videos/P22_12.MP4
P22_12_198,P22,P22_12,00:08:03.680,00:08:01.69,00:08:02.49,28901,28949,put down down detergent,put-down,1,detergent,22,['detergent'],[22],official_train,PUT DOWN,/kaggle/input/datasets/ldthanh/epic-kitchens-100-p1/P22/videos/P22_12.MP4
P22_12_2,P22,P22_12,00:00:08.569,00:00:06.30,00:00:07.65,378,459,open fridge,open,3,fridge,12,['fridge'],[12],official_train,OPENS,/kaggle/input/datasets/ldthanh/epic-kitchens-100-p1/P22/videos/P22_12.MP4
P22_12_20,P22,P22_12,00:01:01.649,00:01:00.99,00:01:02.49,3659,3749,put down cloth,put-down,1,cloth,17,['cloth'],[17],official_train,PUT DOWN,/kaggle/input/datasets/ldthanh/epic-kitchens-100-p1/P22/videos/P22_12.MP4
P22_12_200,P22,P22_12,00:08:06.910,00:08:04.61,00:08:06.09,29076,29165,rinse cloth,rinse,2,cloth,17,['cloth'],[17],official_train,WASHING,/kaggle/input/datasets/ldthanh/epic-kitchens-100-p1/P22/videos/P22_12.MP4
P22_12_202,P22,P22_12,00:08:11.990,00:08:09.77,00:08:10.57,29386,29434,grab detergent,grab,0,detergent,22,['detergent'],[22],official_train,PICKS UP,/kaggle/input/datasets/ldthanh/epic-kitchens-100-p1/P22/videos/P22_12.MP4
P22_12_204,P22,P22_12,00:08:14.800,00:08:11.65,00:08:13.81,29499,29628,clean table,clean,2,table,42,['table'],[42],official_train,WASHING,/kaggle/input/datasets/ldthanh/epic-kitchens-100-p1/P22/videos/P22_12.MP4
P22_12_206,P22,P22_12,00:08:16.960,00:08:14.56,00:08:16.24,29673,29774,clean table,clean,2,table,42,['table'],[42],official_train,WASHING,/kaggle/input/datasets/ldthanh/epic-kitchens-100-p1/P22/videos/P22_12.MP4
P22_12_207,P22,P22_12,00:08:18.190,00:08:16.16,00:08:16.69,29769,29801,grab sheets,grab,0,sheet,282,['sheet'],[282],official_train,PICKS UP,/kaggle/input/datasets/ldthanh/epic-kitchens-100-p1/P22/videos/P22_12.MP4
P22_12_208,P22,P22_12,00:08:19.190,00:08:16.80,00:08:17.47,29808,29848,put down down sheets,put-down,1,sheet,282,['sheet'],[282],official_train,PUT DOWN,/kaggle/input/datasets/ldthanh/epic-kitchens-100-p1/P22/videos/P22_12.MP4
P22_12_209,P22,P22_12,00:08:20.190,00:08:17.36,00:08:18.65,29841,29919,grab can,grab,0,can,61,['can'],[61],official_train,PICKS UP,/kaggle/input/datasets/ldthanh/epic-kitchens-100-p1/P22/videos/P22_12.MP4
P22_12_21,P22,P22_12,00:01:04.649,00:01:02.52,00:01:03.63,3751,3817,open drawer,open,3,drawer,8,['drawer'],[8],official_train,OPENS,/kaggle/input/datasets/ldthanh/epic-kitchens-100-p1/P22/videos/P22_12.MP4
P22_12_210,P22,P22_12,00:08:21.190,00:08:17.88,00:08:19.07,29872,29944,put down down can,put-down,1,can,61,['can'],[61],official_train,PUT DOWN,/kaggle/input/datasets/ldthanh/epic-kitchens-100-p1/P22/videos/P22_12.MP4
P22_12_213,P22,P22_12,00:08:27.130,00:08:24.49,00:08:25.49,30269,30329,grab plate,grab,0,plate,2,['plate'],[2],official_train,PICKS UP,/kaggle/input/datasets/ldthanh/epic-kitchens-100-p1/P22/videos/P22_12.MP4
P22_12_216,P22,P22_12,00:08:33.769,00:08:26.84,00:08:36.07,30410,30964,clean table,clean,2,table,42,['table'],[42],official_train,WASHING,/kaggle/input/datasets/ldthanh/epic-kitchens-100-p1/P22/videos/P22_12.MP4
P22_12_217,P22,P22_12,00:08:31.020,00:08:27.39,00:08:33.16,30443,30789,clean table,clean,2,table,42,['table'],[42],official_train,WASHING,/kaggle/input/datasets/ldthanh/epic-kitchens-100-p1/P22/videos/P22_12.MP4
P22_12_22,P22,P22_12,00:01:06.259,00:01:03.70,00:01:04.57,3822,3874,pick up potato peeler,pick-up,0,peeler:potato,87,['peeler:potato'],[87],official_train,PICKS UP,/kaggle/input/datasets/ldthanh/epic-kitchens-100-p1/P22/videos/P22_12.MP4
P22_12_221,P22,P22_12,00:08:40.110,00:08:36.90,00:08:41.85,31014,31311,wipe table,wipe,2,table,42,['table'],[42],official_train,WASHING,/kaggle/input/datasets/ldthanh/epic-kitchens-100-p1/P22/videos/P22_12.MP4
P22_12_223,P22,P22_12,00:08:44.980,00:08:42.84,00:08:44.11,31370,31446,wipe table,wipe,2,table,42,['table'],[42],official_train,WASHING,/kaggle/input/datasets/ldthanh/epic-kitchens-100-p1/P22/videos/P22_12.MP4
P22_12_224,P22,P22_12,00:08:48.890,00:08:47.06,00:08:48.13,31623,31687,open cupboard,open,3,cupboard,3,['cupboard'],[3],official_train,OPENS,/kaggle/input/datasets/ldthanh/epic-kitchens-100-p1/P22/videos/P22_12.MP4
P22_12_225,P22,P22_12,00:08:49.890,00:08:47.72,00:08:49.08,31663,31744,put down cleanser,put-down,1,cleanser,22,['cleanser'],[22],official_train,PUT DOWN,/kaggle/input/datasets/ldthanh/epic-kitchens-100-p1/P22/videos/P22_12.MP4
P22_12_227,P22,P22_12,00:08:55.300,00:08:53.43,00:08:54.79,32005,32087,take plastic piece,take,0,piece:plastic,54,['piece:plastic'],[54],official_train,PICKS UP,/kaggle/input/datasets/ldthanh/epic-kitchens-100-p1/P22/videos/P22_12.MP4
P22_12_231,P22,P22_12,00:09:03.250,00:09:00.17,00:09:00.94,32410,32456,rinse hands,rinse,2,hand,11,['hand'],[11],official_train,WASHING,/kaggle/input/datasets/ldthanh/epic-kitchens-100-p1/P22/videos/P22_12.MP4
P22_12_233,P22,P22_12,00:09:06.820,00:09:04.49,00:09:07.83,32669,32869,wash hands,wash,2,hand,11,['hand'],[11],official_train,WASHING,/kaggle/input/datasets/ldthanh/epic-kitchens-100-p1/P22/videos/P22_12.MP4
P22_12_234,P22,P22_12,00:09:07.820,00:09:08.18,00:09:13.36,32890,33201,rinse hands,rinse,2,hand,11,['hand'],[11],official_train,WASHING,/kaggle/input/datasets/ldthanh/epic-kitchens-100-p1/P22/videos/P22_12.MP4
P22_12_238,P22,P22_12,00:09:18.950,00:09:20.77,00:09:21.97,33646,33718,put down cloth,put-down,1,cloth,17,['cloth'],[17],official_train,PUT DOWN,/kaggle/input/datasets/ldthanh/epic-kitchens-100-p1/P22/videos/P22_12.MP4
P22_12_239,P22,P22_12,00:09:26.400,00:09:23.17,00:09:25.51,33790,33930,pick up slice of bread,pick-up,0,slice:bread,33,['slice:bread'],[33],official_train,PICKS UP,/kaggle/input/datasets/ldthanh/epic-kitchens-100-p1/P22/videos/P22_12.MP4
P22_12_240,P22,P22_12,00:09:27.810,00:09:25.79,00:09:26.50,33947,33990,put down slice of bread,put-down,1,slice:bread,33,['slice:bread'],[33],official_train,PUT DOWN,/kaggle/input/datasets/ldthanh/epic-kitchens-100-p1/P22/videos/P22_12.MP4
P22_12_241,P22,P22_12,00:09:28.970,00:09:26.45,00:09:27.70,33987,34062,open jar,open,3,jar,40,['jar'],[40],official_train,OPENS,/kaggle/input/datasets/ldthanh/epic-kitchens-100-p1/P22/videos/P22_12.MP4
P22_12_242,P22,P22_12,00:09:32.100,00:09:28.88,00:09:30.65,34132,34239,pick up cream,pick-up,0,cream,143,['cream'],[143],official_train,PICKS UP,/kaggle/input/datasets/ldthanh/epic-kitchens-100-p1/P22/videos/P22_12.MP4
P22_12_245,P22,P22_12,00:09:50.600,00:09:48.28,00:09:49.09,35296,35345,put down slice,put-down,1,peach,74,['peach'],[74],official_train,PUT DOWN,/kaggle/input/datasets/ldthanh/epic-kitchens-100-p1/P22/videos/P22_12.MP4
P22_12_246,P22,P22_12,00:09:52.000,00:09:49.68,00:09:50.37,35380,35422,pick up cream,pick-up,0,cream,143,['cream'],[143],official_train,PICKS UP,/kaggle/input/datasets/ldthanh/epic-kitchens-100-p1/P22/videos/P22_12.MP4
P22_12_248,P22,P22_12,00:10:06.300,00:10:03.48,00:10:06.29,36208,36377,place slice,place,1,peach,74,['peach'],[74],official_train,PUT DOWN,/kaggle/input/datasets/ldthanh/epic-kitchens-100-p1/P22/videos/P22_12.MP4
P22_12_249,P22,P22_12,00:10:08.380,00:10:06.40,00:10:07.11,36384,36426,pick up lid,pick-up,0,lid,6,['lid'],[6],official_train,PICKS UP,/kaggle/input/datasets/ldthanh/epic-kitchens-100-p1/P22/videos/P22_12.MP4
P22_12_250,P22,P22_12,00:10:09.730,00:10:07.02,00:10:09.01,36421,36540,put lid,put,1,lid,6,['lid'],[6],official_train,PUT DOWN,/kaggle/input/datasets/ldthanh/epic-kitchens-100-p1/P22/videos/P22_12.MP4
P22_12_251,P22,P22_12,00:10:11.600,00:10:09.20,00:10:10.13,36552,36607,open cabinet,open,3,cabinet,3,['cabinet'],[3],official_train,OPENS,/kaggle/input/datasets/ldthanh/epic-kitchens-100-p1/P22/videos/P22_12.MP4
P22_12_252,P22,P22_12,00:10:12.600,00:10:09.87,00:10:10.84,36592,36650,place jar,place,1,jar,40,['jar'],[40],official_train,PUT DOWN,/kaggle/input/datasets/ldthanh/epic-kitchens-100-p1/P22/videos/P22_12.MP4
P22_12_254,P22,P22_12,00:10:15.000,00:10:11.82,00:10:13.32,36709,36799,place jar,place,1,jar,40,['jar'],[40],official_train,PUT DOWN,/kaggle/input/datasets/ldthanh/epic-kitchens-100-p1/P22/videos/P22_12.MP4
P22_12_256,P22,P22_12,00:10:19.190,00:10:16.60,00:10:17.83,36996,37069,place knife,place,1,knife,4,['knife'],[4],official_train,PUT DOWN,/kaggle/input/datasets/ldthanh/epic-kitchens-100-p1/P22/videos/P22_12.MP4
P22_12_257,P22,P22_12,00:10:20.190,00:10:17.93,00:10:18.94,37075,37136,open cabinet,open,3,cabinet,3,['cabinet'],[3],official_train,OPENS,/kaggle/input/datasets/ldthanh/epic-kitchens-100-p1/P22/videos/P22_12.MP4
P22_12_258,P22,P22_12,00:10:21.370,00:10:18.68,00:10:21.23,37120,37273,pick up cup,pick-up,0,cup,13,['cup'],[13],official_train,PICKS UP,/kaggle/input/datasets/ldthanh/epic-kitchens-100-p1/P22/videos/P22_12.MP4
P22_12_260,P22,P22_12,00:10:24.399,00:10:22.99,00:10:24.24,37379,37454,place cup,place,1,cup,13,['cup'],[13],official_train,PUT DOWN,/kaggle/input/datasets/ldthanh/epic-kitchens-100-p1/P22/videos/P22_12.MP4
P22_12_261,P22,P22_12,00:10:27.080,00:10:25.24,00:10:26.34,37514,37580,pick up place mats,pick-up,0,mat:place,84,['mat:place'],[84],official_train,PICKS UP,/kaggle/input/datasets/ldthanh/epic-kitchens-100-p1/P22/videos/P22_12.MP4
P22_12_262,P22,P22_12,00:10:30.270,00:10:27.01,00:10:29.43,37620,37765,place place mat,place,1,mat:place,84,['mat:place'],[84],official_train,PUT DOWN,/kaggle/input/datasets/ldthanh/epic-kitchens-100-p1/P22/videos/P22_12.MP4
P22_12_263,P22,P22_12,00:10:31.860,00:10:29.27,00:10:31.29,37756,37877,open place mat,open,3,mat:place,84,['mat:place'],[84],official_train,OPENS,/kaggle/input/datasets/ldthanh/epic-kitchens-100-p1/P22/videos/P22_12.MP4
P22_12_264,P22,P22_12,00:10:32.990,00:10:31.38,00:10:32.64,37882,37958,put place mat,put,1,mat:place,84,['mat:place'],[84],official_train,PUT DOWN,/kaggle/input/datasets/ldthanh/epic-kitchens-100-p1/P22/videos/P22_12.MP4
P22_12_265,P22,P22_12,00:10:34.630,00:10:35.50,00:10:36.63,38130,38197,pick up cup,pick-up,0,cup,13,['cup'],[13],official_train,PICKS UP,/kaggle/input/datasets/ldthanh/epic-kitchens-100-p1/P22/videos/P22_12.MP4
P22_12_266,P22,P22_12,00:10:38.330,00:10:36.73,00:10:37.93,38203,38275,place cup,place,1,cup,13,['cup'],[13],official_train,PUT DOWN,/kaggle/input/datasets/ldthanh/epic-kitchens-100-p1/P22/videos/P22_12.MP4
P22_12_267,P22,P22_12,00:10:39.520,00:10:37.84,00:10:38.34,38270,38300,place cup,place,1,cup,13,['cup'],[13],official_train,PUT DOWN,/kaggle/input/datasets/ldthanh/epic-kitchens-100-p1/P22/videos/P22_12.MP4
P22_12_269,P22,P22_12,00:10:41.730,00:10:40.58,00:10:43.21,38434,38592,pick up dishes,pick-up,0,dish,2,['dish'],[2],official_train,PICKS UP,/kaggle/input/datasets/ldthanh/epic-kitchens-100-p1/P22/videos/P22_12.MP4
P22_12_27,P22,P22_12,00:01:53.930,00:01:51.36,00:01:52.74,6681,6764,put down down peach,put-down,1,peach,74,['peach'],[74],official_train,PUT DOWN,/kaggle/input/datasets/ldthanh/epic-kitchens-100-p1/P22/videos/P22_12.MP4
P22_12_270,P22,P22_12,00:10:43.930,00:10:42.71,00:10:44.12,38562,38647,place dish,place,1,dish,2,['dish'],[2],official_train,PUT DOWN,/kaggle/input/datasets/ldthanh/epic-kitchens-100-p1/P22/videos/P22_12.MP4
P22_12_271,P22,P22_12,00:10:46.190,00:10:43.88,00:10:44.92,38632,38695,place dish,place,1,dish,2,['dish'],[2],official_train,PUT DOWN,/kaggle/input/datasets/ldthanh/epic-kitchens-100-p1/P22/videos/P22_12.MP4
P22_12_273,P22,P22_12,00:10:48.560,00:10:46.14,00:10:47.36,38768,38841,place dish,place,1,dish,2,['dish'],[2],official_train,PUT DOWN,/kaggle/input/datasets/ldthanh/epic-kitchens-100-p1/P22/videos/P22_12.MP4
P22_12_274,P22,P22_12,00:10:50.000,00:10:48.65,00:10:49.60,38919,38976,get tupperware,get,0,tupperware,23,['tupperware'],[23],official_train,PICKS UP,/kaggle/input/datasets/ldthanh/epic-kitchens-100-p1/P22/videos/P22_12.MP4
P22_12_275,P22,P22_12,00:10:52.860,00:10:50.80,00:10:51.91,39048,39114,get plate,get,0,plate,2,['plate'],[2],official_train,PICKS UP,/kaggle/input/datasets/ldthanh/epic-kitchens-100-p1/P22/videos/P22_12.MP4
P22_12_276,P22,P22_12,00:10:53.860,00:10:52.01,00:10:53.50,39120,39210,set down plate,set-down,1,plate,2,['plate'],[2],official_train,PUT DOWN,/kaggle/input/datasets/ldthanh/epic-kitchens-100-p1/P22/videos/P22_12.MP4
P22_12_277,P22,P22_12,00:10:51.860,00:10:52.24,00:10:54.67,39134,39280,set down tupperware,set-down,1,tupperware,23,['tupperware'],[23],official_train,PUT DOWN,/kaggle/input/datasets/ldthanh/epic-kitchens-100-p1/P22/videos/P22_12.MP4
P22_12_279,P22,P22_12,00:10:59.810,00:10:57.35,00:10:59.57,39441,39574,get carafe,get,0,carafe,66,['carafe'],[66],official_train,PICKS UP,/kaggle/input/datasets/ldthanh/epic-kitchens-100-p1/P22/videos/P22_12.MP4
P22_12_28,P22,P22_12,00:01:54.930,00:01:52.20,00:01:53.20,6732,6792,put down down potato peeler,put-down,1,peeler:potato,87,['peeler:potato'],[87],official_train,PUT DOWN,/kaggle/input/datasets/ldthanh/epic-kitchens-100-p1/P22/videos/P22_12.MP4
P22_12_285,P22,P22_12,00:11:16.460,00:11:17.48,00:11:19.42,40648,40765,set down carafe,set-down,1,carafe,66,['carafe'],[66],official_train,PUT DOWN,/kaggle/input/datasets/ldthanh/epic-kitchens-100-p1/P22/videos/P22_12.MP4
P22_12_286,P22,P22_12,00:11:22.370,00:11:20.33,00:11:21.44,40819,40886,get cover,get,0,cover,89,['cover'],[89],official_train,PICKS UP,/kaggle/input/datasets/ldthanh/epic-kitchens-100-p1/P22/videos/P22_12.MP4
P22_12_288,P22,P22_12,00:11:25.500,00:11:22.90,00:11:25.19,40974,41111,toast bread,toast,45,bread,33,['bread'],[33],official_train,COOKING,/kaggle/input/datasets/ldthanh/epic-kitchens-100-p1/P22/videos/P22_12.MP4
P22_12_29,P22,P22_12,00:01:55.990,00:01:53.08,00:01:58.06,6784,7083,grab rinds,grab,0,rind,48,['rind'],[48],official_train,PICKS UP,/kaggle/input/datasets/ldthanh/epic-kitchens-100-p1/P22/videos/P22_12.MP4
P22_12_3,P22,P22_12,00:00:17.869,00:00:12.79,00:00:19.23,767,1153,take peaches,take,0,peach,74,['peach'],[74],official_train,PICKS UP,/kaggle/input/datasets/ldthanh/epic-kitchens-100-p1/P22/videos/P22_12.MP4
P22_12_31,P22,P22_12,00:02:01.909,00:02:00.48,00:02:01.47,7228,7288,open basket,open,3,basket,168,['basket'],[168],official_train,OPENS,/kaggle/input/datasets/ldthanh/epic-kitchens-100-p1/P22/videos/P22_12.MP4
P22_12_34,P22,P22_12,00:02:06.490,00:02:04.59,00:02:05.34,7475,7520,grab potato peeler,grab,0,peeler:potato,87,['peeler:potato'],[87],official_train,PICKS UP,/kaggle/input/datasets/ldthanh/epic-kitchens-100-p1/P22/videos/P22_12.MP4
P22_12_35,P22,P22_12,00:02:07.619,00:02:05.44,00:02:09.19,7526,7751,grab peach,grab,0,peach,74,['peach'],[74],official_train,PICKS UP,/kaggle/input/datasets/ldthanh/epic-kitchens-100-p1/P22/videos/P22_12.MP4
P22_12_4,P22,P22_12,00:00:09.569,00:00:13.27,00:00:13.89,796,833,take peaches,take,0,peach,74,['peach'],[74],official_train,PICKS UP,/kaggle/input/datasets/ldthanh/epic-kitchens-100-p1/P22/videos/P22_12.MP4
P22_12_42,P22,P22_12,00:02:49.579,00:02:48.51,00:02:50.33,10110,10219,put down peach,put-down,1,peach,74,['peach'],[74],official_train,PUT DOWN,/kaggle/input/datasets/ldthanh/epic-kitchens-100-p1/P22/videos/P22_12.MP4
P22_12_43,P22,P22_12,00:02:52.690,00:02:50.02,00:02:51.12,10201,10267,put down peeler,put-down,1,peeler,87,['peeler'],[87],official_train,PUT DOWN,/kaggle/input/datasets/ldthanh/epic-kitchens-100-p1/P22/videos/P22_12.MP4
P22_12_45,P22,P22_12,00:02:58.480,00:02:56.90,00:02:58.01,10614,10680,open bin,open,3,bin,36,['bin'],[36],official_train,OPENS,/kaggle/input/datasets/ldthanh/epic-kitchens-100-p1/P22/videos/P22_12.MP4
P22_12_49,P22,P22_12,00:03:02.480,00:02:59.52,00:03:01.10,10771,10866,rinse hands,rinse,2,hand,11,['hand'],[11],official_train,WASHING,/kaggle/input/datasets/ldthanh/epic-kitchens-100-p1/P22/videos/P22_12.MP4
P22_12_5,P22,P22_12,00:00:21.490,00:00:19.44,00:00:20.15,1166,1209,put basket,put,1,basket,168,['basket'],[168],official_train,PUT DOWN,/kaggle/input/datasets/ldthanh/epic-kitchens-100-p1/P22/videos/P22_12.MP4
P22_12_53,P22,P22_12,00:03:06.510,00:03:06.43,00:03:07.69,11185,11261,put down cloth,put-down,1,cloth,17,['cloth'],[17],official_train,PUT DOWN,/kaggle/input/datasets/ldthanh/epic-kitchens-100-p1/P22/videos/P22_12.MP4
P22_12_54,P22,P22_12,00:03:10.169,00:03:07.79,00:03:10.33,11267,11419,open drawer,open,3,drawer,8,['drawer'],[8],official_train,OPENS,/kaggle/input/datasets/ldthanh/epic-kitchens-100-p1/P22/videos/P22_12.MP4
P22_12_55,P22,P22_12,00:03:11.880,00:03:10.02,00:03:10.74,11401,11444,take knife,take,0,knife,4,['knife'],[4],official_train,PICKS UP,/kaggle/input/datasets/ldthanh/epic-kitchens-100-p1/P22/videos/P22_12.MP4
P22_12_58,P22,P22_12,00:03:13.880,00:03:11.96,00:03:12.87,11517,11572,take peach,take,0,peach,74,['peach'],[74],official_train,PICKS UP,/kaggle/input/datasets/ldthanh/epic-kitchens-100-p1/P22/videos/P22_12.MP4
P22_12_6,P22,P22_12,00:00:22.490,00:00:20.00,00:00:20.58,1200,1234,put peaches,put,1,peach,74,['peach'],[74],official_train,PUT DOWN,/kaggle/input/datasets/ldthanh/epic-kitchens-100-p1/P22/videos/P22_12.MP4
P22_12_61,P22,P22_12,00:03:21.880,00:03:20.25,00:03:20.87,12015,12052,put down slice,put-down,1,peach,74,['peach'],[74],official_train,PUT DOWN,/kaggle/input/datasets/ldthanh/epic-kitchens-100-p1/P22/videos/P22_12.MP4
P22_12_63,P22,P22_12,00:03:24.690,00:03:22.76,00:03:24.26,12165,12255,put down slice,put-down,1,peach,74,['peach'],[74],official_train,PUT DOWN,/kaggle/input/datasets/ldthanh/epic-kitchens-100-p1/P22/videos/P22_12.MP4
P22_12_66,P22,P22_12,00:03:28.389,00:03:26.37,00:03:27.20,12382,12432,put down slice,put-down,1,peach,74,['peach'],[74],official_train,PUT DOWN,/kaggle/input/datasets/ldthanh/epic-kitchens-100-p1/P22/videos/P22_12.MP4
P22_12_7,P22,P22_12,00:00:25.949,00:00:23.58,00:00:26.49,1414,1589,take banana,take,0,banana,146,['banana'],[146],official_train,PICKS UP,/kaggle/input/datasets/ldthanh/epic-kitchens-100-p1/P22/videos/P22_12.MP4
P22_12_70,P22,P22_12,00:03:35.350,00:03:33.86,00:03:35.08,12831,12904,put down slice,put-down,1,banana,146,['banana'],[146],official_train,PUT DOWN,/kaggle/input/datasets/ldthanh/epic-kitchens-100-p1/P22/videos/P22_12.MP4
P22_12_74,P22,P22_12,00:03:43.540,00:03:42.16,00:03:44.08,13329,13444,put down slice,put-down,1,clip,129,['clip'],[129],official_train,PUT DOWN,/kaggle/input/datasets/ldthanh/epic-kitchens-100-p1/P22/videos/P22_12.MP4
P22_12_79,P22,P22_12,00:03:49.380,00:03:48.65,00:03:50.63,13719,13837,put down slice,put-down,1,peach,74,['peach'],[74],official_train,PUT DOWN,/kaggle/input/datasets/ldthanh/epic-kitchens-100-p1/P22/videos/P22_12.MP4
P22_12_80,P22,P22_12,00:03:51.790,00:03:49.35,00:03:50.34,13761,13820,put down slice,put-down,1,basket,168,['basket'],[168],official_train,PUT DOWN,/kaggle/input/datasets/ldthanh/epic-kitchens-100-p1/P22/videos/P22_12.MP4
P22_12_83,P22,P22_12,00:04:00.400,00:03:58.97,00:04:01.79,14338,14507,put down slice,put-down,1,bread,33,['bread'],[33],official_train,PUT DOWN,/kaggle/input/datasets/ldthanh/epic-kitchens-100-p1/P22/videos/P22_12.MP4
P22_12_85,P22,P22_12,00:04:05.500,00:04:03.52,00:04:04.35,14611,14661,put down seed,put-down,1,seed,122,['seed'],[122],official_train,PUT DOWN,/kaggle/input/datasets/ldthanh/epic-kitchens-100-p1/P22/videos/P22_12.MP4
P22_12_87,P22,P22_12,00:04:07.910,00:04:05.69,00:04:06.65,14741,14799,put down slice,put-down,1,bread,33,['bread'],[33],official_train,PUT DOWN,/kaggle/input/datasets/ldthanh/epic-kitchens-100-p1/P22/videos/P22_12.MP4
P22_12_88,P22,P22_12,00:04:08.910,00:04:06.31,00:04:07.37,14778,14842,grab peach,grab,0,peach,74,['peach'],[74],official_train,PICKS UP,/kaggle/input/datasets/ldthanh/epic-kitchens-100-p1/P22/videos/P22_12.MP4
P22_12_92,P22,P22_12,00:04:15.850,00:04:16.50,00:04:17.23,15390,15433,put slice,put,1,peach,74,['peach'],[74],official_train,PUT DOWN,/kaggle/input/datasets/ldthanh/epic-kitchens-100-p1/P22/videos/P22_12.MP4
P22_12_95,P22,P22_12,00:04:21.380,00:04:19.75,00:04:20.55,15585,15633,put slice,put,1,peach,74,['peach'],[74],official_train,PUT DOWN,/kaggle/input/datasets/ldthanh/epic-kitchens-100-p1/P22/videos/P22_12.MP4
P22_12_98,P22,P22_12,00:04:25.980,00:04:24.28,00:04:25.25,15856,15915,put slice,put,1,peach,74,['peach'],[74],official_train,PUT DOWN,/kaggle/input/datasets/ldthanh/epic-kitchens-100-p1/P22/videos/P22_12.MP4
P22_13_0,P22,P22_13,00:00:02.700,00:00:02.24,00:00:03.59,134,215,pick up jar,pick-up,0,jar,40,['jar'],[40],official_train,PICKS UP,/kaggle/input/datasets/ldthanh/epic-kitchens-100-p1/P22/videos/P22_13.MP4
P22_13_10,P22,P22_13,00:00:23.660,00:00:22.60,00:00:23.70,1356,1422,put down cloth,put-down,1,cloth,17,['cloth'],[17],official_train,PUT DOWN,/kaggle/input/datasets/ldthanh/epic-kitchens-100-p1/P22/videos/P22_13.MP4
P22_13_100,P22,P22_13,00:03:32.329,00:03:31.96,00:03:32.93,12717,12775,take plate,take,0,plate,2,['plate'],[2],official_train,PICKS UP,/kaggle/input/datasets/ldthanh/epic-kitchens-100-p1/P22/videos/P22_13.MP4
P22_13_101,P22,P22_13,00:03:34.329,00:03:34.22,00:03:34.84,12853,12890,take plate,take,0,plate,2,['plate'],[2],official_train,PICKS UP,/kaggle/input/datasets/ldthanh/epic-kitchens-100-p1/P22/videos/P22_13.MP4
P22_13_102,P22,P22_13,00:03:33.329,00:03:34.67,00:03:35.30,12880,12918,take fork,take,0,fork,14,['fork'],[14],official_train,PICKS UP,/kaggle/input/datasets/ldthanh/epic-kitchens-100-p1/P22/videos/P22_13.MP4
P22_13_104,P22,P22_13,00:03:38.310,00:03:37.18,00:03:39.47,13030,13168,put down plates,put-down,1,plate,2,['plate'],[2],official_train,PUT DOWN,/kaggle/input/datasets/ldthanh/epic-kitchens-100-p1/P22/videos/P22_13.MP4
P22_13_105,P22,P22_13,00:03:43.099,00:03:43.05,00:03:46.42,13383,13585,take cloth,take,0,cloth,17,['cloth'],[17],official_train,PICKS UP,/kaggle/input/datasets/ldthanh/epic-kitchens-100-p1/P22/videos/P22_13.MP4
P22_13_106,P22,P22_13,00:03:44.730,00:03:43.22,00:03:46.30,13393,13578,take cloth,take,0,cloth,17,['cloth'],[17],official_train,PICKS UP,/kaggle/input/datasets/ldthanh/epic-kitchens-100-p1/P22/videos/P22_13.MP4
P22_13_107,P22,P22_13,00:03:47.409,00:03:47.40,00:03:48.19,13644,13691,put down cloth,put-down,1,cloth,17,['cloth'],[17],official_train,PUT DOWN,/kaggle/input/datasets/ldthanh/epic-kitchens-100-p1/P22/videos/P22_13.MP4
P22_13_11,P22,P22_13,00:00:24.900,00:00:23.80,00:00:24.59,1428,1475,pick up glass,pick-up,0,glass,10,['glass'],[10],official_train,PICKS UP,/kaggle/input/datasets/ldthanh/epic-kitchens-100-p1/P22/videos/P22_13.MP4
P22_13_110,P22,P22_13,00:03:52.010,00:03:52.08,00:03:53.02,13924,13981,open drawer,open,3,drawer,8,['drawer'],[8],official_train,OPENS,/kaggle/input/datasets/ldthanh/epic-kitchens-100-p1/P22/videos/P22_13.MP4
P22_13_111,P22,P22_13,00:03:53.400,00:03:53.14,00:03:54.24,13988,14054,put down cloth,put-down,1,cloth,17,['cloth'],[17],official_train,PUT DOWN,/kaggle/input/datasets/ldthanh/epic-kitchens-100-p1/P22/videos/P22_13.MP4
P22_13_112,P22,P22_13,00:03:54.549,00:03:54.30,00:03:54.84,14058,14090,take cloth,take,0,cloth,17,['cloth'],[17],official_train,PICKS UP,/kaggle/input/datasets/ldthanh/epic-kitchens-100-p1/P22/videos/P22_13.MP4
P22_13_116,P22,P22_13,00:03:58.609,00:03:57.40,00:03:58.74,14244,14324,put down cloth,put-down,1,cloth,17,['cloth'],[17],official_train,PUT DOWN,/kaggle/input/datasets/ldthanh/epic-kitchens-100-p1/P22/videos/P22_13.MP4
P22_13_119,P22,P22_13,00:04:05.829,00:04:04.65,00:04:06.22,14679,14773,grab cd,grab,0,cd,298,['cd'],[298],official_train,PICKS UP,/kaggle/input/datasets/ldthanh/epic-kitchens-100-p1/P22/videos/P22_13.MP4
P22_13_12,P22,P22_13,00:00:26.000,00:00:24.69,00:00:26.37,1481,1582,put down glass,put-down,1,glass,10,['glass'],[10],official_train,PUT DOWN,/kaggle/input/datasets/ldthanh/epic-kitchens-100-p1/P22/videos/P22_13.MP4
P22_13_122,P22,P22_13,00:04:08.829,00:04:07.27,00:04:08.14,14836,14888,grab bottle,grab,0,bottle,15,['bottle'],[15],official_train,PICKS UP,/kaggle/input/datasets/ldthanh/epic-kitchens-100-p1/P22/videos/P22_13.MP4
P22_13_123,P22,P22_13,00:04:09.829,00:04:08.24,00:04:09.55,14894,14973,put bottle down,put,1,bottle,15,['bottle'],[15],official_train,PUT DOWN,/kaggle/input/datasets/ldthanh/epic-kitchens-100-p1/P22/videos/P22_13.MP4
P22_13_124,P22,P22_13,00:04:12.840,00:04:11.58,00:04:12.49,15094,15149,grab cloth,grab,0,cloth,17,['cloth'],[17],official_train,PICKS UP,/kaggle/input/datasets/ldthanh/epic-kitchens-100-p1/P22/videos/P22_13.MP4
P22_13_125,P22,P22_13,00:04:14.420,00:04:13.04,00:04:15.24,15182,15314,grab detergent,grab,0,detergent,22,['detergent'],[22],official_train,PICKS UP,/kaggle/input/datasets/ldthanh/epic-kitchens-100-p1/P22/videos/P22_13.MP4
P22_13_128,P22,P22_13,00:04:18.609,00:04:17.55,00:04:19.77,15453,15586,clean table,clean,2,table,42,['table'],[42],official_train,WASHING,/kaggle/input/datasets/ldthanh/epic-kitchens-100-p1/P22/videos/P22_13.MP4
P22_13_13,P22,P22_13,00:00:27.300,00:00:26.47,00:00:27.76,1588,1665,pick up teaspoon,pick-up,0,teaspoon,1,['teaspoon'],[1],official_train,PICKS UP,/kaggle/input/datasets/ldthanh/epic-kitchens-100-p1/P22/videos/P22_13.MP4
P22_13_130,P22,P22_13,00:04:21.470,00:04:20.49,00:04:21.02,15629,15661,clean table,clean,2,table,42,['table'],[42],official_train,WASHING,/kaggle/input/datasets/ldthanh/epic-kitchens-100-p1/P22/videos/P22_13.MP4
P22_13_132,P22,P22_13,00:04:24.350,00:04:21.93,00:04:22.86,15715,15771,clean table,clean,2,table,42,['table'],[42],official_train,WASHING,/kaggle/input/datasets/ldthanh/epic-kitchens-100-p1/P22/videos/P22_13.MP4
P22_13_133,P22,P22_13,00:04:27.820,00:04:23.22,00:04:30.22,15793,16213,clean table,clean,2,table,42,['table'],[42],official_train,WASHING,/kaggle/input/datasets/ldthanh/epic-kitchens-100-p1/P22/videos/P22_13.MP4
P22_13_136,P22,P22_13,00:04:36.040,00:04:32.34,00:04:36.57,16340,16594,clean hob,clean,2,hob,24,['hob'],[24],official_train,WASHING,/kaggle/input/datasets/ldthanh/epic-kitchens-100-p1/P22/videos/P22_13.MP4
P22_13_137,P22,P22_13,00:04:39.310,00:04:35.85,00:04:38.60,16551,16716,clean hob,clean,2,hob,24,['hob'],[24],official_train,WASHING,/kaggle/input/datasets/ldthanh/epic-kitchens-100-p1/P22/videos/P22_13.MP4
P22_13_138,P22,P22_13,00:04:42.290,00:04:38.47,00:04:44.72,16708,17083,clean hob,clean,2,hob,24,['hob'],[24],official_train,WASHING,/kaggle/input/datasets/ldthanh/epic-kitchens-100-p1/P22/videos/P22_13.MP4
P22_13_139,P22,P22_13,00:04:33.140,00:04:43.02,00:04:47.15,16981,17229,clean hob,clean,2,hob,24,['hob'],[24],official_train,WASHING,/kaggle/input/datasets/ldthanh/epic-kitchens-100-p1/P22/videos/P22_13.MP4
P22_13_141,P22,P22_13,00:04:50.840,00:04:49.43,00:04:51.03,17365,17461,wash cloth,wash,2,cloth,17,['cloth'],[17],official_train,WASHING,/kaggle/input/datasets/ldthanh/epic-kitchens-100-p1/P22/videos/P22_13.MP4
P22_13_142,P22,P22_13,00:04:53.720,00:04:51.13,00:04:53.65,17467,17619,wash cloth,wash,2,cloth,17,['cloth'],[17],official_train,WASHING,/kaggle/input/datasets/ldthanh/epic-kitchens-100-p1/P22/videos/P22_13.MP4
P22_13_144,P22,P22_13,00:04:55.720,00:04:55.25,00:04:57.57,17715,17854,put cloth,put,1,cloth,17,['cloth'],[17],official_train,PUT DOWN,/kaggle/input/datasets/ldthanh/epic-kitchens-100-p1/P22/videos/P22_13.MP4
P22_13_145,P22,P22_13,00:05:01.100,00:04:58.42,00:05:01.68,17905,18100,wipe hand,wipe,2,hand,11,['hand'],[11],official_train,WASHING,/kaggle/input/datasets/ldthanh/epic-kitchens-100-p1/P22/videos/P22_13.MP4
P22_13_146,P22,P22_13,00:04:57.070,00:04:58.45,00:05:01.88,17907,18112,wash hand,wash,2,hand,11,['hand'],[11],official_train,WASHING,/kaggle/input/datasets/ldthanh/epic-kitchens-100-p1/P22/videos/P22_13.MP4
P22_13_147,P22,P22_13,00:05:02.100,00:05:01.63,00:05:02.46,18097,18147,put rag,put,1,rag,17,['rag'],[17],official_train,PUT DOWN,/kaggle/input/datasets/ldthanh/epic-kitchens-100-p1/P22/videos/P22_13.MP4
P22_13_148,P22,P22_13,00:05:03.270,00:05:02.69,00:05:03.98,18161,18238,pick up carafe,pick-up,0,carafe,66,['carafe'],[66],official_train,PICKS UP,/kaggle/input/datasets/ldthanh/epic-kitchens-100-p1/P22/videos/P22_13.MP4
P22_13_149,P22,P22_13,00:05:04.270,00:05:05.04,00:05:06.42,18302,18385,put carafe,put,1,carafe,66,['carafe'],[66],official_train,PUT DOWN,/kaggle/input/datasets/ldthanh/epic-kitchens-100-p1/P22/videos/P22_13.MP4
P22_13_15,P22,P22_13,00:00:29.710,00:00:29.49,00:00:30.39,1769,1823,open drawer,open,3,drawer,8,['drawer'],[8],official_train,OPENS,/kaggle/input/datasets/ldthanh/epic-kitchens-100-p1/P22/videos/P22_13.MP4
P22_13_150,P22,P22_13,00:05:07.020,00:05:06.52,00:05:07.67,18391,18460,open coffee machine,open,3,machine:coffee,50,['machine:coffee'],[50],official_train,OPENS,/kaggle/input/datasets/ldthanh/epic-kitchens-100-p1/P22/videos/P22_13.MP4
P22_13_152,P22,P22_13,00:05:11.940,00:05:10.83,00:05:11.71,18649,18702,pick up carafe,pick-up,0,carafe,66,['carafe'],[66],official_train,PICKS UP,/kaggle/input/datasets/ldthanh/epic-kitchens-100-p1/P22/videos/P22_13.MP4
P22_13_155,P22,P22_13,00:05:18.540,00:05:17.76,00:05:19.08,19065,19144,grab silverware,grab,0,silverware,58,['silverware'],[58],official_train,PICKS UP,/kaggle/input/datasets/ldthanh/epic-kitchens-100-p1/P22/videos/P22_13.MP4
P22_13_156,P22,P22_13,00:05:19.780,00:05:19.28,00:05:19.89,19156,19193,open drawer,open,3,drawer,8,['drawer'],[8],official_train,OPENS,/kaggle/input/datasets/ldthanh/epic-kitchens-100-p1/P22/videos/P22_13.MP4
P22_13_157,P22,P22_13,00:05:20.780,00:05:19.68,00:05:20.62,19180,19237,put away silverware,put,1,silverware,58,['silverware'],[58],official_train,PUT DOWN,/kaggle/input/datasets/ldthanh/epic-kitchens-100-p1/P22/videos/P22_13.MP4
P22_13_16,P22,P22_13,00:00:30.710,00:00:30.43,00:00:31.42,1825,1885,put down teaspoon,put-down,1,teaspoon,1,['teaspoon'],[1],official_train,PUT DOWN,/kaggle/input/datasets/ldthanh/epic-kitchens-100-p1/P22/videos/P22_13.MP4
P22_13_160,P22,P22_13,00:05:23.880,00:05:22.92,00:05:23.74,19375,19424,grab sponge,grab,0,sponge,9,['sponge'],[9],official_train,PICKS UP,/kaggle/input/datasets/ldthanh/epic-kitchens-100-p1/P22/videos/P22_13.MP4
P22_13_162,P22,P22_13,00:05:27.130,00:05:25.17,00:05:29.75,19510,19785,rinse cups,rinse,2,cup,13,['cup'],[13],official_train,WASHING,/kaggle/input/datasets/ldthanh/epic-kitchens-100-p1/P22/videos/P22_13.MP4
P22_13_164,P22,P22_13,00:05:31.410,00:05:30.59,00:05:36.23,19835,20173,soap cup,lather,2,cup:soap,13,['cup:soap'],[13],official_train,WASHING,/kaggle/input/datasets/ldthanh/epic-kitchens-100-p1/P22/videos/P22_13.MP4
P22_13_165,P22,P22_13,00:05:36.180,00:05:36.08,00:05:37.13,20164,20227,put down cup,put-down,1,cup,13,['cup'],[13],official_train,PUT DOWN,/kaggle/input/datasets/ldthanh/epic-kitchens-100-p1/P22/videos/P22_13.MP4
P22_13_166,P22,P22_13,00:05:37.190,00:05:37.35,00:05:41.00,20241,20460,soap cup,lather,2,cup:soap,13,['cup:soap'],[13],official_train,WASHING,/kaggle/input/datasets/ldthanh/epic-kitchens-100-p1/P22/videos/P22_13.MP4
P22_13_168,P22,P22_13,00:05:42.960,00:05:41.55,00:05:45.43,20493,20725,rinse cup,rinse,2,cup,13,['cup'],[13],official_train,WASHING,/kaggle/input/datasets/ldthanh/epic-kitchens-100-p1/P22/videos/P22_13.MP4
P22_13_169,P22,P22_13,00:05:48.460,00:05:45.22,00:05:50.19,20713,21011,rinse cup,rinse,2,cup,13,['cup'],[13],official_train,WASHING,/kaggle/input/datasets/ldthanh/epic-kitchens-100-p1/P22/videos/P22_13.MP4
P22_13_170,P22,P22_13,00:05:50.690,00:05:49.91,00:05:51.04,20994,21062,put down cup,put-down,1,cup,13,['cup'],[13],official_train,PUT DOWN,/kaggle/input/datasets/ldthanh/epic-kitchens-100-p1/P22/videos/P22_13.MP4
P22_13_171,P22,P22_13,00:05:51.800,00:05:51.19,00:05:52.09,21071,21125,grab cup,grab,0,cup,13,['cup'],[13],official_train,PICKS UP,/kaggle/input/datasets/ldthanh/epic-kitchens-100-p1/P22/videos/P22_13.MP4
P22_13_172,P22,P22_13,00:05:52.930,00:05:52.19,00:05:55.67,21131,21340,rinse cup,rinse,2,cup,13,['cup'],[13],official_train,WASHING,/kaggle/input/datasets/ldthanh/epic-kitchens-100-p1/P22/videos/P22_13.MP4
P22_13_174,P22,P22_13,00:05:58.300,00:05:57.35,00:05:57.92,21441,21475,rinse cup,rinse,2,cup,13,['cup'],[13],official_train,WASHING,/kaggle/input/datasets/ldthanh/epic-kitchens-100-p1/P22/videos/P22_13.MP4
P22_13_175,P22,P22_13,00:05:59.300,00:05:58.02,00:05:58.82,21481,21529,put down cup,put-down,1,cup,13,['cup'],[13],official_train,PUT DOWN,/kaggle/input/datasets/ldthanh/epic-kitchens-100-p1/P22/videos/P22_13.MP4
P22_13_176,P22,P22_13,00:06:01.630,00:06:00.87,00:06:02.90,21652,21774,pick up plates,pick-up,0,plate,2,['plate'],[2],official_train,PICKS UP,/kaggle/input/datasets/ldthanh/epic-kitchens-100-p1/P22/videos/P22_13.MP4
P22_13_177,P22,P22_13,00:06:03.030,00:06:02.60,00:06:03.62,21756,21817,pick up plate,pick-up,0,plate,2,['plate'],[2],official_train,PICKS UP,/kaggle/input/datasets/ldthanh/epic-kitchens-100-p1/P22/videos/P22_13.MP4
P22_13_178,P22,P22_13,00:06:04.560,00:06:04.51,00:06:09.50,21870,22170,lather plate,lather,2,plate,2,['plate'],[2],official_train,WASHING,/kaggle/input/datasets/ldthanh/epic-kitchens-100-p1/P22/videos/P22_13.MP4
P22_13_179,P22,P22_13,00:06:09.090,00:06:09.56,00:06:10.10,22173,22206,put down plate,put-down,1,plate,2,['plate'],[2],official_train,PUT DOWN,/kaggle/input/datasets/ldthanh/epic-kitchens-100-p1/P22/videos/P22_13.MP4
P22_13_180,P22,P22_13,00:06:10.090,00:06:10.28,00:06:11.17,22216,22270,pick up saucer,pick-up,0,saucer,2,['saucer'],[2],official_train,PICKS UP,/kaggle/input/datasets/ldthanh/epic-kitchens-100-p1/P22/videos/P22_13.MP4
P22_13_181,P22,P22_13,00:06:11.090,00:06:11.26,00:06:20.90,22275,22854,lather saucer,lather,2,saucer,2,['saucer'],[2],official_train,WASHING,/kaggle/input/datasets/ldthanh/epic-kitchens-100-p1/P22/videos/P22_13.MP4
P22_13_182,P22,P22_13,00:06:20.770,00:06:20.85,00:06:21.61,22851,22896,put down saucer,put-down,1,saucer,2,['saucer'],[2],official_train,PUT DOWN,/kaggle/input/datasets/ldthanh/epic-kitchens-100-p1/P22/videos/P22_13.MP4
P22_13_183,P22,P22_13,00:06:21.770,00:06:21.91,00:06:22.55,22914,22953,pick up saucer,pick-up,0,saucer,2,['saucer'],[2],official_train,PICKS UP,/kaggle/input/datasets/ldthanh/epic-kitchens-100-p1/P22/videos/P22_13.MP4
P22_13_184,P22,P22_13,00:06:23.340,00:06:22.65,00:06:23.77,22959,23026,rinse saucer,rinse,2,saucer,2,['saucer'],[2],official_train,WASHING,/kaggle/input/datasets/ldthanh/epic-kitchens-100-p1/P22/videos/P22_13.MP4
P22_13_185,P22,P22_13,00:06:24.360,00:06:23.83,00:06:30.66,23029,23439,lather saucer,lather,2,saucer,2,['saucer'],[2],official_train,WASHING,/kaggle/input/datasets/ldthanh/epic-kitchens-100-p1/P22/videos/P22_13.MP4
P22_13_186,P22,P22_13,00:06:30.640,00:06:30.30,00:06:31.62,23418,23497,put down saucer,put-down,1,saucer,2,['saucer'],[2],official_train,PUT DOWN,/kaggle/input/datasets/ldthanh/epic-kitchens-100-p1/P22/videos/P22_13.MP4
P22_13_187,P22,P22_13,00:06:31.640,00:06:31.19,00:06:32.09,23471,23525,pick up fork,pick-up,0,fork,14,['fork'],[14],official_train,PICKS UP,/kaggle/input/datasets/ldthanh/epic-kitchens-100-p1/P22/videos/P22_13.MP4
P22_13_188,P22,P22_13,00:06:32.640,00:06:31.89,00:06:33.76,23513,23625,lather fork,lather,2,fork,14,['fork'],[14],official_train,WASHING,/kaggle/input/datasets/ldthanh/epic-kitchens-100-p1/P22/videos/P22_13.MP4
P22_13_189,P22,P22_13,00:06:33.780,00:06:33.86,00:06:34.59,23631,23675,put down fork,put-down,1,fork,14,['fork'],[14],official_train,PUT DOWN,/kaggle/input/datasets/ldthanh/epic-kitchens-100-p1/P22/videos/P22_13.MP4
P22_13_19,P22,P22_13,00:00:37.000,00:00:36.92,00:00:37.69,2215,2261,open coffee maker,open,3,maker:coffee,50,['maker:coffee'],[50],official_train,OPENS,/kaggle/input/datasets/ldthanh/epic-kitchens-100-p1/P22/videos/P22_13.MP4
P22_13_190,P22,P22_13,00:06:34.780,00:06:34.43,00:06:35.15,23665,23709,pick up fork,pick-up,0,fork,14,['fork'],[14],official_train,PICKS UP,/kaggle/input/datasets/ldthanh/epic-kitchens-100-p1/P22/videos/P22_13.MP4
P22_13_191,P22,P22_13,00:06:35.780,00:06:35.24,00:06:36.74,23714,23804,lather fork,lather,2,fork,14,['fork'],[14],official_train,WASHING,/kaggle/input/datasets/ldthanh/epic-kitchens-100-p1/P22/videos/P22_13.MP4
P22_13_193,P22,P22_13,00:06:38.810,00:06:37.62,00:06:40.71,23857,24042,rinse fork,rinse,2,fork,14,['fork'],[14],official_train,WASHING,/kaggle/input/datasets/ldthanh/epic-kitchens-100-p1/P22/videos/P22_13.MP4
P22_13_194,P22,P22_13,00:06:41.610,00:06:40.77,00:06:42.40,24046,24144,put down fork,put-down,1,fork,14,['fork'],[14],official_train,PUT DOWN,/kaggle/input/datasets/ldthanh/epic-kitchens-100-p1/P22/videos/P22_13.MP4
P22_13_195,P22,P22_13,00:06:42.650,00:06:42.00,00:06:43.98,24120,24238,rinse fork,rinse,2,fork,14,['fork'],[14],official_train,WASHING,/kaggle/input/datasets/ldthanh/epic-kitchens-100-p1/P22/videos/P22_13.MP4
P22_13_196,P22,P22_13,00:06:44.140,00:06:44.06,00:06:45.22,24243,24313,put down fork,put-down,1,fork,14,['fork'],[14],official_train,PUT DOWN,/kaggle/input/datasets/ldthanh/epic-kitchens-100-p1/P22/videos/P22_13.MP4
P22_13_197,P22,P22_13,00:06:48.990,00:06:44.46,00:06:47.83,24267,24469,rinse plate,rinse,2,plate,2,['plate'],[2],official_train,WASHING,/kaggle/input/datasets/ldthanh/epic-kitchens-100-p1/P22/videos/P22_13.MP4
P22_13_198,P22,P22_13,00:06:47.890,00:06:47.89,00:06:49.47,24473,24568,put down plate,put-down,1,plate,2,['plate'],[2],official_train,PUT DOWN,/kaggle/input/datasets/ldthanh/epic-kitchens-100-p1/P22/videos/P22_13.MP4
P22_13_199,P22,P22_13,00:06:53.960,00:06:49.54,00:06:52.21,24572,24732,rinse plate,rinse,2,plate,2,['plate'],[2],official_train,WASHING,/kaggle/input/datasets/ldthanh/epic-kitchens-100-p1/P22/videos/P22_13.MP4
P22_13_2,P22,P22_13,00:00:04.880,00:00:04.30,00:00:05.22,258,313,pick up cloth,pick-up,0,cloth,17,['cloth'],[17],official_train,PICKS UP,/kaggle/input/datasets/ldthanh/epic-kitchens-100-p1/P22/videos/P22_13.MP4
P22_13_200,P22,P22_13,00:06:51.930,00:06:51.87,00:06:53.12,24712,24787,put down plate,put-down,1,plate,2,['plate'],[2],official_train,PUT DOWN,/kaggle/input/datasets/ldthanh/epic-kitchens-100-p1/P22/videos/P22_13.MP4
P22_13_201,P22,P22_13,00:06:52.960,00:06:52.67,00:06:53.98,24760,24838,pick up plate,pick-up,0,plate,2,['plate'],[2],official_train,PICKS UP,/kaggle/input/datasets/ldthanh/epic-kitchens-100-p1/P22/videos/P22_13.MP4
P22_13_202,P22,P22_13,00:06:45.650,00:06:53.68,00:06:56.43,24820,24985,rinse plate,rinse,2,plate,2,['plate'],[2],official_train,WASHING,/kaggle/input/datasets/ldthanh/epic-kitchens-100-p1/P22/videos/P22_13.MP4
P22_13_203,P22,P22_13,00:06:56.640,00:06:56.32,00:06:57.61,24979,25056,put down plate,put-down,1,plate,2,['plate'],[2],official_train,PUT DOWN,/kaggle/input/datasets/ldthanh/epic-kitchens-100-p1/P22/videos/P22_13.MP4
P22_13_204,P22,P22_13,00:06:58.460,00:06:57.61,00:07:00.10,25056,25206,rinse hands,rinse,2,hand,11,['hand'],[11],official_train,WASHING,/kaggle/input/datasets/ldthanh/epic-kitchens-100-p1/P22/videos/P22_13.MP4
P22_13_205,P22,P22_13,00:06:59.840,00:07:00.20,00:07:02.79,25212,25367,rinse sponge,rinse,2,sponge,9,['sponge'],[9],official_train,WASHING,/kaggle/input/datasets/ldthanh/epic-kitchens-100-p1/P22/videos/P22_13.MP4
P22_13_206,P22,P22_13,00:07:03.250,00:07:02.29,00:07:03.36,25337,25401,put down sponge,put-down,1,sponge,9,['sponge'],[9],official_train,PUT DOWN,/kaggle/input/datasets/ldthanh/epic-kitchens-100-p1/P22/videos/P22_13.MP4
P22_13_207,P22,P22_13,00:07:04.250,00:07:03.91,00:07:04.88,25434,25492,rinse hands,rinse,2,hand,11,['hand'],[11],official_train,WASHING,/kaggle/input/datasets/ldthanh/epic-kitchens-100-p1/P22/videos/P22_13.MP4
P22_13_208,P22,P22_13,00:07:06.150,00:07:05.08,00:07:06.98,25504,25618,pick up cloth,pick-up,0,cloth,17,['cloth'],[17],official_train,PICKS UP,/kaggle/input/datasets/ldthanh/epic-kitchens-100-p1/P22/videos/P22_13.MP4
P22_13_209,P22,P22_13,00:07:07.160,00:07:07.89,00:07:08.69,25673,25721,rinse cloth,rinse,2,cloth,17,['cloth'],[17],official_train,WASHING,/kaggle/input/datasets/ldthanh/epic-kitchens-100-p1/P22/videos/P22_13.MP4
P22_13_210,P22,P22_13,00:07:09.250,00:07:09.29,00:07:13.77,25757,26026,clean sink,clean,2,sink,63,['sink'],[63],official_train,WASHING,/kaggle/input/datasets/ldthanh/epic-kitchens-100-p1/P22/videos/P22_13.MP4
P22_13_211,P22,P22_13,00:07:14.390,00:07:13.72,00:07:15.62,26023,26137,rinse cloth,rinse,2,cloth,17,['cloth'],[17],official_train,WASHING,/kaggle/input/datasets/ldthanh/epic-kitchens-100-p1/P22/videos/P22_13.MP4
P22_13_212,P22,P22_13,00:07:15.390,00:07:15.72,00:07:16.81,26143,26208,clean sink,clean,2,sink,63,['sink'],[63],official_train,WASHING,/kaggle/input/datasets/ldthanh/epic-kitchens-100-p1/P22/videos/P22_13.MP4
P22_13_214,P22,P22_13,00:07:21.790,00:07:19.11,00:07:22.76,26346,26565,put down cloth,put-down,1,cloth,17,['cloth'],[17],official_train,PUT DOWN,/kaggle/input/datasets/ldthanh/epic-kitchens-100-p1/P22/videos/P22_13.MP4
P22_13_219,P22,P22_13,00:07:33.030,00:07:32.00,00:07:32.85,27120,27171,open trash can,open,3,can:trash,36,['can:trash'],[36],official_train,OPENS,/kaggle/input/datasets/ldthanh/epic-kitchens-100-p1/P22/videos/P22_13.MP4
P22_13_222,P22,P22_13,00:07:36.250,00:07:35.40,00:07:36.30,27324,27378,rinse hands,rinse,2,hand,11,['hand'],[11],official_train,WASHING,/kaggle/input/datasets/ldthanh/epic-kitchens-100-p1/P22/videos/P22_13.MP4
P22_13_226,P22,P22_13,00:07:41.920,00:07:41.36,00:07:42.60,27681,27756,put down cloth,put-down,1,cloth,17,['cloth'],[17],official_train,PUT DOWN,/kaggle/input/datasets/ldthanh/epic-kitchens-100-p1/P22/videos/P22_13.MP4
P22_13_227,P22,P22_13,00:07:43.340,00:07:42.78,00:07:43.33,27766,27799,pick up cloth,pick-up,0,cloth,17,['cloth'],[17],official_train,PICKS UP,/kaggle/input/datasets/ldthanh/epic-kitchens-100-p1/P22/videos/P22_13.MP4
P22_13_228,P22,P22_13,00:07:44.340,00:07:43.88,00:07:47.72,27832,28063,clean stove top,clean,2,top:stove,24,['top:stove'],[24],official_train,WASHING,/kaggle/input/datasets/ldthanh/epic-kitchens-100-p1/P22/videos/P22_13.MP4
P22_13_230,P22,P22_13,00:07:50.370,00:07:50.58,00:07:53.86,28234,28431,clean stove top,clean,2,top:stove,24,['top:stove'],[24],official_train,WASHING,/kaggle/input/datasets/ldthanh/epic-kitchens-100-p1/P22/videos/P22_13.MP4
P22_13_231,P22,P22_13,00:07:53.640,00:07:54.52,00:07:56.31,28471,28578,clean stove top,clean,2,top:stove,24,['top:stove'],[24],official_train,WASHING,/kaggle/input/datasets/ldthanh/epic-kitchens-100-p1/P22/videos/P22_13.MP4
P22_13_232,P22,P22_13,00:07:57.440,00:07:55.79,00:07:57.61,28547,28656,clean stove,clean,2,stove,24,['stove'],[24],official_train,WASHING,/kaggle/input/datasets/ldthanh/epic-kitchens-100-p1/P22/videos/P22_13.MP4
P22_13_233,P22,P22_13,00:07:58.440,00:07:58.07,00:07:58.82,28684,28729,open basket,open,3,basket,168,['basket'],[168],official_train,OPENS,/kaggle/input/datasets/ldthanh/epic-kitchens-100-p1/P22/videos/P22_13.MP4
P22_13_237,P22,P22_13,00:08:02.820,00:08:01.10,00:08:02.94,28866,28976,rinse cloth,rinse,2,cloth,17,['cloth'],[17],official_train,WASHING,/kaggle/input/datasets/ldthanh/epic-kitchens-100-p1/P22/videos/P22_13.MP4
P22_13_239,P22,P22_13,00:08:05.520,00:08:03.97,00:08:05.21,29038,29112,rinse cloth,rinse,2,cloth,17,['cloth'],[17],official_train,WASHING,/kaggle/input/datasets/ldthanh/epic-kitchens-100-p1/P22/videos/P22_13.MP4
P22_13_24,P22,P22_13,00:00:45.640,00:00:43.71,00:00:45.24,2622,2714,put down coffee pot,put-down,1,pot:coffee,50,['pot:coffee'],[50],official_train,PUT DOWN,/kaggle/input/datasets/ldthanh/epic-kitchens-100-p1/P22/videos/P22_13.MP4
P22_13_240,P22,P22_13,00:08:07.320,00:08:06.81,00:08:08.31,29208,29298,put down down cloth,put-down,1,cloth,17,['cloth'],[17],official_train,PUT DOWN,/kaggle/input/datasets/ldthanh/epic-kitchens-100-p1/P22/videos/P22_13.MP4
P22_13_242,P22,P22_13,00:08:10.490,00:08:09.10,00:08:09.85,29346,29391,rinse hands,rinse,2,hand,11,['hand'],[11],official_train,WASHING,/kaggle/input/datasets/ldthanh/epic-kitchens-100-p1/P22/videos/P22_13.MP4
P22_13_245,P22,P22_13,00:08:16.560,00:08:16.65,00:08:17.40,29799,29844,put down down cloth,put-down,1,cloth,17,['cloth'],[17],official_train,PUT DOWN,/kaggle/input/datasets/ldthanh/epic-kitchens-100-p1/P22/videos/P22_13.MP4
P22_13_26,P22,P22_13,00:00:48.380,00:00:48.18,00:00:48.80,2890,2928,open trash can,open,3,can:trash,36,['can:trash'],[36],official_train,OPENS,/kaggle/input/datasets/ldthanh/epic-kitchens-100-p1/P22/videos/P22_13.MP4
P22_13_30,P22,P22_13,00:01:02.540,00:01:01.95,00:01:08.20,3717,4092,rinse filter,rinse,2,filter,77,['filter'],[77],official_train,WASHING,/kaggle/input/datasets/ldthanh/epic-kitchens-100-p1/P22/videos/P22_13.MP4
P22_13_31,P22,P22_13,00:01:06.490,00:01:03.97,00:01:05.22,3838,3913,rinse filter,rinse,2,filter,77,['filter'],[77],official_train,WASHING,/kaggle/input/datasets/ldthanh/epic-kitchens-100-p1/P22/videos/P22_13.MP4
P22_13_32,P22,P22_13,00:01:15.490,00:01:07.45,00:01:15.99,4047,4559,rinse filter,rinse,2,filter,77,['filter'],[77],official_train,WASHING,/kaggle/input/datasets/ldthanh/epic-kitchens-100-p1/P22/videos/P22_13.MP4
P22_13_33,P22,P22_13,00:01:16.490,00:01:16.59,00:01:18.75,4595,4725,rinse pitcher,rinse,2,pitcher,66,['pitcher'],[66],official_train,WASHING,/kaggle/input/datasets/ldthanh/epic-kitchens-100-p1/P22/videos/P22_13.MP4
P22_13_34,P22,P22_13,00:01:20.270,00:01:18.76,00:01:20.60,4725,4836,rinse sponge,rinse,2,sponge,9,['sponge'],[9],official_train,WASHING,/kaggle/input/datasets/ldthanh/epic-kitchens-100-p1/P22/videos/P22_13.MP4
P22_13_35,P22,P22_13,00:01:22.350,00:01:20.70,00:01:22.97,4842,4978,pick up soap,pick-up,0,soap,22,['soap'],[22],official_train,PICKS UP,/kaggle/input/datasets/ldthanh/epic-kitchens-100-p1/P22/videos/P22_13.MP4
P22_13_37,P22,P22_13,00:01:24.350,00:01:23.68,00:01:24.89,5020,5093,put down soap,put-down,1,soap,22,['soap'],[22],official_train,PUT DOWN,/kaggle/input/datasets/ldthanh/epic-kitchens-100-p1/P22/videos/P22_13.MP4
P22_13_38,P22,P22_13,00:01:25.439,00:01:24.12,00:01:25.33,5047,5119,rinse sponge,rinse,2,sponge,9,['sponge'],[9],official_train,WASHING,/kaggle/input/datasets/ldthanh/epic-kitchens-100-p1/P22/videos/P22_13.MP4
P22_13_39,P22,P22_13,00:01:26.780,00:01:26.08,00:01:29.93,5164,5395,lather filter,lather,2,filter,77,['filter'],[77],official_train,WASHING,/kaggle/input/datasets/ldthanh/epic-kitchens-100-p1/P22/videos/P22_13.MP4
P22_13_40,P22,P22_13,00:01:31.310,00:01:30.14,00:01:31.68,5408,5500,pick up pitcher,pick-up,0,pitcher,66,['pitcher'],[66],official_train,PICKS UP,/kaggle/input/datasets/ldthanh/epic-kitchens-100-p1/P22/videos/P22_13.MP4
P22_13_42,P22,P22_13,00:01:33.310,00:01:32.28,00:01:37.04,5536,5822,lather pitcher,lather,2,pitcher,66,['pitcher'],[66],official_train,WASHING,/kaggle/input/datasets/ldthanh/epic-kitchens-100-p1/P22/videos/P22_13.MP4
P22_13_43,P22,P22_13,00:01:38.729,00:01:36.67,00:01:41.06,5800,6063,lather pitcher,lather,2,pitcher,66,['pitcher'],[66],official_train,WASHING,/kaggle/input/datasets/ldthanh/epic-kitchens-100-p1/P22/videos/P22_13.MP4
P22_13_44,P22,P22_13,00:01:40.689,00:01:40.70,00:01:41.24,6042,6074,put down pitcher,put-down,1,pitcher,66,['pitcher'],[66],official_train,PUT DOWN,/kaggle/input/datasets/ldthanh/epic-kitchens-100-p1/P22/videos/P22_13.MP4
P22_13_45,P22,P22_13,00:01:41.689,00:01:41.11,00:01:42.23,6066,6133,pick up knife,pick-up,0,knife,4,['knife'],[4],official_train,PICKS UP,/kaggle/input/datasets/ldthanh/epic-kitchens-100-p1/P22/videos/P22_13.MP4
P22_13_46,P22,P22_13,00:01:42.770,00:01:42.14,00:01:44.74,6128,6284,lather knife,lather,2,knife,4,['knife'],[4],official_train,WASHING,/kaggle/input/datasets/ldthanh/epic-kitchens-100-p1/P22/videos/P22_13.MP4
P22_13_47,P22,P22_13,00:01:43.880,00:01:44.60,00:01:45.85,6276,6351,put down knife,put-down,1,knife,4,['knife'],[4],official_train,PUT DOWN,/kaggle/input/datasets/ldthanh/epic-kitchens-100-p1/P22/videos/P22_13.MP4
P22_13_48,P22,P22_13,00:01:46.270,00:01:45.44,00:01:46.19,6326,6371,pick up potato peeler,pick-up,0,peeler:potato,87,['peeler:potato'],[87],official_train,PICKS UP,/kaggle/input/datasets/ldthanh/epic-kitchens-100-p1/P22/videos/P22_13.MP4
P22_13_49,P22,P22_13,00:01:47.380,00:01:46.04,00:01:47.79,6362,6467,lather potato peeler,lather,2,peeler:potato,87,['peeler:potato'],[87],official_train,WASHING,/kaggle/input/datasets/ldthanh/epic-kitchens-100-p1/P22/videos/P22_13.MP4
P22_13_5,P22,P22_13,00:00:18.260,00:00:16.98,00:00:18.00,1018,1080,put down jar,put-down,1,jar,40,['jar'],[40],official_train,PUT DOWN,/kaggle/input/datasets/ldthanh/epic-kitchens-100-p1/P22/videos/P22_13.MP4
P22_13_50,P22,P22_13,00:01:48.469,00:01:48.17,00:01:48.99,6490,6539,put down potato peeler,put-down,1,peeler:potato,87,['peeler:potato'],[87],official_train,PUT DOWN,/kaggle/input/datasets/ldthanh/epic-kitchens-100-p1/P22/videos/P22_13.MP4
P22_13_52,P22,P22_13,00:01:50.840,00:01:50.43,00:01:51.68,6625,6700,rinse knife,rinse,2,knife,4,['knife'],[4],official_train,WASHING,/kaggle/input/datasets/ldthanh/epic-kitchens-100-p1/P22/videos/P22_13.MP4
P22_13_53,P22,P22_13,00:01:51.840,00:01:51.44,00:01:53.19,6686,6791,lather knife,lather,2,knife,4,['knife'],[4],official_train,WASHING,/kaggle/input/datasets/ldthanh/epic-kitchens-100-p1/P22/videos/P22_13.MP4
P22_13_54,P22,P22_13,00:01:52.840,00:01:53.29,00:01:53.79,6797,6827,put down knife,put-down,1,knife,4,['knife'],[4],official_train,PUT DOWN,/kaggle/input/datasets/ldthanh/epic-kitchens-100-p1/P22/videos/P22_13.MP4
P22_13_56,P22,P22_13,00:01:56.380,00:01:55.63,00:01:59.52,6937,7171,rinse cloth,rinse,2,cloth,17,['cloth'],[17],official_train,WASHING,/kaggle/input/datasets/ldthanh/epic-kitchens-100-p1/P22/videos/P22_13.MP4
P22_13_58,P22,P22_13,00:02:00.590,00:02:01.79,00:02:03.97,7307,7438,put down cloth,put-down,1,cloth,17,['cloth'],[17],official_train,PUT DOWN,/kaggle/input/datasets/ldthanh/epic-kitchens-100-p1/P22/videos/P22_13.MP4
P22_13_59,P22,P22_13,00:02:07.229,00:02:05.91,00:02:09.32,7554,7759,rinse sponge,rinse,2,sponge,9,['sponge'],[9],official_train,WASHING,/kaggle/input/datasets/ldthanh/epic-kitchens-100-p1/P22/videos/P22_13.MP4
P22_13_6,P22,P22_13,00:00:19.260,00:00:17.95,00:00:19.32,1077,1159,put down cloth,put-down,1,cloth,17,['cloth'],[17],official_train,PUT DOWN,/kaggle/input/datasets/ldthanh/epic-kitchens-100-p1/P22/videos/P22_13.MP4
P22_13_60,P22,P22_13,00:02:10.000,00:02:09.39,00:02:10.01,7763,7800,put down sponge,put-down,1,sponge,9,['sponge'],[9],official_train,PUT DOWN,/kaggle/input/datasets/ldthanh/epic-kitchens-100-p1/P22/videos/P22_13.MP4
P22_13_61,P22,P22_13,00:02:11.000,00:02:09.68,00:02:11.04,7780,7862,rinse hands,rinse,2,hand,11,['hand'],[11],official_train,WASHING,/kaggle/input/datasets/ldthanh/epic-kitchens-100-p1/P22/videos/P22_13.MP4
P22_13_64,P22,P22_13,00:02:19.079,00:02:12.59,00:02:20.08,7955,8404,rinse carafe,rinse,2,carafe,66,['carafe'],[66],official_train,WASHING,/kaggle/input/datasets/ldthanh/epic-kitchens-100-p1/P22/videos/P22_13.MP4
P22_13_66,P22,P22_13,00:02:28.849,00:02:14.88,00:02:27.86,8092,8871,rinse carafe,rinse,2,carafe,66,['carafe'],[66],official_train,WASHING,/kaggle/input/datasets/ldthanh/epic-kitchens-100-p1/P22/videos/P22_13.MP4
P22_13_68,P22,P22_13,00:02:16.290,00:02:17.97,00:02:19.99,8278,8399,rinse carafe,rinse,2,carafe,66,['carafe'],[66],official_train,WASHING,/kaggle/input/datasets/ldthanh/epic-kitchens-100-p1/P22/videos/P22_13.MP4
P22_13_69,P22,P22_13,00:02:26.629,00:02:24.76,00:02:27.71,8685,8862,rinse carafe,rinse,2,carafe,66,['carafe'],[66],official_train,WASHING,/kaggle/input/datasets/ldthanh/epic-kitchens-100-p1/P22/videos/P22_13.MP4
P22_13_7,P22,P22_13,00:00:20.260,00:00:19.42,00:00:20.36,1165,1221,pick up lid,pick-up,0,lid,6,['lid'],[6],official_train,PICKS UP,/kaggle/input/datasets/ldthanh/epic-kitchens-100-p1/P22/videos/P22_13.MP4
P22_13_70,P22,P22_13,00:02:34.760,00:02:26.51,00:02:32.50,8790,9150,rinse carafe,rinse,2,carafe,66,['carafe'],[66],official_train,WASHING,/kaggle/input/datasets/ldthanh/epic-kitchens-100-p1/P22/videos/P22_13.MP4
P22_13_71,P22,P22_13,00:02:22.400,00:02:27.82,00:02:32.97,8869,9178,rinse carafe,rinse,2,carafe,66,['carafe'],[66],official_train,WASHING,/kaggle/input/datasets/ldthanh/epic-kitchens-100-p1/P22/videos/P22_13.MP4
P22_13_73,P22,P22_13,00:02:38.209,00:02:37.24,00:02:40.97,9434,9658,put down carafe,put-down,1,carafe,66,['carafe'],[66],official_train,PUT DOWN,/kaggle/input/datasets/ldthanh/epic-kitchens-100-p1/P22/videos/P22_13.MP4
P22_13_74,P22,P22_13,00:02:42.739,00:02:41.75,00:02:43.19,9705,9791,pick up filter,pick-up,0,filter,77,['filter'],[77],official_train,PICKS UP,/kaggle/input/datasets/ldthanh/epic-kitchens-100-p1/P22/videos/P22_13.MP4
P22_13_75,P22,P22_13,00:02:44.000,00:02:42.55,00:02:47.39,9753,10043,rinse filter,rinse,2,filter,77,['filter'],[77],official_train,WASHING,/kaggle/input/datasets/ldthanh/epic-kitchens-100-p1/P22/videos/P22_13.MP4
P22_13_76,P22,P22_13,00:02:47.989,00:02:47.28,00:02:48.74,10036,10124,put down filter,put-down,1,filter,77,['filter'],[77],official_train,PUT DOWN,/kaggle/input/datasets/ldthanh/epic-kitchens-100-p1/P22/videos/P22_13.MP4
P22_13_77,P22,P22_13,00:02:49.829,00:02:48.53,00:02:49.83,10111,10189,pick up knife,pick-up,0,knife,4,['knife'],[4],official_train,PICKS UP,/kaggle/input/datasets/ldthanh/epic-kitchens-100-p1/P22/videos/P22_13.MP4
P22_13_78,P22,P22_13,00:02:50.829,00:02:49.93,00:02:52.03,10195,10321,rinse knife,rinse,2,knife,4,['knife'],[4],official_train,WASHING,/kaggle/input/datasets/ldthanh/epic-kitchens-100-p1/P22/videos/P22_13.MP4
P22_13_79,P22,P22_13,00:02:51.829,00:02:52.13,00:02:53.01,10327,10380,put down knife,put-down,1,knife,4,['knife'],[4],official_train,PUT DOWN,/kaggle/input/datasets/ldthanh/epic-kitchens-100-p1/P22/videos/P22_13.MP4
P22_13_80,P22,P22_13,00:02:53.810,00:02:53.11,00:02:54.05,10386,10443,pick up potato peeler,pick-up,0,peeler:potato,87,['peeler:potato'],[87],official_train,PICKS UP,/kaggle/input/datasets/ldthanh/epic-kitchens-100-p1/P22/videos/P22_13.MP4
P22_13_81,P22,P22_13,00:02:54.810,00:02:53.87,00:02:57.90,10432,10674,rinse potato peeler,rinse,2,peeler:potato,87,['peeler:potato'],[87],official_train,WASHING,/kaggle/input/datasets/ldthanh/epic-kitchens-100-p1/P22/videos/P22_13.MP4
P22_13_82,P22,P22_13,00:02:58.069,00:02:57.95,00:02:58.70,10677,10722,put down potato peeler,put-down,1,peeler:potato,87,['peeler:potato'],[87],official_train,PUT DOWN,/kaggle/input/datasets/ldthanh/epic-kitchens-100-p1/P22/videos/P22_13.MP4
P22_13_83,P22,P22_13,00:02:59.069,00:02:58.80,00:02:59.35,10728,10761,pick up knife,pick-up,0,knife,4,['knife'],[4],official_train,PICKS UP,/kaggle/input/datasets/ldthanh/epic-kitchens-100-p1/P22/videos/P22_13.MP4
P22_13_84,P22,P22_13,00:03:00.129,00:02:59.70,00:03:02.23,10782,10933,rinse knife,rinse,2,knife,4,['knife'],[4],official_train,WASHING,/kaggle/input/datasets/ldthanh/epic-kitchens-100-p1/P22/videos/P22_13.MP4
P22_13_85,P22,P22_13,00:03:02.760,00:03:02.33,00:03:03.57,10939,11014,put down knife,put-down,1,knife,4,['knife'],[4],official_train,PUT DOWN,/kaggle/input/datasets/ldthanh/epic-kitchens-100-p1/P22/videos/P22_13.MP4
P22_13_86,P22,P22_13,00:03:03.909,00:03:03.65,00:03:05.39,11019,11123,rinse hands,rinse,2,hand,11,['hand'],[11],official_train,WASHING,/kaggle/input/datasets/ldthanh/epic-kitchens-100-p1/P22/videos/P22_13.MP4
P22_13_89,P22,P22_13,00:03:10.629,00:03:10.19,00:03:11.50,11411,11490,put down cloth,put-down,1,cloth,17,['cloth'],[17],official_train,PUT DOWN,/kaggle/input/datasets/ldthanh/epic-kitchens-100-p1/P22/videos/P22_13.MP4
P22_13_9,P22,P22_13,00:00:22.660,00:00:21.72,00:00:22.49,1303,1349,put down lid,put-down,1,lid,6,['lid'],[6],official_train,PUT DOWN,/kaggle/input/datasets/ldthanh/epic-kitchens-100-p1/P22/videos/P22_13.MP4
P22_13_90,P22,P22_13,00:03:12.290,00:03:11.89,00:03:12.94,11513,11576,pick up container,pick-up,0,container,21,['container'],[21],official_train,PICKS UP,/kaggle/input/datasets/ldthanh/epic-kitchens-100-p1/P22/videos/P22_13.MP4
P22_13_91,P22,P22_13,00:03:13.400,00:03:12.99,00:03:13.57,11579,11614,put down container,put-down,1,container,21,['container'],[21],official_train,PUT DOWN,/kaggle/input/datasets/ldthanh/epic-kitchens-100-p1/P22/videos/P22_13.MP4
P22_13_94,P22,P22_13,00:03:15.980,00:03:15.99,00:03:16.97,11759,11818,open cabinet,open,3,cabinet,3,['cabinet'],[3],official_train,OPENS,/kaggle/input/datasets/ldthanh/epic-kitchens-100-p1/P22/videos/P22_13.MP4
P22_13_95,P22,P22_13,00:03:18.280,00:03:16.94,00:03:19.96,11816,11997,put down container,put-down,1,container,21,['container'],[21],official_train,PUT DOWN,/kaggle/input/datasets/ldthanh/epic-kitchens-100-p1/P22/videos/P22_13.MP4
P22_13_97,P22,P22_13,00:03:24.299,00:03:22.80,00:03:25.04,12168,12302,take cups,take,0,cup,13,['cup'],[13],official_train,PICKS UP,/kaggle/input/datasets/ldthanh/epic-kitchens-100-p1/P22/videos/P22_13.MP4
P22_13_98,P22,P22_13,00:03:26.790,00:03:24.69,00:03:28.24,12281,12494,put down cups,put-down,1,cup,13,['cup'],[13],official_train,PUT DOWN,/kaggle/input/datasets/ldthanh/epic-kitchens-100-p1/P22/videos/P22_13.MP4
P22_13_99,P22,P22_13,00:03:31.159,00:03:30.86,00:03:31.86,12651,12711,take plate,take,0,plate,2,['plate'],[2],official_train,PICKS UP,/kaggle/input/datasets/ldthanh/epic-kitchens-100-p1/P22/videos/P22_13.MP4
P22_14_1,P22,P22_14,00:00:07.790,00:00:07.03,00:00:08.62,421,517,pick up mocha,pick-up,0,mocha,50,['mocha'],[50],official_train,PICKS UP,/kaggle/input/datasets/ldthanh/epic-kitchens-100-p1/P22/videos/P22_14.MP4
P22_14_100,P22,P22_14,00:04:21.980,00:04:20.64,00:04:32.89,15638,16373,lather scoop,lather,2,scoop,1,['scoop'],[1],official_train,WASHING,/kaggle/input/datasets/ldthanh/epic-kitchens-100-p1/P22/videos/P22_14.MP4
P22_14_101,P22,P22_14,00:04:32.290,00:04:31.38,00:04:33.23,16282,16393,put down scoop,put-down,1,scoop,1,['scoop'],[1],official_train,PUT DOWN,/kaggle/input/datasets/ldthanh/epic-kitchens-100-p1/P22/videos/P22_14.MP4
P22_14_102,P22,P22_14,00:04:34.220,00:04:33.26,00:04:34.84,16395,16490,pick up fork,pick-up,0,fork,14,['fork'],[14],official_train,PICKS UP,/kaggle/input/datasets/ldthanh/epic-kitchens-100-p1/P22/videos/P22_14.MP4
P22_14_103,P22,P22_14,00:04:35.340,00:04:34.27,00:04:37.02,16456,16621,lather fork,lather,2,fork,14,['fork'],[14],official_train,WASHING,/kaggle/input/datasets/ldthanh/epic-kitchens-100-p1/P22/videos/P22_14.MP4
P22_14_104,P22,P22_14,00:04:38.140,00:04:36.71,00:04:37.63,16602,16657,put down fork,put-down,1,fork,14,['fork'],[14],official_train,PUT DOWN,/kaggle/input/datasets/ldthanh/epic-kitchens-100-p1/P22/videos/P22_14.MP4
P22_14_105,P22,P22_14,00:04:39.320,00:04:36.77,00:04:38.76,16606,16725,pick up knife,pick-up,0,knife,4,['knife'],[4],official_train,PICKS UP,/kaggle/input/datasets/ldthanh/epic-kitchens-100-p1/P22/videos/P22_14.MP4
P22_14_106,P22,P22_14,00:04:40.320,00:04:37.86,00:04:40.88,16671,16852,lather knife,lather,2,knife,4,['knife'],[4],official_train,WASHING,/kaggle/input/datasets/ldthanh/epic-kitchens-100-p1/P22/videos/P22_14.MP4
P22_14_107,P22,P22_14,00:04:41.320,00:04:40.98,00:04:41.71,16858,16902,put down knife,put-down,1,knife,4,['knife'],[4],official_train,PUT DOWN,/kaggle/input/datasets/ldthanh/epic-kitchens-100-p1/P22/videos/P22_14.MP4
P22_14_108,P22,P22_14,00:04:42.850,00:04:41.63,00:04:43.42,16897,17005,pick up knife,pick-up,0,knife,4,['knife'],[4],official_train,PICKS UP,/kaggle/input/datasets/ldthanh/epic-kitchens-100-p1/P22/videos/P22_14.MP4
P22_14_109,P22,P22_14,00:04:43.850,00:04:42.51,00:04:45.15,16950,17109,lather knife,lather,2,knife,4,['knife'],[4],official_train,WASHING,/kaggle/input/datasets/ldthanh/epic-kitchens-100-p1/P22/videos/P22_14.MP4
P22_14_110,P22,P22_14,00:04:45.390,00:04:44.25,00:04:46.28,17055,17176,put down knife,put-down,1,knife,4,['knife'],[4],official_train,PUT DOWN,/kaggle/input/datasets/ldthanh/epic-kitchens-100-p1/P22/videos/P22_14.MP4
P22_14_111,P22,P22_14,00:04:46.840,00:04:46.25,00:04:47.00,17175,17220,pick up colander,pick-up,0,colander,39,['colander'],[39],official_train,PICKS UP,/kaggle/input/datasets/ldthanh/epic-kitchens-100-p1/P22/videos/P22_14.MP4
P22_14_113,P22,P22_14,00:04:48.920,00:04:47.95,00:04:48.70,17277,17322,pick up plate,pick-up,0,plate,2,['plate'],[2],official_train,PICKS UP,/kaggle/input/datasets/ldthanh/epic-kitchens-100-p1/P22/videos/P22_14.MP4
P22_14_114,P22,P22_14,00:04:49.920,00:04:48.76,00:04:54.11,17325,17646,lather plate,lather,2,plate,2,['plate'],[2],official_train,WASHING,/kaggle/input/datasets/ldthanh/epic-kitchens-100-p1/P22/videos/P22_14.MP4
P22_14_115,P22,P22_14,00:04:56.000,00:04:54.16,00:04:55.21,17649,17712,put down plate,put-down,1,plate,2,['plate'],[2],official_train,PUT DOWN,/kaggle/input/datasets/ldthanh/epic-kitchens-100-p1/P22/videos/P22_14.MP4
P22_14_116,P22,P22_14,00:04:50.920,00:04:55.31,00:04:57.31,17718,17838,put down plate,put-down,1,plate,2,['plate'],[2],official_train,PUT DOWN,/kaggle/input/datasets/ldthanh/epic-kitchens-100-p1/P22/videos/P22_14.MP4
P22_14_117,P22,P22_14,00:04:58.500,00:04:57.10,00:05:00.10,17826,18006,pick up bowl,pick-up,0,bowl,7,['bowl'],[7],official_train,PICKS UP,/kaggle/input/datasets/ldthanh/epic-kitchens-100-p1/P22/videos/P22_14.MP4
P22_14_119,P22,P22_14,00:05:00.630,00:05:00.08,00:05:03.68,18004,18220,lather bowl,lather,2,bowl,7,['bowl'],[7],official_train,WASHING,/kaggle/input/datasets/ldthanh/epic-kitchens-100-p1/P22/videos/P22_14.MP4
P22_14_120,P22,P22_14,00:05:01.730,00:05:03.78,00:05:04.66,18226,18279,put down bowl,put-down,1,bowl,7,['bowl'],[7],official_train,PUT DOWN,/kaggle/input/datasets/ldthanh/epic-kitchens-100-p1/P22/videos/P22_14.MP4
P22_14_121,P22,P22_14,00:05:06.650,00:05:04.82,00:05:05.55,18289,18333,pick up lid,pick-up,0,lid,6,['lid'],[6],official_train,PICKS UP,/kaggle/input/datasets/ldthanh/epic-kitchens-100-p1/P22/videos/P22_14.MP4
P22_14_122,P22,P22_14,00:05:07.650,00:05:06.07,00:05:06.77,18364,18406,put down lid,put-down,1,lid,6,['lid'],[6],official_train,PUT DOWN,/kaggle/input/datasets/ldthanh/epic-kitchens-100-p1/P22/videos/P22_14.MP4
P22_14_123,P22,P22_14,00:05:08.650,00:05:06.87,00:05:14.29,18412,18857,lather colander,lather,2,colander,39,['colander'],[39],official_train,WASHING,/kaggle/input/datasets/ldthanh/epic-kitchens-100-p1/P22/videos/P22_14.MP4
P22_14_124,P22,P22_14,00:05:14.450,00:05:14.39,00:05:15.29,18863,18917,put down colander,put-down,1,colander,39,['colander'],[39],official_train,PUT DOWN,/kaggle/input/datasets/ldthanh/epic-kitchens-100-p1/P22/videos/P22_14.MP4
P22_14_126,P22,P22_14,00:05:17.590,00:05:16.41,00:05:19.06,18984,19143,rinse hands,rinse,2,hand,11,['hand'],[11],official_train,WASHING,/kaggle/input/datasets/ldthanh/epic-kitchens-100-p1/P22/videos/P22_14.MP4
P22_14_127,P22,P22_14,00:05:20.520,00:05:17.81,00:05:25.74,19068,19544,rinse bowl,rinse,2,bowl,7,['bowl'],[7],official_train,WASHING,/kaggle/input/datasets/ldthanh/epic-kitchens-100-p1/P22/videos/P22_14.MP4
P22_14_129,P22,P22_14,00:05:27.640,00:05:26.49,00:05:28.28,19589,19696,put down bowl,put-down,1,bowl,7,['bowl'],[7],official_train,PUT DOWN,/kaggle/input/datasets/ldthanh/epic-kitchens-100-p1/P22/videos/P22_14.MP4
P22_14_13,P22,P22_14,00:00:36.210,00:00:35.03,00:00:36.23,2101,2173,put down bottle,put-down,1,bottle,15,['bottle'],[15],official_train,PUT DOWN,/kaggle/input/datasets/ldthanh/epic-kitchens-100-p1/P22/videos/P22_14.MP4
P22_14_131,P22,P22_14,00:05:32.150,00:05:29.26,00:05:37.14,19755,20228,rinse colander,rinse,2,colander,39,['colander'],[39],official_train,WASHING,/kaggle/input/datasets/ldthanh/epic-kitchens-100-p1/P22/videos/P22_14.MP4
P22_14_132,P22,P22_14,00:05:36.110,00:05:37.24,00:05:38.60,20234,20316,put down colander,put-down,1,colander,39,['colander'],[39],official_train,PUT DOWN,/kaggle/input/datasets/ldthanh/epic-kitchens-100-p1/P22/videos/P22_14.MP4
P22_14_134,P22,P22_14,00:05:40.660,00:05:39.37,00:05:45.23,20362,20713,rinse silverware,rinse,2,silverware,58,['silverware'],[58],official_train,WASHING,/kaggle/input/datasets/ldthanh/epic-kitchens-100-p1/P22/videos/P22_14.MP4
P22_14_135,P22,P22_14,00:05:46.340,00:05:45.08,00:05:46.79,20704,20807,put down fork,put-down,1,fork,14,['fork'],[14],official_train,PUT DOWN,/kaggle/input/datasets/ldthanh/epic-kitchens-100-p1/P22/videos/P22_14.MP4
P22_14_136,P22,P22_14,00:05:47.960,00:05:47.11,00:05:49.61,20826,20976,lather knife,lather,2,knife,4,['knife'],[4],official_train,WASHING,/kaggle/input/datasets/ldthanh/epic-kitchens-100-p1/P22/videos/P22_14.MP4
P22_14_137,P22,P22_14,00:05:50.250,00:05:49.50,00:05:53.34,20970,21200,rinse knife,rinse,2,knife,4,['knife'],[4],official_train,WASHING,/kaggle/input/datasets/ldthanh/epic-kitchens-100-p1/P22/videos/P22_14.MP4
P22_14_138,P22,P22_14,00:05:53.630,00:05:52.94,00:05:54.56,21176,21273,put down knife,put-down,1,knife,4,['knife'],[4],official_train,PUT DOWN,/kaggle/input/datasets/ldthanh/epic-kitchens-100-p1/P22/videos/P22_14.MP4
P22_14_139,P22,P22_14,00:05:56.490,00:05:54.41,00:05:58.66,21264,21519,rinse spatula,rinse,2,spatula,20,['spatula'],[20],official_train,WASHING,/kaggle/input/datasets/ldthanh/epic-kitchens-100-p1/P22/videos/P22_14.MP4
P22_14_14,P22,P22_14,00:00:37.560,00:00:37.17,00:00:38.24,2230,2294,take filter,take,0,filter,77,['filter'],[77],official_train,PICKS UP,/kaggle/input/datasets/ldthanh/epic-kitchens-100-p1/P22/videos/P22_14.MP4
P22_14_140,P22,P22_14,00:05:59.500,00:05:58.41,00:06:00.52,21504,21631,put down spatula,put-down,1,spatula,20,['spatula'],[20],official_train,PUT DOWN,/kaggle/input/datasets/ldthanh/epic-kitchens-100-p1/P22/videos/P22_14.MP4
P22_14_141,P22,P22_14,00:06:01.120,00:06:00.07,00:06:01.26,21604,21675,take cutlery,take,0,cutlery,58,['cutlery'],[58],official_train,PICKS UP,/kaggle/input/datasets/ldthanh/epic-kitchens-100-p1/P22/videos/P22_14.MP4
P22_14_142,P22,P22_14,00:06:02.760,00:06:01.11,00:06:08.67,21666,22120,rinse cutlery,rinse,2,cutlery,58,['cutlery'],[58],official_train,WASHING,/kaggle/input/datasets/ldthanh/epic-kitchens-100-p1/P22/videos/P22_14.MP4
P22_14_143,P22,P22_14,00:06:09.020,00:06:08.62,00:06:10.55,22117,22233,put down cutlery,put-down,1,cutlery,58,['cutlery'],[58],official_train,PUT DOWN,/kaggle/input/datasets/ldthanh/epic-kitchens-100-p1/P22/videos/P22_14.MP4
P22_14_144,P22,P22_14,00:06:11.280,00:06:10.65,00:06:11.86,22239,22311,take plate,take,0,plate,2,['plate'],[2],official_train,PICKS UP,/kaggle/input/datasets/ldthanh/epic-kitchens-100-p1/P22/videos/P22_14.MP4
P22_14_145,P22,P22_14,00:06:12.430,00:06:11.73,00:06:14.36,22303,22461,rinse plate,rinse,2,plate,2,['plate'],[2],official_train,WASHING,/kaggle/input/datasets/ldthanh/epic-kitchens-100-p1/P22/videos/P22_14.MP4
P22_14_146,P22,P22_14,00:06:14.930,00:06:14.32,00:06:16.33,22459,22579,put down plate,put-down,1,plate,2,['plate'],[2],official_train,PUT DOWN,/kaggle/input/datasets/ldthanh/epic-kitchens-100-p1/P22/videos/P22_14.MP4
P22_14_147,P22,P22_14,00:06:16.120,00:06:15.42,00:06:16.21,22525,22572,take plate,take,0,plate,2,['plate'],[2],official_train,PICKS UP,/kaggle/input/datasets/ldthanh/epic-kitchens-100-p1/P22/videos/P22_14.MP4
P22_14_148,P22,P22_14,00:06:17.330,00:06:16.31,00:06:18.51,22578,22710,rinse plate,rinse,2,plate,2,['plate'],[2],official_train,WASHING,/kaggle/input/datasets/ldthanh/epic-kitchens-100-p1/P22/videos/P22_14.MP4
P22_14_149,P22,P22_14,00:06:19.000,00:06:18.61,00:06:19.52,22716,22771,put down plate,put-down,1,plate,2,['plate'],[2],official_train,PUT DOWN,/kaggle/input/datasets/ldthanh/epic-kitchens-100-p1/P22/videos/P22_14.MP4
P22_14_15,P22,P22_14,00:00:38.560,00:00:38.61,00:00:39.26,2316,2355,put down filter,put-down,1,filter,77,['filter'],[77],official_train,PUT DOWN,/kaggle/input/datasets/ldthanh/epic-kitchens-100-p1/P22/videos/P22_14.MP4
P22_14_150,P22,P22_14,00:06:20.720,00:06:19.47,00:06:21.41,22768,22884,rinse lid,rinse,2,lid,6,['lid'],[6],official_train,WASHING,/kaggle/input/datasets/ldthanh/epic-kitchens-100-p1/P22/videos/P22_14.MP4
P22_14_151,P22,P22_14,00:06:21.840,00:06:21.35,00:06:22.21,22881,22932,put down lid,put-down,1,lid,6,['lid'],[6],official_train,PUT DOWN,/kaggle/input/datasets/ldthanh/epic-kitchens-100-p1/P22/videos/P22_14.MP4
P22_14_152,P22,P22_14,00:06:23.180,00:06:22.34,00:06:23.30,22940,22998,rinse hands,rinse,2,hand,11,['hand'],[11],official_train,WASHING,/kaggle/input/datasets/ldthanh/epic-kitchens-100-p1/P22/videos/P22_14.MP4
P22_14_154,P22,P22_14,00:06:25.600,00:06:25.35,00:06:26.42,23121,23185,take cloth,take,0,cloth,17,['cloth'],[17],official_train,PICKS UP,/kaggle/input/datasets/ldthanh/epic-kitchens-100-p1/P22/videos/P22_14.MP4
P22_14_156,P22,P22_14,00:06:28.970,00:06:28.12,00:06:29.57,23287,23374,open moka pot,open,3,pot:moka,50,['pot:moka'],[50],official_train,OPENS,/kaggle/input/datasets/ldthanh/epic-kitchens-100-p1/P22/videos/P22_14.MP4
P22_14_158,P22,P22_14,00:06:31.500,00:06:30.65,00:06:32.19,23439,23531,take cloth,take,0,cloth,17,['cloth'],[17],official_train,PICKS UP,/kaggle/input/datasets/ldthanh/epic-kitchens-100-p1/P22/videos/P22_14.MP4
P22_14_159,P22,P22_14,00:06:34.470,00:06:34.25,00:06:34.90,23655,23694,take saucepan,take,0,saucepan,5,['saucepan'],[5],official_train,PICKS UP,/kaggle/input/datasets/ldthanh/epic-kitchens-100-p1/P22/videos/P22_14.MP4
P22_14_16,P22,P22_14,00:00:46.440,00:00:38.95,00:00:41.45,2337,2487,open cupboard,open,3,cupboard,3,['cupboard'],[3],official_train,OPENS,/kaggle/input/datasets/ldthanh/epic-kitchens-100-p1/P22/videos/P22_14.MP4
P22_14_161,P22,P22_14,00:06:37.620,00:06:36.98,00:06:55.45,23818,24927,wash saucepan,wash,2,saucepan,5,['saucepan'],[5],official_train,WASHING,/kaggle/input/datasets/ldthanh/epic-kitchens-100-p1/P22/videos/P22_14.MP4
P22_14_162,P22,P22_14,00:06:57.610,00:06:57.13,00:07:00.29,25027,25217,soap pan,soap,2,pan,5,['pan'],[5],official_train,WASHING,/kaggle/input/datasets/ldthanh/epic-kitchens-100-p1/P22/videos/P22_14.MP4
P22_14_163,P22,P22_14,00:07:00.530,00:07:00.31,00:07:01.18,25218,25270,put pan,put,1,pan,5,['pan'],[5],official_train,PUT DOWN,/kaggle/input/datasets/ldthanh/epic-kitchens-100-p1/P22/videos/P22_14.MP4
P22_14_164,P22,P22_14,00:07:02.140,00:07:01.13,00:07:02.47,25267,25348,pick up chopping board,pick-up,0,board:chopping,18,['board:chopping'],[18],official_train,PICKS UP,/kaggle/input/datasets/ldthanh/epic-kitchens-100-p1/P22/videos/P22_14.MP4
P22_14_167,P22,P22_14,00:07:10.050,00:07:09.27,00:07:10.70,25756,25842,rinse hands,rinse,2,hand,11,['hand'],[11],official_train,WASHING,/kaggle/input/datasets/ldthanh/epic-kitchens-100-p1/P22/videos/P22_14.MP4
P22_14_168,P22,P22_14,00:07:11.410,00:07:10.70,00:07:14.59,25842,26075,rinse chopping board,rinse,2,board:chopping,18,['board:chopping'],[18],official_train,WASHING,/kaggle/input/datasets/ldthanh/epic-kitchens-100-p1/P22/videos/P22_14.MP4
P22_14_169,P22,P22_14,00:07:16.690,00:07:14.69,00:07:18.85,26081,26331,rinse chopping board,rinse,2,board:chopping,18,['board:chopping'],[18],official_train,WASHING,/kaggle/input/datasets/ldthanh/epic-kitchens-100-p1/P22/videos/P22_14.MP4
P22_14_17,P22,P22_14,00:00:41.710,00:00:41.25,00:00:42.06,2475,2523,take coffee,take,0,coffee,59,['coffee'],[59],official_train,PICKS UP,/kaggle/input/datasets/ldthanh/epic-kitchens-100-p1/P22/videos/P22_14.MP4
P22_14_171,P22,P22_14,00:07:22.030,00:07:20.94,00:07:24.46,26456,26667,put chopping board,put,1,board:chopping,18,['board:chopping'],[18],official_train,PUT DOWN,/kaggle/input/datasets/ldthanh/epic-kitchens-100-p1/P22/videos/P22_14.MP4
P22_14_173,P22,P22_14,00:07:35.660,00:07:27.66,00:07:33.50,26859,27210,rinse pot,rinse,2,pot,29,['pot'],[29],official_train,WASHING,/kaggle/input/datasets/ldthanh/epic-kitchens-100-p1/P22/videos/P22_14.MP4
P22_14_174,P22,P22_14,00:07:30.060,00:07:33.51,00:07:39.76,27210,27585,rinse pot,rinse,2,pot,29,['pot'],[29],official_train,WASHING,/kaggle/input/datasets/ldthanh/epic-kitchens-100-p1/P22/videos/P22_14.MP4
P22_14_175,P22,P22_14,00:07:40.330,00:07:39.80,00:07:41.00,27588,27660,put pot,put,1,pot,29,['pot'],[29],official_train,PUT DOWN,/kaggle/input/datasets/ldthanh/epic-kitchens-100-p1/P22/videos/P22_14.MP4
P22_14_176,P22,P22_14,00:07:41.780,00:07:41.56,00:07:42.27,27693,27736,put pot,put,1,pot,29,['pot'],[29],official_train,PUT DOWN,/kaggle/input/datasets/ldthanh/epic-kitchens-100-p1/P22/videos/P22_14.MP4
P22_14_178,P22,P22_14,00:07:44.420,00:07:42.62,00:07:44.89,27757,27893,put colander,put,1,colander,39,['colander'],[39],official_train,PUT DOWN,/kaggle/input/datasets/ldthanh/epic-kitchens-100-p1/P22/videos/P22_14.MP4
P22_14_179,P22,P22_14,00:07:45.920,00:07:44.99,00:07:46.02,27899,27961,pick up pan,pick-up,0,pan,5,['pan'],[5],official_train,PICKS UP,/kaggle/input/datasets/ldthanh/epic-kitchens-100-p1/P22/videos/P22_14.MP4
P22_14_18,P22,P22_14,00:00:42.829,00:00:42.77,00:00:43.73,2566,2623,put down coffee,put-down,1,coffee,59,['coffee'],[59],official_train,PUT DOWN,/kaggle/input/datasets/ldthanh/epic-kitchens-100-p1/P22/videos/P22_14.MP4
P22_14_180,P22,P22_14,00:07:47.190,00:07:45.58,00:07:52.63,27934,28357,rinse pan,rinse,2,pan,5,['pan'],[5],official_train,WASHING,/kaggle/input/datasets/ldthanh/epic-kitchens-100-p1/P22/videos/P22_14.MP4
P22_14_181,P22,P22_14,00:07:50.580,00:07:45.65,00:07:52.63,27939,28357,rinse small pot,rinse,2,pot:small,29,['pot:small'],[29],official_train,WASHING,/kaggle/input/datasets/ldthanh/epic-kitchens-100-p1/P22/videos/P22_14.MP4
P22_14_182,P22,P22_14,00:07:53.150,00:07:53.07,00:07:54.72,28384,28483,put down down small pot,put-down,1,pot:small,29,['pot:small'],[29],official_train,PUT DOWN,/kaggle/input/datasets/ldthanh/epic-kitchens-100-p1/P22/videos/P22_14.MP4
P22_14_185,P22,P22_14,00:08:01.370,00:08:00.91,00:08:02.42,28854,28945,put down down rag,put-down,1,rag,17,['rag'],[17],official_train,PUT DOWN,/kaggle/input/datasets/ldthanh/epic-kitchens-100-p1/P22/videos/P22_14.MP4
P22_14_186,P22,P22_14,00:08:05.080,00:08:03.97,00:08:04.85,29038,29091,grab paper,grab,0,paper,49,['paper'],[49],official_train,PICKS UP,/kaggle/input/datasets/ldthanh/epic-kitchens-100-p1/P22/videos/P22_14.MP4
P22_14_187,P22,P22_14,00:08:02.370,00:08:04.03,00:08:05.33,29041,29119,grab paper,grab,0,paper,49,['paper'],[49],official_train,PICKS UP,/kaggle/input/datasets/ldthanh/epic-kitchens-100-p1/P22/videos/P22_14.MP4
P22_14_188,P22,P22_14,00:08:09.930,00:08:04.30,00:08:05.55,29058,29133,grab paper,grab,0,paper,49,['paper'],[49],official_train,PICKS UP,/kaggle/input/datasets/ldthanh/epic-kitchens-100-p1/P22/videos/P22_14.MP4
P22_14_189,P22,P22_14,00:08:10.930,00:08:05.72,00:08:10.97,29143,29458,grab plates,grab,0,plate,2,['plate'],[2],official_train,PICKS UP,/kaggle/input/datasets/ldthanh/epic-kitchens-100-p1/P22/videos/P22_14.MP4
P22_14_19,P22,P22_14,00:00:54.370,00:00:45.52,00:00:46.32,2731,2779,open cupboard,open,3,cupboard,3,['cupboard'],[3],official_train,OPENS,/kaggle/input/datasets/ldthanh/epic-kitchens-100-p1/P22/videos/P22_14.MP4
P22_14_190,P22,P22_14,00:08:06.110,00:08:05.93,00:08:06.43,29155,29185,grab plate,grab,0,plate,2,['plate'],[2],official_train,PICKS UP,/kaggle/input/datasets/ldthanh/epic-kitchens-100-p1/P22/videos/P22_14.MP4
P22_14_192,P22,P22_14,00:08:11.930,00:08:11.80,00:08:13.55,29508,29613,put down down plates,put-down,1,plate,2,['plate'],[2],official_train,PUT DOWN,/kaggle/input/datasets/ldthanh/epic-kitchens-100-p1/P22/videos/P22_14.MP4
P22_14_193,P22,P22_14,00:08:08.550,00:08:11.95,00:08:13.21,29517,29592,put down down plate,put-down,1,plate,2,['plate'],[2],official_train,PUT DOWN,/kaggle/input/datasets/ldthanh/epic-kitchens-100-p1/P22/videos/P22_14.MP4
P22_14_194,P22,P22_14,00:08:15.470,00:08:14.33,00:08:19.27,29659,29956,clean stove,clean,2,stove,24,['stove'],[24],official_train,WASHING,/kaggle/input/datasets/ldthanh/epic-kitchens-100-p1/P22/videos/P22_14.MP4
P22_14_195,P22,P22_14,00:08:19.050,00:08:18.65,00:08:19.29,29919,29957,grab paper,grab,0,paper,49,['paper'],[49],official_train,PICKS UP,/kaggle/input/datasets/ldthanh/epic-kitchens-100-p1/P22/videos/P22_14.MP4
P22_14_196,P22,P22_14,00:08:20.050,00:08:19.27,00:08:20.20,29956,30012,grab paper,grab,0,paper,49,['paper'],[49],official_train,PICKS UP,/kaggle/input/datasets/ldthanh/epic-kitchens-100-p1/P22/videos/P22_14.MP4
P22_14_2,P22,P22_14,00:00:08.900,00:00:08.52,00:00:09.46,511,567,put down mocha,put-down,1,mocha,50,['mocha'],[50],official_train,PUT DOWN,/kaggle/input/datasets/ldthanh/epic-kitchens-100-p1/P22/videos/P22_14.MP4
P22_14_20,P22,P22_14,00:00:47.440,00:00:46.11,00:00:47.30,2766,2838,pick up can,pick-up,0,can,61,['can'],[61],official_train,PICKS UP,/kaggle/input/datasets/ldthanh/epic-kitchens-100-p1/P22/videos/P22_14.MP4
P22_14_200,P22,P22_14,00:08:26.240,00:08:25.16,00:08:26.98,30309,30418,rinse hands,rinse,2,hand,11,['hand'],[11],official_train,WASHING,/kaggle/input/datasets/ldthanh/epic-kitchens-100-p1/P22/videos/P22_14.MP4
P22_14_202,P22,P22_14,00:08:30.180,00:08:28.24,00:08:29.99,30494,30599,pick up dish,pick-up,0,dish,2,['dish'],[2],official_train,PICKS UP,/kaggle/input/datasets/ldthanh/epic-kitchens-100-p1/P22/videos/P22_14.MP4
P22_14_203,P22,P22_14,00:08:31.310,00:08:30.09,00:08:31.98,30605,30718,put dish,put,1,dish,2,['dish'],[2],official_train,PUT DOWN,/kaggle/input/datasets/ldthanh/epic-kitchens-100-p1/P22/videos/P22_14.MP4
P22_14_204,P22,P22_14,00:08:34.959,00:08:33.43,00:08:34.94,30805,30896,pick up dish,pick-up,0,dish,2,['dish'],[2],official_train,PICKS UP,/kaggle/input/datasets/ldthanh/epic-kitchens-100-p1/P22/videos/P22_14.MP4
P22_14_205,P22,P22_14,00:08:35.959,00:08:35.04,00:08:36.76,30902,31005,rinse dish,rinse,2,dish,2,['dish'],[2],official_train,WASHING,/kaggle/input/datasets/ldthanh/epic-kitchens-100-p1/P22/videos/P22_14.MP4
P22_14_206,P22,P22_14,00:08:37.560,00:08:37.18,00:08:44.41,31030,31464,soap dish,lather,2,dish:soap,22,['dish:soap'],[22],official_train,WASHING,/kaggle/input/datasets/ldthanh/epic-kitchens-100-p1/P22/videos/P22_14.MP4
P22_14_207,P22,P22_14,00:08:44.900,00:08:44.40,00:08:45.91,31464,31554,soap dish,lather,2,dish:soap,22,['dish:soap'],[22],official_train,WASHING,/kaggle/input/datasets/ldthanh/epic-kitchens-100-p1/P22/videos/P22_14.MP4
P22_14_208,P22,P22_14,00:08:46.250,00:08:45.85,00:08:47.08,31551,31624,put dish,put,1,dish,2,['dish'],[2],official_train,PUT DOWN,/kaggle/input/datasets/ldthanh/epic-kitchens-100-p1/P22/videos/P22_14.MP4
P22_14_209,P22,P22_14,00:08:47.250,00:08:46.68,00:08:47.91,31600,31674,pick up dish,pick-up,0,dish,2,['dish'],[2],official_train,PICKS UP,/kaggle/input/datasets/ldthanh/epic-kitchens-100-p1/P22/videos/P22_14.MP4
P22_14_21,P22,P22_14,00:00:50.730,00:00:49.12,00:00:50.07,2947,3004,open can,open,3,can,61,['can'],[61],official_train,OPENS,/kaggle/input/datasets/ldthanh/epic-kitchens-100-p1/P22/videos/P22_14.MP4
P22_14_210,P22,P22_14,00:08:48.630,00:08:48.09,00:08:48.78,31685,31726,rinse dish,rinse,2,dish,2,['dish'],[2],official_train,WASHING,/kaggle/input/datasets/ldthanh/epic-kitchens-100-p1/P22/videos/P22_14.MP4
P22_14_211,P22,P22_14,00:08:49.810,00:08:49.45,00:08:57.06,31767,32223,soap dish,lather,2,dish:soap,22,['dish:soap'],[22],official_train,WASHING,/kaggle/input/datasets/ldthanh/epic-kitchens-100-p1/P22/videos/P22_14.MP4
P22_14_212,P22,P22_14,00:08:58.380,00:08:49.83,00:08:59.84,31789,32390,soap dish,lather,2,dish:soap,22,['dish:soap'],[22],official_train,WASHING,/kaggle/input/datasets/ldthanh/epic-kitchens-100-p1/P22/videos/P22_14.MP4
P22_14_213,P22,P22_14,00:09:02.580,00:09:01.96,00:09:02.71,32517,32562,put dish,put,1,dish,2,['dish'],[2],official_train,PUT DOWN,/kaggle/input/datasets/ldthanh/epic-kitchens-100-p1/P22/videos/P22_14.MP4
P22_14_214,P22,P22_14,00:09:03.940,00:09:02.67,00:09:03.63,32560,32617,pick up fork,pick-up,0,fork,14,['fork'],[14],official_train,PICKS UP,/kaggle/input/datasets/ldthanh/epic-kitchens-100-p1/P22/videos/P22_14.MP4
P22_14_215,P22,P22_14,00:09:05.750,00:09:03.97,00:09:05.87,32638,32752,soap fork,lather,2,fork:soap,14,['fork:soap'],[14],official_train,WASHING,/kaggle/input/datasets/ldthanh/epic-kitchens-100-p1/P22/videos/P22_14.MP4
P22_14_216,P22,P22_14,00:09:06.990,00:09:06.16,00:09:07.47,32769,32848,pick up knife,pick-up,0,knife,4,['knife'],[4],official_train,PICKS UP,/kaggle/input/datasets/ldthanh/epic-kitchens-100-p1/P22/videos/P22_14.MP4
P22_14_217,P22,P22_14,00:09:08.120,00:09:07.57,00:09:09.69,32854,32981,soap knife,lather,2,knife:soap,4,['knife:soap'],[4],official_train,WASHING,/kaggle/input/datasets/ldthanh/epic-kitchens-100-p1/P22/videos/P22_14.MP4
P22_14_218,P22,P22_14,00:09:09.760,00:09:09.67,00:09:10.37,32980,33022,put knife,put,1,knife,4,['knife'],[4],official_train,PUT DOWN,/kaggle/input/datasets/ldthanh/epic-kitchens-100-p1/P22/videos/P22_14.MP4
P22_14_22,P22,P22_14,00:00:52.070,00:00:50.62,00:00:51.72,3037,3103,pick up measuring cup,pick-up,0,cup:measuring,13,['cup:measuring'],[13],official_train,PICKS UP,/kaggle/input/datasets/ldthanh/epic-kitchens-100-p1/P22/videos/P22_14.MP4
P22_14_220,P22,P22_14,00:09:12.310,00:09:10.63,00:09:12.55,33037,33153,rinse hands,rinse,2,hand,11,['hand'],[11],official_train,WASHING,/kaggle/input/datasets/ldthanh/epic-kitchens-100-p1/P22/videos/P22_14.MP4
P22_14_222,P22,P22_14,00:09:14.310,00:09:14.01,00:09:14.62,33240,33277,pick up cloth,pick-up,0,cloth,17,['cloth'],[17],official_train,PICKS UP,/kaggle/input/datasets/ldthanh/epic-kitchens-100-p1/P22/videos/P22_14.MP4
P22_14_224,P22,P22_14,00:09:16.310,00:09:15.90,00:09:17.05,33354,33423,open moka,open,3,moka,50,['moka'],[50],official_train,OPENS,/kaggle/input/datasets/ldthanh/epic-kitchens-100-p1/P22/videos/P22_14.MP4
P22_14_227,P22,P22_14,00:09:21.440,00:09:19.37,00:09:22.70,33562,33762,put cloth,put,1,cloth,17,['cloth'],[17],official_train,PUT DOWN,/kaggle/input/datasets/ldthanh/epic-kitchens-100-p1/P22/videos/P22_14.MP4
P22_14_228,P22,P22_14,00:09:23.780,00:09:23.32,00:09:24.22,33799,33853,pick up fork,pick-up,0,fork,14,['fork'],[14],official_train,PICKS UP,/kaggle/input/datasets/ldthanh/epic-kitchens-100-p1/P22/videos/P22_14.MP4
P22_14_229,P22,P22_14,00:09:24.780,00:09:24.54,00:09:25.82,33872,33949,soap fork,lather,2,fork:soap,14,['fork:soap'],[14],official_train,WASHING,/kaggle/input/datasets/ldthanh/epic-kitchens-100-p1/P22/videos/P22_14.MP4
P22_14_230,P22,P22_14,00:09:25.780,00:09:25.95,00:09:26.70,33957,34002,put fork,put,1,fork,14,['fork'],[14],official_train,PUT DOWN,/kaggle/input/datasets/ldthanh/epic-kitchens-100-p1/P22/videos/P22_14.MP4
P22_14_231,P22,P22_14,00:09:26.780,00:09:26.00,00:09:26.76,33960,34005,pick up knife,pick-up,0,knife,4,['knife'],[4],official_train,PICKS UP,/kaggle/input/datasets/ldthanh/epic-kitchens-100-p1/P22/videos/P22_14.MP4
P22_14_232,P22,P22_14,00:09:27.780,00:09:26.86,00:09:28.73,34011,34123,soap knife,lather,2,knife:soap,4,['knife:soap'],[4],official_train,WASHING,/kaggle/input/datasets/ldthanh/epic-kitchens-100-p1/P22/videos/P22_14.MP4
P22_14_233,P22,P22_14,00:09:28.780,00:09:27.33,00:09:29.15,34039,34149,put knife,put,1,knife,4,['knife'],[4],official_train,PUT DOWN,/kaggle/input/datasets/ldthanh/epic-kitchens-100-p1/P22/videos/P22_14.MP4
P22_14_235,P22,P22_14,00:09:32.000,00:09:29.77,00:09:31.06,34186,34263,rinse knife,rinse,2,knife,4,['knife'],[4],official_train,WASHING,/kaggle/input/datasets/ldthanh/epic-kitchens-100-p1/P22/videos/P22_14.MP4
P22_14_236,P22,P22_14,00:09:33.000,00:09:31.16,00:09:34.10,34269,34446,rinse cutlery,rinse,2,cutlery,58,['cutlery'],[58],official_train,WASHING,/kaggle/input/datasets/ldthanh/epic-kitchens-100-p1/P22/videos/P22_14.MP4
P22_14_237,P22,P22_14,00:09:34.090,00:09:34.20,00:09:35.85,34452,34551,put cutlery,put,1,cutlery,58,['cutlery'],[58],official_train,PUT DOWN,/kaggle/input/datasets/ldthanh/epic-kitchens-100-p1/P22/videos/P22_14.MP4
P22_14_238,P22,P22_14,00:09:36.890,00:09:35.95,00:09:36.78,34557,34606,pick up dish,pick-up,0,dish,2,['dish'],[2],official_train,PICKS UP,/kaggle/input/datasets/ldthanh/epic-kitchens-100-p1/P22/videos/P22_14.MP4
P22_14_239,P22,P22_14,00:09:37.890,00:09:36.88,00:09:39.03,34612,34741,rinse dish,rinse,2,dish,2,['dish'],[2],official_train,WASHING,/kaggle/input/datasets/ldthanh/epic-kitchens-100-p1/P22/videos/P22_14.MP4
P22_14_24,P22,P22_14,,00:00:53.81,00:00:54.67,3228,3280,open cupboard,open,3,cupboard,3,['cupboard'],[3],official_train,OPENS,/kaggle/input/datasets/ldthanh/epic-kitchens-100-p1/P22/videos/P22_14.MP4
P22_14_240,P22,P22_14,00:09:40.020,00:09:39.13,00:09:41.23,34747,34873,put dish,put,1,dish,2,['dish'],[2],official_train,PUT DOWN,/kaggle/input/datasets/ldthanh/epic-kitchens-100-p1/P22/videos/P22_14.MP4
P22_14_241,P22,P22_14,00:09:42.280,00:09:42.03,00:09:44.23,34921,35053,rinse dish,rinse,2,dish,2,['dish'],[2],official_train,WASHING,/kaggle/input/datasets/ldthanh/epic-kitchens-100-p1/P22/videos/P22_14.MP4
P22_14_243,P22,P22_14,00:09:45.580,00:09:44.59,00:09:46.88,35075,35212,put dish,put,1,dish,2,['dish'],[2],official_train,PUT DOWN,/kaggle/input/datasets/ldthanh/epic-kitchens-100-p1/P22/videos/P22_14.MP4
P22_14_244,P22,P22_14,00:09:47.870,00:09:46.83,00:09:48.14,35209,35288,pick up cloth,pick-up,0,cloth,17,['cloth'],[17],official_train,PICKS UP,/kaggle/input/datasets/ldthanh/epic-kitchens-100-p1/P22/videos/P22_14.MP4
P22_14_246,P22,P22_14,00:09:50.050,00:09:49.87,00:09:51.35,35392,35481,put cloth,put,1,cloth,17,['cloth'],[17],official_train,PUT DOWN,/kaggle/input/datasets/ldthanh/epic-kitchens-100-p1/P22/videos/P22_14.MP4
P22_14_247,P22,P22_14,00:09:52.430,00:09:51.29,00:09:52.56,35477,35553,open drawer,open,3,drawer,8,['drawer'],[8],official_train,OPENS,/kaggle/input/datasets/ldthanh/epic-kitchens-100-p1/P22/videos/P22_14.MP4
P22_14_248,P22,P22_14,00:09:54.080,00:09:52.45,00:09:54.30,35547,35658,pick up teaspoon,pick-up,0,teaspoon,1,['teaspoon'],[1],official_train,PICKS UP,/kaggle/input/datasets/ldthanh/epic-kitchens-100-p1/P22/videos/P22_14.MP4
P22_14_25,P22,P22_14,00:00:55.370,00:00:54.70,00:00:55.52,3282,3331,put can,put,1,can,61,['can'],[61],official_train,PUT DOWN,/kaggle/input/datasets/ldthanh/epic-kitchens-100-p1/P22/videos/P22_14.MP4
P22_14_251,P22,P22_14,00:10:00.590,00:09:58.66,00:10:00.03,35919,36001,open sugar bowl,open,3,bowl:sugar,7,['bowl:sugar'],[7],official_train,OPENS,/kaggle/input/datasets/ldthanh/epic-kitchens-100-p1/P22/videos/P22_14.MP4
P22_14_252,P22,P22_14,00:10:02.730,00:09:59.89,00:10:03.05,35993,36183,open coffee pot,open,3,pot:coffee,50,['pot:coffee'],[50],official_train,OPENS,/kaggle/input/datasets/ldthanh/epic-kitchens-100-p1/P22/videos/P22_14.MP4
P22_14_253,P22,P22_14,00:10:04.610,00:10:02.67,00:10:05.39,36160,36323,take sugar,take,0,sugar,102,['sugar'],[102],official_train,PICKS UP,/kaggle/input/datasets/ldthanh/epic-kitchens-100-p1/P22/videos/P22_14.MP4
P22_14_255,P22,P22_14,00:10:07.440,00:10:06.83,00:10:08.11,36409,36486,take sugar,take,0,sugar,102,['sugar'],[102],official_train,PICKS UP,/kaggle/input/datasets/ldthanh/epic-kitchens-100-p1/P22/videos/P22_14.MP4
P22_14_257,P22,P22_14,00:10:09.820,00:10:10.32,00:10:11.23,36619,36673,take sugar,take,0,sugar,102,['sugar'],[102],official_train,PICKS UP,/kaggle/input/datasets/ldthanh/epic-kitchens-100-p1/P22/videos/P22_14.MP4
P22_14_259,P22,P22_14,00:10:12.690,00:10:12.17,00:10:13.90,36730,36834,take sugar,take,0,sugar,102,['sugar'],[102],official_train,PICKS UP,/kaggle/input/datasets/ldthanh/epic-kitchens-100-p1/P22/videos/P22_14.MP4
P22_14_264,P22,P22_14,00:10:28.460,00:10:28.19,00:10:28.96,37691,37737,put down sugar bowl,put-down,1,bowl:sugar,7,['bowl:sugar'],[7],official_train,PUT DOWN,/kaggle/input/datasets/ldthanh/epic-kitchens-100-p1/P22/videos/P22_14.MP4
P22_14_266,P22,P22_14,00:10:38.770,00:10:38.38,00:10:39.13,38302,38347,pick up sugar bowl,pick-up,0,bowl:sugar,7,['bowl:sugar'],[7],official_train,PICKS UP,/kaggle/input/datasets/ldthanh/epic-kitchens-100-p1/P22/videos/P22_14.MP4
P22_14_267,P22,P22_14,00:10:39.880,00:10:40.73,00:10:41.23,38443,38473,put down teaspoon,put-down,1,teaspoon,1,['teaspoon'],[1],official_train,PUT DOWN,/kaggle/input/datasets/ldthanh/epic-kitchens-100-p1/P22/videos/P22_14.MP4
P22_14_268,P22,P22_14,00:10:44.550,00:10:42.83,00:10:43.54,38569,38612,pick up saucer,pick-up,0,saucer,2,['saucer'],[2],official_train,PICKS UP,/kaggle/input/datasets/ldthanh/epic-kitchens-100-p1/P22/videos/P22_14.MP4
P22_14_269,P22,P22_14,00:10:48.029,00:10:43.55,00:10:44.45,38613,38667,pick up saucers,pick-up,0,saucer,2,['saucer'],[2],official_train,PICKS UP,/kaggle/input/datasets/ldthanh/epic-kitchens-100-p1/P22/videos/P22_14.MP4
P22_14_27,P22,P22_14,00:00:59.890,00:00:58.68,00:01:01.93,3520,3715,open coffee,open,3,coffee,59,['coffee'],[59],official_train,OPENS,/kaggle/input/datasets/ldthanh/epic-kitchens-100-p1/P22/videos/P22_14.MP4
P22_14_270,P22,P22_14,00:10:51.520,00:10:49.86,00:10:52.00,38991,39120,put down saucer,put-down,1,saucer,2,['saucer'],[2],official_train,PUT DOWN,/kaggle/input/datasets/ldthanh/epic-kitchens-100-p1/P22/videos/P22_14.MP4
P22_14_271,P22,P22_14,00:10:50.440,00:10:50.78,00:10:51.78,39046,39106,put down saucers,put-down,1,saucer,2,['saucer'],[2],official_train,PUT DOWN,/kaggle/input/datasets/ldthanh/epic-kitchens-100-p1/P22/videos/P22_14.MP4
P22_14_272,P22,P22_14,00:10:54.210,00:10:54.17,00:10:55.08,39250,39304,pick up coffee cup,pick-up,0,cup:coffee,13,['cup:coffee'],[13],official_train,PICKS UP,/kaggle/input/datasets/ldthanh/epic-kitchens-100-p1/P22/videos/P22_14.MP4
P22_14_274,P22,P22_14,00:10:58.010,00:10:57.20,00:10:57.80,39432,39468,pick up saucers,pick-up,0,saucer,2,['saucer'],[2],official_train,PICKS UP,/kaggle/input/datasets/ldthanh/epic-kitchens-100-p1/P22/videos/P22_14.MP4
P22_14_275,P22,P22_14,00:10:59.010,00:10:57.82,00:11:00.16,39469,39609,put down saucers,put-down,1,saucer,2,['saucer'],[2],official_train,PUT DOWN,/kaggle/input/datasets/ldthanh/epic-kitchens-100-p1/P22/videos/P22_14.MP4
P22_14_276,P22,P22_14,00:11:00.070,00:10:59.90,00:11:01.01,39594,39660,put down saucer,put-down,1,saucer,2,['saucer'],[2],official_train,PUT DOWN,/kaggle/input/datasets/ldthanh/epic-kitchens-100-p1/P22/videos/P22_14.MP4
P22_14_277,P22,P22_14,00:11:02.130,00:11:01.54,00:11:02.20,39692,39732,put down coffee cups,put-down,1,cup:coffee,13,['cup:coffee'],[13],official_train,PUT DOWN,/kaggle/input/datasets/ldthanh/epic-kitchens-100-p1/P22/videos/P22_14.MP4
P22_14_278,P22,P22_14,00:11:03.380,00:11:03.35,00:11:06.68,39801,40000,pick up coffee maker,pick-up,0,maker:coffee,50,['maker:coffee'],[50],official_train,PICKS UP,/kaggle/input/datasets/ldthanh/epic-kitchens-100-p1/P22/videos/P22_14.MP4
P22_14_279,P22,P22_14,00:11:13.560,00:11:04.19,00:11:05.29,39851,39917,pick up coffee cup,pick-up,0,cup:coffee,13,['cup:coffee'],[13],official_train,PICKS UP,/kaggle/input/datasets/ldthanh/epic-kitchens-100-p1/P22/videos/P22_14.MP4
P22_14_28,P22,P22_14,00:01:01.730,00:01:00.56,00:01:06.37,3633,3982,pick up filter,pick-up,0,filter,77,['filter'],[77],official_train,PICKS UP,/kaggle/input/datasets/ldthanh/epic-kitchens-100-p1/P22/videos/P22_14.MP4
P22_14_282,P22,P22_14,00:11:11.690,00:11:11.20,00:11:12.96,40272,40377,put down coffee cup,put-down,1,cup:coffee,13,['cup:coffee'],[13],official_train,PUT DOWN,/kaggle/input/datasets/ldthanh/epic-kitchens-100-p1/P22/videos/P22_14.MP4
P22_14_283,P22,P22_14,00:11:22.990,00:11:11.84,00:11:13.22,40310,40393,put down coffee cup,put-down,1,cup:coffee,13,['cup:coffee'],[13],official_train,PUT DOWN,/kaggle/input/datasets/ldthanh/epic-kitchens-100-p1/P22/videos/P22_14.MP4
P22_14_284,P22,P22_14,00:11:23.990,00:11:22.48,00:11:25.16,40948,41109,put down coffee pot,put-down,1,pot:coffee,50,['pot:coffee'],[50],official_train,PUT DOWN,/kaggle/input/datasets/ldthanh/epic-kitchens-100-p1/P22/videos/P22_14.MP4
P22_14_285,P22,P22_14,00:11:25.740,00:11:24.91,00:11:26.01,41094,41160,open coffee pot,open,3,pot:coffee,50,['pot:coffee'],[50],official_train,OPENS,/kaggle/input/datasets/ldthanh/epic-kitchens-100-p1/P22/videos/P22_14.MP4
P22_14_287,P22,P22_14,00:11:30.430,00:11:29.60,00:11:30.62,41376,41437,pick up paper,pick-up,0,paper,49,['paper'],[49],official_train,PICKS UP,/kaggle/input/datasets/ldthanh/epic-kitchens-100-p1/P22/videos/P22_14.MP4
P22_14_288,P22,P22_14,00:11:34.529,00:11:33.87,00:11:34.83,41632,41689,open trash can,open,3,can:trash,36,['can:trash'],[36],official_train,OPENS,/kaggle/input/datasets/ldthanh/epic-kitchens-100-p1/P22/videos/P22_14.MP4
P22_14_29,P22,P22_14,00:01:06.610,00:01:06.81,00:01:10.02,4008,4201,pick up coffee,pick-up,0,coffee,59,['coffee'],[59],official_train,PICKS UP,/kaggle/input/datasets/ldthanh/epic-kitchens-100-p1/P22/videos/P22_14.MP4
P22_14_3,P22,P22_14,00:00:10.340,00:00:09.52,00:00:13.95,571,837,open mocha,open,3,mocha,50,['mocha'],[50],official_train,OPENS,/kaggle/input/datasets/ldthanh/epic-kitchens-100-p1/P22/videos/P22_14.MP4
P22_14_30,P22,P22_14,00:01:12.270,00:01:09.99,00:01:11.91,4199,4314,put coffee,put,1,coffee,59,['coffee'],[59],official_train,PUT DOWN,/kaggle/input/datasets/ldthanh/epic-kitchens-100-p1/P22/videos/P22_14.MP4
P22_14_31,P22,P22_14,00:01:15.560,00:01:13.38,00:01:15.83,4402,4549,put coffee,put,1,coffee,59,['coffee'],[59],official_train,PUT DOWN,/kaggle/input/datasets/ldthanh/epic-kitchens-100-p1/P22/videos/P22_14.MP4
P22_14_32,P22,P22_14,00:01:20.270,00:01:19.94,00:01:22.40,4796,4944,put coffee,put,1,coffee,59,['coffee'],[59],official_train,PUT DOWN,/kaggle/input/datasets/ldthanh/epic-kitchens-100-p1/P22/videos/P22_14.MP4
P22_14_34,P22,P22_14,00:01:29.229,00:01:28.00,00:01:29.94,5280,5396,pick up coffee,pick-up,0,coffee,59,['coffee'],[59],official_train,PICKS UP,/kaggle/input/datasets/ldthanh/epic-kitchens-100-p1/P22/videos/P22_14.MP4
P22_14_4,P22,P22_14,00:00:15.000,00:00:10.81,00:00:14.06,648,843,pick up filter,pick-up,0,filter,77,['filter'],[77],official_train,PICKS UP,/kaggle/input/datasets/ldthanh/epic-kitchens-100-p1/P22/videos/P22_14.MP4
P22_14_43,P22,P22_14,00:01:54.109,00:01:53.93,00:01:55.10,6835,6906,put down measuring cup,put-down,1,cup:measuring,13,['cup:measuring'],[13],official_train,PUT DOWN,/kaggle/input/datasets/ldthanh/epic-kitchens-100-p1/P22/videos/P22_14.MP4
P22_14_47,P22,P22_14,00:02:05.240,00:02:04.49,00:02:05.30,7469,7518,pick up coffee pot,pick-up,0,pot:coffee,50,['pot:coffee'],[50],official_train,PICKS UP,/kaggle/input/datasets/ldthanh/epic-kitchens-100-p1/P22/videos/P22_14.MP4
P22_14_5,P22,P22_14,00:00:16.000,00:00:15.33,00:00:16.30,919,978,put down filter,put-down,1,filter,77,['filter'],[77],official_train,PUT DOWN,/kaggle/input/datasets/ldthanh/epic-kitchens-100-p1/P22/videos/P22_14.MP4
P22_14_50,P22,P22_14,00:02:15.890,00:02:16.08,00:02:17.15,8164,8229,put moka pot,put,1,pot:moka,50,['pot:moka'],[50],official_train,PUT DOWN,/kaggle/input/datasets/ldthanh/epic-kitchens-100-p1/P22/videos/P22_14.MP4
P22_14_51,P22,P22_14,00:02:17.950,00:02:18.45,00:02:20.33,8307,8419,open drawer,open,3,drawer,8,['drawer'],[8],official_train,OPENS,/kaggle/input/datasets/ldthanh/epic-kitchens-100-p1/P22/videos/P22_14.MP4
P22_14_56,P22,P22_14,00:02:35.790,00:02:34.47,00:02:35.47,9268,9328,pick up coffee,pick-up,0,coffee,59,['coffee'],[59],official_train,PICKS UP,/kaggle/input/datasets/ldthanh/epic-kitchens-100-p1/P22/videos/P22_14.MP4
P22_14_57,P22,P22_14,00:02:37.230,00:02:39.32,00:02:40.07,9559,9604,open fridge,open,3,fridge,12,['fridge'],[12],official_train,OPENS,/kaggle/input/datasets/ldthanh/epic-kitchens-100-p1/P22/videos/P22_14.MP4
P22_14_58,P22,P22_14,00:02:41.689,00:02:40.32,00:02:45.82,9619,9949,put coffee,put,1,coffee,59,['coffee'],[59],official_train,PUT DOWN,/kaggle/input/datasets/ldthanh/epic-kitchens-100-p1/P22/videos/P22_14.MP4
P22_14_59,P22,P22_14,00:02:50.000,00:02:41.78,00:02:44.39,9706,9863,put coffee,put,1,coffee,59,['coffee'],[59],official_train,PUT DOWN,/kaggle/input/datasets/ldthanh/epic-kitchens-100-p1/P22/videos/P22_14.MP4
P22_14_6,P22,P22_14,00:00:17.100,00:00:16.18,00:00:17.10,970,1026,put down mocha,put-down,1,mocha,50,['mocha'],[50],official_train,PUT DOWN,/kaggle/input/datasets/ldthanh/epic-kitchens-100-p1/P22/videos/P22_14.MP4
P22_14_61,P22,P22_14,00:02:49.000,00:02:47.52,00:02:48.02,10051,10081,open fridge,open,3,fridge,12,['fridge'],[12],official_train,OPENS,/kaggle/input/datasets/ldthanh/epic-kitchens-100-p1/P22/videos/P22_14.MP4
P22_14_64,P22,P22_14,00:02:58.689,00:02:57.79,00:02:58.88,10667,10732,pick up measure,pick-up,0,measure,1,['measure'],[1],official_train,PICKS UP,/kaggle/input/datasets/ldthanh/epic-kitchens-100-p1/P22/videos/P22_14.MP4
P22_14_65,P22,P22_14,00:02:59.689,00:02:59.53,00:03:00.20,10771,10812,open cabinet,open,3,cabinet,3,['cabinet'],[3],official_train,OPENS,/kaggle/input/datasets/ldthanh/epic-kitchens-100-p1/P22/videos/P22_14.MP4
P22_14_66,P22,P22_14,00:03:02.050,00:03:00.96,00:03:01.92,10857,10915,pick up jar,pick-up,0,jar,40,['jar'],[40],official_train,PICKS UP,/kaggle/input/datasets/ldthanh/epic-kitchens-100-p1/P22/videos/P22_14.MP4
P22_14_67,P22,P22_14,00:03:03.050,00:03:02.41,00:03:03.06,10944,10983,open jar,open,3,jar,40,['jar'],[40],official_train,OPENS,/kaggle/input/datasets/ldthanh/epic-kitchens-100-p1/P22/videos/P22_14.MP4
P22_14_68,P22,P22_14,00:03:04.050,00:03:02.49,00:03:04.91,10949,11094,place measure,place,1,measure,1,['measure'],[1],official_train,PUT DOWN,/kaggle/input/datasets/ldthanh/epic-kitchens-100-p1/P22/videos/P22_14.MP4
P22_14_70,P22,P22_14,00:03:06.489,00:03:06.39,00:03:07.26,11183,11235,place jar,place,1,jar,40,['jar'],[40],official_train,PUT DOWN,/kaggle/input/datasets/ldthanh/epic-kitchens-100-p1/P22/videos/P22_14.MP4
P22_14_72,P22,P22_14,00:03:11.129,00:03:10.45,00:03:11.04,11427,11462,pick up knife,pick-up,0,knife,4,['knife'],[4],official_train,PICKS UP,/kaggle/input/datasets/ldthanh/epic-kitchens-100-p1/P22/videos/P22_14.MP4
P22_14_73,P22,P22_14,00:03:12.129,00:03:11.04,00:03:11.70,11462,11502,pick up fork,pick-up,0,fork,14,['fork'],[14],official_train,PICKS UP,/kaggle/input/datasets/ldthanh/epic-kitchens-100-p1/P22/videos/P22_14.MP4
P22_14_74,P22,P22_14,00:03:13.129,00:03:11.74,00:03:14.49,11504,11669,clean scoop,clean,2,scoop,1,['scoop'],[1],official_train,WASHING,/kaggle/input/datasets/ldthanh/epic-kitchens-100-p1/P22/videos/P22_14.MP4
P22_14_75,P22,P22_14,00:03:15.469,00:03:14.55,00:03:15.29,11673,11717,place fork,place,1,fork,14,['fork'],[14],official_train,PUT DOWN,/kaggle/input/datasets/ldthanh/epic-kitchens-100-p1/P22/videos/P22_14.MP4
P22_14_76,P22,P22_14,00:03:16.890,00:03:16.40,00:03:17.11,11784,11826,place scoop,place,1,scoop,1,['scoop'],[1],official_train,PUT DOWN,/kaggle/input/datasets/ldthanh/epic-kitchens-100-p1/P22/videos/P22_14.MP4
P22_14_77,P22,P22_14,00:03:18.849,00:03:17.79,00:03:18.50,11867,11910,place knife,place,1,knife,4,['knife'],[4],official_train,PUT DOWN,/kaggle/input/datasets/ldthanh/epic-kitchens-100-p1/P22/videos/P22_14.MP4
P22_14_78,P22,P22_14,00:03:21.959,00:03:21.17,00:03:22.16,12070,12129,open basket,open,3,basket,168,['basket'],[168],official_train,OPENS,/kaggle/input/datasets/ldthanh/epic-kitchens-100-p1/P22/videos/P22_14.MP4
P22_14_8,P22,P22_14,00:00:22.180,00:00:21.59,00:00:22.34,1295,1340,pick up water bottle,pick-up,0,bottle:water,15,['bottle:water'],[15],official_train,PICKS UP,/kaggle/input/datasets/ldthanh/epic-kitchens-100-p1/P22/videos/P22_14.MP4
P22_14_81,P22,P22_14,00:03:32.390,00:03:31.11,00:03:34.48,12666,12868,put down saucer,put-down,1,saucer,2,['saucer'],[2],official_train,PUT DOWN,/kaggle/input/datasets/ldthanh/epic-kitchens-100-p1/P22/videos/P22_14.MP4
P22_14_83,P22,P22_14,00:03:38.409,00:03:38.10,00:03:39.16,13086,13149,rinse hands,rinse,2,hand,11,['hand'],[11],official_train,WASHING,/kaggle/input/datasets/ldthanh/epic-kitchens-100-p1/P22/videos/P22_14.MP4
P22_14_84,P22,P22_14,00:03:40.420,00:03:39.06,00:03:39.91,13143,13194,pick up sponge,pick-up,0,sponge,9,['sponge'],[9],official_train,PICKS UP,/kaggle/input/datasets/ldthanh/epic-kitchens-100-p1/P22/videos/P22_14.MP4
P22_14_85,P22,P22_14,00:03:41.420,00:03:39.90,00:03:40.82,13194,13249,rinse sponge,rinse,2,sponge,9,['sponge'],[9],official_train,WASHING,/kaggle/input/datasets/ldthanh/epic-kitchens-100-p1/P22/videos/P22_14.MP4
P22_14_87,P22,P22_14,00:03:43.420,00:03:43.04,00:03:43.95,13382,13437,put down soap,put-down,1,soap,22,['soap'],[22],official_train,PUT DOWN,/kaggle/input/datasets/ldthanh/epic-kitchens-100-p1/P22/videos/P22_14.MP4
P22_14_88,P22,P22_14,00:03:44.469,00:03:43.91,00:03:45.34,13434,13520,rinse sponge,rinse,2,sponge,9,['sponge'],[9],official_train,WASHING,/kaggle/input/datasets/ldthanh/epic-kitchens-100-p1/P22/videos/P22_14.MP4
P22_14_89,P22,P22_14,00:03:45.469,00:03:45.45,00:03:47.81,13527,13668,pick up saucer,pick-up,0,saucer,2,['saucer'],[2],official_train,PICKS UP,/kaggle/input/datasets/ldthanh/epic-kitchens-100-p1/P22/videos/P22_14.MP4
P22_14_9,P22,P22_14,00:00:23.930,00:00:22.44,00:00:25.69,1346,1541,open water bottle,open,3,bottle:water,15,['bottle:water'],[15],official_train,OPENS,/kaggle/input/datasets/ldthanh/epic-kitchens-100-p1/P22/videos/P22_14.MP4
P22_14_90,P22,P22_14,00:03:50.700,00:03:48.16,00:04:05.97,13689,14758,lather saucer,lather,2,saucer,2,['saucer'],[2],official_train,WASHING,/kaggle/input/datasets/ldthanh/epic-kitchens-100-p1/P22/videos/P22_14.MP4
P22_14_91,P22,P22_14,00:04:00.989,00:03:50.00,00:03:59.75,13800,14385,lather saucer,lather,2,saucer,2,['saucer'],[2],official_train,WASHING,/kaggle/input/datasets/ldthanh/epic-kitchens-100-p1/P22/videos/P22_14.MP4
P22_14_92,P22,P22_14,00:04:05.120,00:04:08.10,00:04:11.35,14886,15081,put down saucer,put-down,1,saucer,2,['saucer'],[2],official_train,PUT DOWN,/kaggle/input/datasets/ldthanh/epic-kitchens-100-p1/P22/videos/P22_14.MP4
P22_14_93,P22,P22_14,00:04:12.280,00:04:11.45,00:04:12.45,15087,15147,pick up fork,pick-up,0,fork,14,['fork'],[14],official_train,PICKS UP,/kaggle/input/datasets/ldthanh/epic-kitchens-100-p1/P22/videos/P22_14.MP4
P22_14_94,P22,P22_14,00:04:13.280,00:04:12.29,00:04:13.79,15137,15227,lather fork,lather,2,fork,14,['fork'],[14],official_train,WASHING,/kaggle/input/datasets/ldthanh/epic-kitchens-100-p1/P22/videos/P22_14.MP4
P22_14_95,P22,P22_14,00:04:14.680,00:04:13.89,00:04:15.64,15233,15338,put down fork,put-down,1,fork,14,['fork'],[14],official_train,PUT DOWN,/kaggle/input/datasets/ldthanh/epic-kitchens-100-p1/P22/videos/P22_14.MP4
P22_14_96,P22,P22_14,00:04:15.810,00:04:15.74,00:04:16.24,15344,15374,pick up knife,pick-up,0,knife,4,['knife'],[4],official_train,PICKS UP,/kaggle/input/datasets/ldthanh/epic-kitchens-100-p1/P22/videos/P22_14.MP4
P22_14_97,P22,P22_14,00:04:16.810,00:04:16.34,00:04:18.84,15380,15530,lather knife,lather,2,knife,4,['knife'],[4],official_train,WASHING,/kaggle/input/datasets/ldthanh/epic-kitchens-100-p1/P22/videos/P22_14.MP4
P22_14_98,P22,P22_14,00:04:19.180,00:04:18.94,00:04:19.69,15536,15581,put down knife,put-down,1,knife,4,['knife'],[4],official_train,PUT DOWN,/kaggle/input/datasets/ldthanh/epic-kitchens-100-p1/P22/videos/P22_14.MP4
P22_14_99,P22,P22_14,00:04:20.980,00:04:19.79,00:04:20.54,15587,15632,pick up scoop,pick-up,0,scoop,1,['scoop'],[1],official_train,PICKS UP,/kaggle/input/datasets/ldthanh/epic-kitchens-100-p1/P22/videos/P22_14.MP4
P22_15_0,P22,P22_15,00:00:05.319,00:00:02.85,00:00:05.98,171,358,get moka,get,0,moka,50,['moka'],[50],official_train,PICKS UP,/kaggle/input/datasets/ldthanh/epic-kitchens-100-p1/P22/videos/P22_15.MP4
P22_15_10,P22,P22_15,00:00:27.929,00:00:26.11,00:00:27.04,1566,1622,put down moka,put-down,1,moka,50,['moka'],[50],official_train,PUT DOWN,/kaggle/input/datasets/ldthanh/epic-kitchens-100-p1/P22/videos/P22_15.MP4
P22_15_100,P22,P22_15,00:03:38.620,00:03:36.28,00:03:37.78,12976,13066,pick up salad bowl,pick-up,0,bowl:salad,7,['bowl:salad'],[7],official_train,PICKS UP,/kaggle/input/datasets/ldthanh/epic-kitchens-100-p1/P22/videos/P22_15.MP4
P22_15_101,P22,P22_15,00:03:39.650,00:03:39.23,00:03:40.78,13153,13246,put down salad bowl,put-down,1,bowl:salad,7,['bowl:salad'],[7],official_train,PUT DOWN,/kaggle/input/datasets/ldthanh/epic-kitchens-100-p1/P22/videos/P22_15.MP4
P22_15_102,P22,P22_15,00:03:42.600,00:03:40.44,00:03:42.60,13226,13356,put down glasses,put-down,1,glass,10,['glass'],[10],official_train,PUT DOWN,/kaggle/input/datasets/ldthanh/epic-kitchens-100-p1/P22/videos/P22_15.MP4
P22_15_103,P22,P22_15,00:03:46.280,00:03:44.12,00:03:45.29,13447,13517,pick up bowl,pick-up,0,bowl,7,['bowl'],[7],official_train,PICKS UP,/kaggle/input/datasets/ldthanh/epic-kitchens-100-p1/P22/videos/P22_15.MP4
P22_15_104,P22,P22_15,00:03:47.280,00:03:46.57,00:03:47.68,13594,13660,put down bowl,put-down,1,bowl,7,['bowl'],[7],official_train,PUT DOWN,/kaggle/input/datasets/ldthanh/epic-kitchens-100-p1/P22/videos/P22_15.MP4
P22_15_105,P22,P22_15,00:03:52.000,00:03:49.69,00:03:50.69,13781,13841,pick up bowl,pick-up,0,bowl,7,['bowl'],[7],official_train,PICKS UP,/kaggle/input/datasets/ldthanh/epic-kitchens-100-p1/P22/videos/P22_15.MP4
P22_15_106,P22,P22_15,00:03:53.000,00:03:51.17,00:03:52.29,13870,13937,put down bowl,put-down,1,bowl,7,['bowl'],[7],official_train,PUT DOWN,/kaggle/input/datasets/ldthanh/epic-kitchens-100-p1/P22/videos/P22_15.MP4
P22_15_107,P22,P22_15,00:03:54.449,00:03:52.09,00:03:52.89,13925,13973,open cabinet,open,3,cabinet,3,['cabinet'],[3],official_train,OPENS,/kaggle/input/datasets/ldthanh/epic-kitchens-100-p1/P22/videos/P22_15.MP4
P22_15_108,P22,P22_15,00:03:55.449,00:03:54.38,00:03:55.77,14062,14146,pick up plastic wrap,pick-up,0,wrap:plastic,100,['wrap:plastic'],[100],official_train,PICKS UP,/kaggle/input/datasets/ldthanh/epic-kitchens-100-p1/P22/videos/P22_15.MP4
P22_15_109,P22,P22_15,00:03:57.910,00:03:56.86,00:04:06.96,14211,14817,open plastic wrap,open,3,wrap:plastic,100,['wrap:plastic'],[100],official_train,OPENS,/kaggle/input/datasets/ldthanh/epic-kitchens-100-p1/P22/videos/P22_15.MP4
P22_15_113,P22,P22_15,00:04:23.100,00:04:18.58,00:04:29.64,15514,16178,put transparent foil,put,1,foil:transparent,100,['foil:transparent'],[100],official_train,PUT DOWN,/kaggle/input/datasets/ldthanh/epic-kitchens-100-p1/P22/videos/P22_15.MP4
P22_15_114,P22,P22_15,00:04:37.070,00:04:23.26,00:04:32.51,15795,16350,grab bowl,grab,0,bowl,7,['bowl'],[7],official_train,PICKS UP,/kaggle/input/datasets/ldthanh/epic-kitchens-100-p1/P22/videos/P22_15.MP4
P22_15_115,P22,P22_15,00:04:38.070,00:04:35.18,00:04:38.06,16510,16683,open fridge,open,3,fridge,12,['fridge'],[12],official_train,OPENS,/kaggle/input/datasets/ldthanh/epic-kitchens-100-p1/P22/videos/P22_15.MP4
P22_15_116,P22,P22_15,00:04:39.890,00:04:37.66,00:04:39.85,16659,16791,put down down bowl,put-down,1,bowl,7,['bowl'],[7],official_train,PUT DOWN,/kaggle/input/datasets/ldthanh/epic-kitchens-100-p1/P22/videos/P22_15.MP4
P22_15_118,P22,P22_15,00:04:43.220,00:04:40.80,00:04:41.69,16848,16901,grab transparent foil,grab,0,foil:transparent,100,['foil:transparent'],[100],official_train,PICKS UP,/kaggle/input/datasets/ldthanh/epic-kitchens-100-p1/P22/videos/P22_15.MP4
P22_15_119,P22,P22_15,00:04:44.220,00:04:41.79,00:04:43.23,16907,16993,put down down transparent foil,put-down,1,foil:transparent,100,['foil:transparent'],[100],official_train,PUT DOWN,/kaggle/input/datasets/ldthanh/epic-kitchens-100-p1/P22/videos/P22_15.MP4
P22_15_122,P22,P22_15,00:04:56.280,00:04:52.66,00:04:56.79,17559,17807,rinse salad bowl,rinse,2,bowl:salad,7,['bowl:salad'],[7],official_train,WASHING,/kaggle/input/datasets/ldthanh/epic-kitchens-100-p1/P22/videos/P22_15.MP4
P22_15_123,P22,P22_15,00:04:58.180,00:04:55.91,00:04:57.66,17754,17859,put down down salad bowl,put-down,1,bowl:salad,7,['bowl:salad'],[7],official_train,PUT DOWN,/kaggle/input/datasets/ldthanh/epic-kitchens-100-p1/P22/videos/P22_15.MP4
P22_15_125,P22,P22_15,00:05:01.130,00:04:58.12,00:04:59.07,17887,17944,rinse sponge,rinse,2,sponge,9,['sponge'],[9],official_train,WASHING,/kaggle/input/datasets/ldthanh/epic-kitchens-100-p1/P22/videos/P22_15.MP4
P22_15_127,P22,P22_15,00:05:03.130,00:04:59.81,00:05:01.80,17988,18108,put soap,put,1,soap,22,['soap'],[22],official_train,PUT DOWN,/kaggle/input/datasets/ldthanh/epic-kitchens-100-p1/P22/videos/P22_15.MP4
P22_15_128,P22,P22_15,00:05:04.130,00:05:01.90,00:05:03.19,18114,18191,put down down soap,put-down,1,soap,22,['soap'],[22],official_train,PUT DOWN,/kaggle/input/datasets/ldthanh/epic-kitchens-100-p1/P22/videos/P22_15.MP4
P22_15_13,P22,P22_15,00:00:33.259,00:00:31.36,00:00:32.51,1881,1950,set down filter,set-down,1,filter,77,['filter'],[77],official_train,PUT DOWN,/kaggle/input/datasets/ldthanh/epic-kitchens-100-p1/P22/videos/P22_15.MP4
P22_15_130,P22,P22_15,00:05:06.130,00:05:02.86,00:05:03.61,18171,18216,rinse sponge,rinse,2,sponge,9,['sponge'],[9],official_train,WASHING,/kaggle/input/datasets/ldthanh/epic-kitchens-100-p1/P22/videos/P22_15.MP4
P22_15_131,P22,P22_15,00:05:08.130,00:05:05.32,00:05:08.30,18319,18498,lather glass,lather,2,glass,10,['glass'],[10],official_train,WASHING,/kaggle/input/datasets/ldthanh/epic-kitchens-100-p1/P22/videos/P22_15.MP4
P22_15_132,P22,P22_15,00:05:09.130,00:05:08.52,00:05:11.92,18511,18715,lather glass,lather,2,glass,10,['glass'],[10],official_train,WASHING,/kaggle/input/datasets/ldthanh/epic-kitchens-100-p1/P22/videos/P22_15.MP4
P22_15_134,P22,P22_15,00:05:15.950,00:05:12.87,00:05:16.46,18772,18987,lather salad bowl,lather,2,bowl:salad,7,['bowl:salad'],[7],official_train,WASHING,/kaggle/input/datasets/ldthanh/epic-kitchens-100-p1/P22/videos/P22_15.MP4
P22_15_135,P22,P22_15,00:05:21.400,00:05:18.53,00:05:30.89,19111,19853,lather salad bowl,lather,2,bowl:salad,7,['bowl:salad'],[7],official_train,WASHING,/kaggle/input/datasets/ldthanh/epic-kitchens-100-p1/P22/videos/P22_15.MP4
P22_15_136,P22,P22_15,00:05:33.830,00:05:30.99,00:05:32.71,19859,19962,put down down salad bowl,put-down,1,bowl:salad,7,['bowl:salad'],[7],official_train,PUT DOWN,/kaggle/input/datasets/ldthanh/epic-kitchens-100-p1/P22/videos/P22_15.MP4
P22_15_137,P22,P22_15,00:05:35.370,00:05:32.29,00:05:33.77,19937,20026,grab cutlery,grab,0,cutlery,58,['cutlery'],[58],official_train,PICKS UP,/kaggle/input/datasets/ldthanh/epic-kitchens-100-p1/P22/videos/P22_15.MP4
P22_15_138,P22,P22_15,00:05:36.370,00:05:33.04,00:05:36.44,19982,20186,lather cutlery,lather,2,cutlery,58,['cutlery'],[58],official_train,WASHING,/kaggle/input/datasets/ldthanh/epic-kitchens-100-p1/P22/videos/P22_15.MP4
P22_15_139,P22,P22_15,00:05:37.370,00:05:35.80,00:05:36.59,20148,20195,put down down cutlery,put-down,1,cutlery,58,['cutlery'],[58],official_train,PUT DOWN,/kaggle/input/datasets/ldthanh/epic-kitchens-100-p1/P22/videos/P22_15.MP4
P22_15_14,P22,P22_15,00:00:35.830,00:00:32.34,00:00:34.13,1940,2047,open basket,open,3,basket,168,['basket'],[168],official_train,OPENS,/kaggle/input/datasets/ldthanh/epic-kitchens-100-p1/P22/videos/P22_15.MP4
P22_15_140,P22,P22_15,00:05:38.820,00:05:36.45,00:05:37.51,20187,20250,grab cutlery,grab,0,cutlery,58,['cutlery'],[58],official_train,PICKS UP,/kaggle/input/datasets/ldthanh/epic-kitchens-100-p1/P22/videos/P22_15.MP4
P22_15_141,P22,P22_15,00:05:39.820,00:05:37.61,00:05:39.37,20256,20362,lather cutlery,lather,2,cutlery,58,['cutlery'],[58],official_train,WASHING,/kaggle/input/datasets/ldthanh/epic-kitchens-100-p1/P22/videos/P22_15.MP4
P22_15_142,P22,P22_15,00:05:41.820,00:05:39.27,00:05:40.05,20356,20403,put down down cutlery,put-down,1,cutlery,58,['cutlery'],[58],official_train,PUT DOWN,/kaggle/input/datasets/ldthanh/epic-kitchens-100-p1/P22/videos/P22_15.MP4
P22_15_143,P22,P22_15,00:05:42.820,00:05:40.72,00:05:41.57,20443,20494,grab spoon,grab,0,spoon,1,['spoon'],[1],official_train,PICKS UP,/kaggle/input/datasets/ldthanh/epic-kitchens-100-p1/P22/videos/P22_15.MP4
P22_15_144,P22,P22_15,00:05:43.820,00:05:41.52,00:05:42.74,20491,20564,lather spoon,lather,2,spoon,1,['spoon'],[1],official_train,WASHING,/kaggle/input/datasets/ldthanh/epic-kitchens-100-p1/P22/videos/P22_15.MP4
P22_15_145,P22,P22_15,00:05:44.820,00:05:42.84,00:05:44.49,20570,20669,put down down spoon,put-down,1,spoon,1,['spoon'],[1],official_train,PUT DOWN,/kaggle/input/datasets/ldthanh/epic-kitchens-100-p1/P22/videos/P22_15.MP4
P22_15_146,P22,P22_15,00:05:46.980,00:05:44.44,00:05:44.95,20666,20697,grab bowl,grab,0,bowl,7,['bowl'],[7],official_train,PICKS UP,/kaggle/input/datasets/ldthanh/epic-kitchens-100-p1/P22/videos/P22_15.MP4
P22_15_148,P22,P22_15,00:05:49.660,00:05:45.61,00:05:52.24,20736,21134,lather bowl,lather,2,bowl,7,['bowl'],[7],official_train,WASHING,/kaggle/input/datasets/ldthanh/epic-kitchens-100-p1/P22/videos/P22_15.MP4
P22_15_149,P22,P22_15,00:05:54.950,00:05:52.20,00:05:53.10,21132,21186,grab cup,grab,0,cup,13,['cup'],[13],official_train,PICKS UP,/kaggle/input/datasets/ldthanh/epic-kitchens-100-p1/P22/videos/P22_15.MP4
P22_15_150,P22,P22_15,00:05:53.890,00:05:52.34,00:05:52.98,21140,21178,put down down bowl,put-down,1,bowl,7,['bowl'],[7],official_train,PUT DOWN,/kaggle/input/datasets/ldthanh/epic-kitchens-100-p1/P22/videos/P22_15.MP4
P22_15_151,P22,P22_15,00:05:56.740,00:05:53.05,00:05:54.54,21183,21272,rinse cup,rinse,2,cup,13,['cup'],[13],official_train,WASHING,/kaggle/input/datasets/ldthanh/epic-kitchens-100-p1/P22/videos/P22_15.MP4
P22_15_152,P22,P22_15,00:05:58.080,00:05:54.64,00:05:57.67,21278,21460,lather cup,lather,2,cup,13,['cup'],[13],official_train,WASHING,/kaggle/input/datasets/ldthanh/epic-kitchens-100-p1/P22/videos/P22_15.MP4
P22_15_153,P22,P22_15,00:05:59.330,00:05:57.74,00:05:58.43,21464,21505,put down down cup,put-down,1,cup,13,['cup'],[13],official_train,PUT DOWN,/kaggle/input/datasets/ldthanh/epic-kitchens-100-p1/P22/videos/P22_15.MP4
P22_15_154,P22,P22_15,00:06:00.610,00:05:58.41,00:05:59.09,21504,21545,grab cup,grab,0,cup,13,['cup'],[13],official_train,PICKS UP,/kaggle/input/datasets/ldthanh/epic-kitchens-100-p1/P22/videos/P22_15.MP4
P22_15_155,P22,P22_15,00:06:01.610,00:05:59.19,00:06:00.19,21551,21611,rinse cup,rinse,2,cup,13,['cup'],[13],official_train,WASHING,/kaggle/input/datasets/ldthanh/epic-kitchens-100-p1/P22/videos/P22_15.MP4
P22_15_156,P22,P22_15,00:06:03.139,00:06:00.29,00:06:04.15,21617,21849,lather cup,lather,2,cup,13,['cup'],[13],official_train,WASHING,/kaggle/input/datasets/ldthanh/epic-kitchens-100-p1/P22/videos/P22_15.MP4
P22_15_157,P22,P22_15,00:06:06.270,00:06:03.74,00:06:04.92,21824,21895,put small cup,put,1,cup:small,13,['cup:small'],[13],official_train,PUT DOWN,/kaggle/input/datasets/ldthanh/epic-kitchens-100-p1/P22/videos/P22_15.MP4
P22_15_158,P22,P22_15,00:06:07.270,00:06:04.95,00:06:05.54,21897,21932,pick up saucer,pick-up,0,saucer,2,['saucer'],[2],official_train,PICKS UP,/kaggle/input/datasets/ldthanh/epic-kitchens-100-p1/P22/videos/P22_15.MP4
P22_15_159,P22,P22_15,00:06:08.270,00:06:05.62,00:06:08.12,21937,22087,soap saucer,lather,2,saucer:soap,2,['saucer:soap'],[2],official_train,WASHING,/kaggle/input/datasets/ldthanh/epic-kitchens-100-p1/P22/videos/P22_15.MP4
P22_15_160,P22,P22_15,00:06:09.560,00:06:07.70,00:06:08.98,22062,22138,put saucer,put,1,saucer,2,['saucer'],[2],official_train,PUT DOWN,/kaggle/input/datasets/ldthanh/epic-kitchens-100-p1/P22/videos/P22_15.MP4
P22_15_161,P22,P22_15,00:06:11.220,00:06:09.14,00:06:09.75,22148,22185,pick up saucer,pick-up,0,saucer,2,['saucer'],[2],official_train,PICKS UP,/kaggle/input/datasets/ldthanh/epic-kitchens-100-p1/P22/videos/P22_15.MP4
P22_15_162,P22,P22_15,00:06:12.220,00:06:09.70,00:06:11.29,22182,22277,soap saucer,lather,2,saucer:soap,2,['saucer:soap'],[2],official_train,WASHING,/kaggle/input/datasets/ldthanh/epic-kitchens-100-p1/P22/videos/P22_15.MP4
P22_15_164,P22,P22_15,00:06:14.980,00:06:12.30,00:06:17.13,22338,22627,rinse saucer,rinse,2,saucer,2,['saucer'],[2],official_train,WASHING,/kaggle/input/datasets/ldthanh/epic-kitchens-100-p1/P22/videos/P22_15.MP4
P22_15_165,P22,P22_15,00:06:19.600,00:06:16.86,00:06:18.12,22611,22687,put saucer,put,1,saucer,2,['saucer'],[2],official_train,PUT DOWN,/kaggle/input/datasets/ldthanh/epic-kitchens-100-p1/P22/videos/P22_15.MP4
P22_15_166,P22,P22_15,00:06:21.350,00:06:18.97,00:06:20.09,22738,22805,pick up saucer,pick-up,0,saucer,2,['saucer'],[2],official_train,PICKS UP,/kaggle/input/datasets/ldthanh/epic-kitchens-100-p1/P22/videos/P22_15.MP4
P22_15_168,P22,P22_15,00:06:23.780,00:06:20.78,00:06:22.98,22846,22978,rinse saucer,rinse,2,saucer,2,['saucer'],[2],official_train,WASHING,/kaggle/input/datasets/ldthanh/epic-kitchens-100-p1/P22/videos/P22_15.MP4
P22_15_169,P22,P22_15,00:06:26.270,00:06:21.05,00:06:23.01,22863,22980,rinse saucer,rinse,2,saucer,2,['saucer'],[2],official_train,WASHING,/kaggle/input/datasets/ldthanh/epic-kitchens-100-p1/P22/videos/P22_15.MP4
P22_15_170,P22,P22_15,00:06:25.150,00:06:22.50,00:06:23.25,22950,22995,soap saucer,lather,2,saucer:soap,2,['saucer:soap'],[2],official_train,WASHING,/kaggle/input/datasets/ldthanh/epic-kitchens-100-p1/P22/videos/P22_15.MP4
P22_15_171,P22,P22_15,00:06:27.270,00:06:25.35,00:06:28.60,23121,23316,rinse small cup,rinse,2,cup:small,13,['cup:small'],[13],official_train,WASHING,/kaggle/input/datasets/ldthanh/epic-kitchens-100-p1/P22/videos/P22_15.MP4
P22_15_172,P22,P22_15,00:06:31.280,00:06:29.31,00:06:29.95,23358,23397,put small cup,put,1,cup:small,13,['cup:small'],[13],official_train,PUT DOWN,/kaggle/input/datasets/ldthanh/epic-kitchens-100-p1/P22/videos/P22_15.MP4
P22_15_173,P22,P22_15,00:06:32.520,00:06:30.30,00:06:33.30,23418,23598,rinse small cup,rinse,2,cup:small,13,['cup:small'],[13],official_train,WASHING,/kaggle/input/datasets/ldthanh/epic-kitchens-100-p1/P22/videos/P22_15.MP4
P22_15_174,P22,P22_15,00:06:35.910,00:06:33.40,00:06:34.40,23604,23664,put small cup,put,1,cup:small,13,['cup:small'],[13],official_train,PUT DOWN,/kaggle/input/datasets/ldthanh/epic-kitchens-100-p1/P22/videos/P22_15.MP4
P22_15_175,P22,P22_15,00:06:37.460,00:06:34.50,00:06:39.00,23670,23940,rinse container,rinse,2,container,21,['container'],[21],official_train,WASHING,/kaggle/input/datasets/ldthanh/epic-kitchens-100-p1/P22/videos/P22_15.MP4
P22_15_176,P22,P22_15,00:06:41.240,00:06:39.10,00:06:40.35,23946,24021,put down down container,put-down,1,container,21,['container'],[21],official_train,PUT DOWN,/kaggle/input/datasets/ldthanh/epic-kitchens-100-p1/P22/videos/P22_15.MP4
P22_15_177,P22,P22_15,00:06:43.780,00:06:40.45,00:06:43.27,24027,24196,rinse spoon,rinse,2,spoon,1,['spoon'],[1],official_train,WASHING,/kaggle/input/datasets/ldthanh/epic-kitchens-100-p1/P22/videos/P22_15.MP4
P22_15_178,P22,P22_15,00:06:44.780,00:06:43.30,00:06:44.25,24198,24255,put down down spoon,put-down,1,spoon,1,['spoon'],[1],official_train,PUT DOWN,/kaggle/input/datasets/ldthanh/epic-kitchens-100-p1/P22/videos/P22_15.MP4
P22_15_179,P22,P22_15,00:06:46.590,00:06:44.35,00:06:49.85,24261,24591,rinse cutlery,rinse,2,cutlery,58,['cutlery'],[58],official_train,WASHING,/kaggle/input/datasets/ldthanh/epic-kitchens-100-p1/P22/videos/P22_15.MP4
P22_15_18,P22,P22_15,00:00:42.170,00:00:38.42,00:00:39.61,2305,2376,rinse hands,rinse,2,hand,11,['hand'],[11],official_train,WASHING,/kaggle/input/datasets/ldthanh/epic-kitchens-100-p1/P22/videos/P22_15.MP4
P22_15_180,P22,P22_15,00:06:51.270,00:06:49.90,00:06:51.22,24594,24673,put down down cutlery,put-down,1,cutlery,58,['cutlery'],[58],official_train,PUT DOWN,/kaggle/input/datasets/ldthanh/epic-kitchens-100-p1/P22/videos/P22_15.MP4
P22_15_182,P22,P22_15,00:06:55.680,00:06:52.30,00:06:54.98,24738,24898,rinse salad bowl,rinse,2,bowl:salad,7,['bowl:salad'],[7],official_train,WASHING,/kaggle/input/datasets/ldthanh/epic-kitchens-100-p1/P22/videos/P22_15.MP4
P22_15_183,P22,P22_15,00:06:58.480,00:06:54.27,00:06:58.71,24856,25122,rinse salad bowl,rinse,2,bowl:salad,7,['bowl:salad'],[7],official_train,WASHING,/kaggle/input/datasets/ldthanh/epic-kitchens-100-p1/P22/videos/P22_15.MP4
P22_15_184,P22,P22_15,00:07:02.280,00:06:57.45,00:07:03.11,25047,25386,rinse salad bowl,rinse,2,bowl:salad,7,['bowl:salad'],[7],official_train,WASHING,/kaggle/input/datasets/ldthanh/epic-kitchens-100-p1/P22/videos/P22_15.MP4
P22_15_185,P22,P22_15,00:07:05.230,00:07:03.21,00:07:04.71,25392,25482,put down down salad bowl,put-down,1,bowl:salad,7,['bowl:salad'],[7],official_train,PUT DOWN,/kaggle/input/datasets/ldthanh/epic-kitchens-100-p1/P22/videos/P22_15.MP4
P22_15_186,P22,P22_15,00:07:07.470,00:07:04.81,00:07:07.99,25488,25679,rinse glass,rinse,2,glass,10,['glass'],[10],official_train,WASHING,/kaggle/input/datasets/ldthanh/epic-kitchens-100-p1/P22/videos/P22_15.MP4
P22_15_187,P22,P22_15,00:07:10.360,00:07:07.59,00:07:09.19,25655,25751,put down down glass,put-down,1,glass,10,['glass'],[10],official_train,PUT DOWN,/kaggle/input/datasets/ldthanh/epic-kitchens-100-p1/P22/videos/P22_15.MP4
P22_15_188,P22,P22_15,00:07:11.360,00:07:09.21,00:07:12.20,25752,25932,rinse glass,rinse,2,glass,10,['glass'],[10],official_train,WASHING,/kaggle/input/datasets/ldthanh/epic-kitchens-100-p1/P22/videos/P22_15.MP4
P22_15_189,P22,P22_15,00:07:14.250,00:07:12.03,00:07:13.55,25921,26013,put down down glass,put-down,1,glass,10,['glass'],[10],official_train,PUT DOWN,/kaggle/input/datasets/ldthanh/epic-kitchens-100-p1/P22/videos/P22_15.MP4
P22_15_19,P22,P22_15,00:00:43.170,00:00:39.80,00:00:45.74,2388,2744,rinse filter,rinse,2,filter,77,['filter'],[77],official_train,WASHING,/kaggle/input/datasets/ldthanh/epic-kitchens-100-p1/P22/videos/P22_15.MP4
P22_15_2,P22,P22_15,00:00:13.299,00:00:10.20,00:00:12.27,612,736,rinse moka,rinse,2,moka,50,['moka'],[50],official_train,WASHING,/kaggle/input/datasets/ldthanh/epic-kitchens-100-p1/P22/videos/P22_15.MP4
P22_15_20,P22,P22_15,00:00:47.930,00:00:44.39,00:00:46.10,2663,2766,put down filter,put-down,1,filter,77,['filter'],[77],official_train,PUT DOWN,/kaggle/input/datasets/ldthanh/epic-kitchens-100-p1/P22/videos/P22_15.MP4
P22_15_201,P22,P22_15,00:07:51.090,00:07:46.93,00:07:49.78,28015,28186,rinse hands,rinse,2,hand,11,['hand'],[11],official_train,WASHING,/kaggle/input/datasets/ldthanh/epic-kitchens-100-p1/P22/videos/P22_15.MP4
P22_15_202,P22,P22_15,00:07:52.680,00:07:50.44,00:07:51.82,28226,28309,rinse cloth,rinse,2,cloth,17,['cloth'],[17],official_train,WASHING,/kaggle/input/datasets/ldthanh/epic-kitchens-100-p1/P22/videos/P22_15.MP4
P22_15_203,P22,P22_15,00:07:55.220,00:07:51.67,00:07:57.14,28300,28628,clean sink,clean,2,sink,63,['sink'],[63],official_train,WASHING,/kaggle/input/datasets/ldthanh/epic-kitchens-100-p1/P22/videos/P22_15.MP4
P22_15_204,P22,P22_15,00:08:01.300,00:07:58.06,00:08:00.45,28683,28827,rinse sponge,rinse,2,sponge,9,['sponge'],[9],official_train,WASHING,/kaggle/input/datasets/ldthanh/epic-kitchens-100-p1/P22/videos/P22_15.MP4
P22_15_205,P22,P22_15,00:08:03.180,00:08:00.30,00:08:02.05,28818,28923,put down sponge,put-down,1,sponge,9,['sponge'],[9],official_train,PUT DOWN,/kaggle/input/datasets/ldthanh/epic-kitchens-100-p1/P22/videos/P22_15.MP4
P22_15_206,P22,P22_15,00:08:04.790,00:08:01.95,00:08:02.90,28917,28974,rinse lid,rinse,2,lid,6,['lid'],[6],official_train,WASHING,/kaggle/input/datasets/ldthanh/epic-kitchens-100-p1/P22/videos/P22_15.MP4
P22_15_208,P22,P22_15,00:08:07.740,00:08:04.85,00:08:06.09,29091,29165,rinse cloth,rinse,2,cloth,17,['cloth'],[17],official_train,WASHING,/kaggle/input/datasets/ldthanh/epic-kitchens-100-p1/P22/videos/P22_15.MP4
P22_15_209,P22,P22_15,00:08:09.139,00:08:06.19,00:08:08.92,29171,29335,clean sink,clean,2,sink,63,['sink'],[63],official_train,WASHING,/kaggle/input/datasets/ldthanh/epic-kitchens-100-p1/P22/videos/P22_15.MP4
P22_15_211,P22,P22_15,00:08:13.800,00:08:10.88,00:08:16.62,29452,29797,clean stove top,clean,2,top:stove,24,['top:stove'],[24],official_train,WASHING,/kaggle/input/datasets/ldthanh/epic-kitchens-100-p1/P22/videos/P22_15.MP4
P22_15_212,P22,P22_15,00:08:19.250,00:08:15.15,00:08:18.56,29709,29913,clean stove,clean,2,stove,24,['stove'],[24],official_train,WASHING,/kaggle/input/datasets/ldthanh/epic-kitchens-100-p1/P22/videos/P22_15.MP4
P22_15_213,P22,P22_15,00:08:22.169,00:08:19.22,00:08:20.38,29953,30022,get place mat,get,0,mat:place,84,['mat:place'],[84],official_train,PICKS UP,/kaggle/input/datasets/ldthanh/epic-kitchens-100-p1/P22/videos/P22_15.MP4
P22_15_214,P22,P22_15,00:08:23.320,00:08:20.48,00:08:22.15,30028,30129,get place mat,get,0,mat:place,84,['mat:place'],[84],official_train,PICKS UP,/kaggle/input/datasets/ldthanh/epic-kitchens-100-p1/P22/videos/P22_15.MP4
P22_15_218,P22,P22_15,00:08:31.330,00:08:28.36,00:08:29.24,30501,30554,open drawer,open,3,drawer,8,['drawer'],[8],official_train,OPENS,/kaggle/input/datasets/ldthanh/epic-kitchens-100-p1/P22/videos/P22_15.MP4
P22_15_219,P22,P22_15,00:08:32.330,00:08:29.02,00:08:31.54,30541,30692,put down place mat,put-down,1,mat:place,84,['mat:place'],[84],official_train,PUT DOWN,/kaggle/input/datasets/ldthanh/epic-kitchens-100-p1/P22/videos/P22_15.MP4
P22_15_220,P22,P22_15,00:08:33.330,00:08:29.34,00:08:30.29,30560,30617,put down place mat,put-down,1,mat:place,84,['mat:place'],[84],official_train,PUT DOWN,/kaggle/input/datasets/ldthanh/epic-kitchens-100-p1/P22/videos/P22_15.MP4
P22_15_222,P22,P22_15,00:08:38.589,00:08:35.96,00:08:37.02,30957,31021,open wastebasket,open,3,wastebasket,36,['wastebasket'],[36],official_train,OPENS,/kaggle/input/datasets/ldthanh/epic-kitchens-100-p1/P22/videos/P22_15.MP4
P22_15_227,P22,P22_15,00:08:43.690,00:08:40.92,00:08:41.86,31255,31311,clean table,clean,2,table,42,['table'],[42],official_train,WASHING,/kaggle/input/datasets/ldthanh/epic-kitchens-100-p1/P22/videos/P22_15.MP4
P22_15_228,P22,P22_15,00:08:45.270,00:08:41.96,00:08:42.78,31317,31366,get spice,get,0,spice,85,['spice'],[85],official_train,PICKS UP,/kaggle/input/datasets/ldthanh/epic-kitchens-100-p1/P22/videos/P22_15.MP4
P22_15_229,P22,P22_15,00:08:46.270,00:08:42.88,00:08:44.39,31372,31463,set down spice,set-down,1,spice,85,['spice'],[85],official_train,PUT DOWN,/kaggle/input/datasets/ldthanh/epic-kitchens-100-p1/P22/videos/P22_15.MP4
P22_15_23,P22,P22_15,00:00:54.350,00:00:50.86,00:00:51.77,3051,3106,open cabinet,open,3,cabinet,3,['cabinet'],[3],official_train,OPENS,/kaggle/input/datasets/ldthanh/epic-kitchens-100-p1/P22/videos/P22_15.MP4
P22_15_233,P22,P22_15,00:08:53.940,00:08:51.26,00:08:52.01,31875,31920,get oil,get,0,oil,31,['oil'],[31],official_train,PICKS UP,/kaggle/input/datasets/ldthanh/epic-kitchens-100-p1/P22/videos/P22_15.MP4
P22_15_234,P22,P22_15,00:08:55.180,00:08:52.70,00:08:53.86,31962,32031,set down oil,set-down,1,oil,31,['oil'],[31],official_train,PUT DOWN,/kaggle/input/datasets/ldthanh/epic-kitchens-100-p1/P22/videos/P22_15.MP4
P22_15_235,P22,P22_15,00:08:57.400,00:08:53.87,00:08:55.54,32032,32132,get tupperware,get,0,tupperware,23,['tupperware'],[23],official_train,PICKS UP,/kaggle/input/datasets/ldthanh/epic-kitchens-100-p1/P22/videos/P22_15.MP4
P22_15_236,P22,P22_15,00:08:58.400,00:08:55.39,00:08:56.89,32123,32213,open tupperware,open,3,tupperware,23,['tupperware'],[23],official_train,OPENS,/kaggle/input/datasets/ldthanh/epic-kitchens-100-p1/P22/videos/P22_15.MP4
P22_15_237,P22,P22_15,00:09:01.270,00:08:58.91,00:09:00.16,32334,32409,open drawer,open,3,drawer,8,['drawer'],[8],official_train,OPENS,/kaggle/input/datasets/ldthanh/epic-kitchens-100-p1/P22/videos/P22_15.MP4
P22_15_239,P22,P22_15,00:09:04.180,00:09:01.61,00:09:02.36,32496,32541,open drawer,open,3,drawer,8,['drawer'],[8],official_train,OPENS,/kaggle/input/datasets/ldthanh/epic-kitchens-100-p1/P22/videos/P22_15.MP4
P22_15_24,P22,P22_15,00:00:55.960,00:00:52.34,00:00:54.24,3140,3254,pick up plate,pick-up,0,plate,2,['plate'],[2],official_train,PICKS UP,/kaggle/input/datasets/ldthanh/epic-kitchens-100-p1/P22/videos/P22_15.MP4
P22_15_240,P22,P22_15,00:09:05.820,00:09:02.74,00:09:06.14,32564,32768,grab spoon,grab,0,spoon,1,['spoon'],[1],official_train,PICKS UP,/kaggle/input/datasets/ldthanh/epic-kitchens-100-p1/P22/videos/P22_15.MP4
P22_15_242,P22,P22_15,00:09:09.750,00:09:07.89,00:09:09.11,32873,32946,take sugar,take,0,sugar,102,['sugar'],[102],official_train,PICKS UP,/kaggle/input/datasets/ldthanh/epic-kitchens-100-p1/P22/videos/P22_15.MP4
P22_15_243,P22,P22_15,00:09:12.010,00:09:08.52,00:09:10.80,32911,33048,take sugar,take,0,sugar,102,['sugar'],[102],official_train,PICKS UP,/kaggle/input/datasets/ldthanh/epic-kitchens-100-p1/P22/videos/P22_15.MP4
P22_15_244,P22,P22_15,00:09:11.010,00:09:08.66,00:09:09.63,32919,32977,put sugar,put,1,sugar,102,['sugar'],[102],official_train,PUT DOWN,/kaggle/input/datasets/ldthanh/epic-kitchens-100-p1/P22/videos/P22_15.MP4
P22_15_245,P22,P22_15,00:09:14.290,00:09:09.57,00:09:10.77,32974,33046,take sugar,take,0,sugar,102,['sugar'],[102],official_train,PICKS UP,/kaggle/input/datasets/ldthanh/epic-kitchens-100-p1/P22/videos/P22_15.MP4
P22_15_246,P22,P22_15,00:09:13.290,00:09:10.75,00:09:11.97,33045,33118,put sugar,put,1,sugar,102,['sugar'],[102],official_train,PUT DOWN,/kaggle/input/datasets/ldthanh/epic-kitchens-100-p1/P22/videos/P22_15.MP4
P22_15_247,P22,P22_15,00:09:15.460,00:09:11.30,00:09:12.03,33078,33121,put sugar,put,1,sugar,102,['sugar'],[102],official_train,PUT DOWN,/kaggle/input/datasets/ldthanh/epic-kitchens-100-p1/P22/videos/P22_15.MP4
P22_15_248,P22,P22_15,00:09:16.460,00:09:11.95,00:09:13.26,33117,33195,take sugar,take,0,sugar,102,['sugar'],[102],official_train,PICKS UP,/kaggle/input/datasets/ldthanh/epic-kitchens-100-p1/P22/videos/P22_15.MP4
P22_15_249,P22,P22_15,00:09:18.710,00:09:11.98,00:09:13.40,33118,33204,take sugar,take,0,sugar,102,['sugar'],[102],official_train,PICKS UP,/kaggle/input/datasets/ldthanh/epic-kitchens-100-p1/P22/videos/P22_15.MP4
P22_15_25,P22,P22_15,00:00:58.399,00:00:54.71,00:00:57.44,3282,3446,put down plate,put-down,1,plate,2,['plate'],[2],official_train,PUT DOWN,/kaggle/input/datasets/ldthanh/epic-kitchens-100-p1/P22/videos/P22_15.MP4
P22_15_250,P22,P22_15,00:09:17.460,00:09:13.16,00:09:13.95,33189,33237,put sugar,put,1,sugar,102,['sugar'],[102],official_train,PUT DOWN,/kaggle/input/datasets/ldthanh/epic-kitchens-100-p1/P22/videos/P22_15.MP4
P22_15_251,P22,P22_15,00:09:19.890,00:09:13.50,00:09:14.24,33210,33254,put sugar,put,1,sugar,102,['sugar'],[102],official_train,PUT DOWN,/kaggle/input/datasets/ldthanh/epic-kitchens-100-p1/P22/videos/P22_15.MP4
P22_15_252,P22,P22_15,00:09:20.930,00:09:14.05,00:09:15.57,33243,33334,take sugar,take,0,sugar,102,['sugar'],[102],official_train,PICKS UP,/kaggle/input/datasets/ldthanh/epic-kitchens-100-p1/P22/videos/P22_15.MP4
P22_15_253,P22,P22_15,00:09:23.200,00:09:14.20,00:09:15.39,33252,33323,take sugar,take,0,sugar,102,['sugar'],[102],official_train,PICKS UP,/kaggle/input/datasets/ldthanh/epic-kitchens-100-p1/P22/videos/P22_15.MP4
P22_15_254,P22,P22_15,00:09:22.140,00:09:15.23,00:09:16.43,33313,33385,put sugar,put,1,sugar,102,['sugar'],[102],official_train,PUT DOWN,/kaggle/input/datasets/ldthanh/epic-kitchens-100-p1/P22/videos/P22_15.MP4
P22_15_255,P22,P22_15,00:09:24.430,00:09:15.67,00:09:16.46,33340,33387,put sugar,put,1,sugar,102,['sugar'],[102],official_train,PUT DOWN,/kaggle/input/datasets/ldthanh/epic-kitchens-100-p1/P22/videos/P22_15.MP4
P22_15_256,P22,P22_15,00:09:25.430,00:09:16.56,00:09:17.72,33393,33463,take sugar,take,0,sugar,102,['sugar'],[102],official_train,PICKS UP,/kaggle/input/datasets/ldthanh/epic-kitchens-100-p1/P22/videos/P22_15.MP4
P22_15_258,P22,P22_15,00:09:29.290,00:09:26.12,00:09:27.57,33967,34054,put down down sugar bowl,put-down,1,bowl:sugar,7,['bowl:sugar'],[7],official_train,PUT DOWN,/kaggle/input/datasets/ldthanh/epic-kitchens-100-p1/P22/videos/P22_15.MP4
P22_15_26,P22,P22_15,00:00:59.399,00:00:58.15,00:00:59.30,3489,3558,pick up plate,pick-up,0,plate,2,['plate'],[2],official_train,PICKS UP,/kaggle/input/datasets/ldthanh/epic-kitchens-100-p1/P22/videos/P22_15.MP4
P22_15_262,P22,P22_15,00:09:35.800,00:09:32.85,00:09:34.38,34371,34462,rinse spoon,rinse,2,spoon,1,['spoon'],[1],official_train,WASHING,/kaggle/input/datasets/ldthanh/epic-kitchens-100-p1/P22/videos/P22_15.MP4
P22_15_263,P22,P22_15,00:09:36.800,00:09:33.57,00:09:36.56,34414,34593,lather spoon,lather,2,spoon,1,['spoon'],[1],official_train,WASHING,/kaggle/input/datasets/ldthanh/epic-kitchens-100-p1/P22/videos/P22_15.MP4
P22_15_264,P22,P22_15,00:09:38.830,00:09:35.41,00:09:37.47,34524,34648,rinse sponge,rinse,2,sponge,9,['sponge'],[9],official_train,WASHING,/kaggle/input/datasets/ldthanh/epic-kitchens-100-p1/P22/videos/P22_15.MP4
P22_15_265,P22,P22_15,00:09:39.990,00:09:37.53,00:09:38.56,34651,34713,put down down sponge,put-down,1,sponge,9,['sponge'],[9],official_train,PUT DOWN,/kaggle/input/datasets/ldthanh/epic-kitchens-100-p1/P22/videos/P22_15.MP4
P22_15_266,P22,P22_15,00:09:40.990,00:09:38.16,00:09:40.60,34689,34836,rinse spoon,rinse,2,spoon,1,['spoon'],[1],official_train,WASHING,/kaggle/input/datasets/ldthanh/epic-kitchens-100-p1/P22/videos/P22_15.MP4
P22_15_268,P22,P22_15,00:09:44.300,00:09:41.54,00:09:42.54,34892,34952,put down down spoon,put-down,1,spoon,1,['spoon'],[1],official_train,PUT DOWN,/kaggle/input/datasets/ldthanh/epic-kitchens-100-p1/P22/videos/P22_15.MP4
P22_15_27,P22,P22_15,00:01:02.100,00:00:59.40,00:01:02.39,3564,3743,put down plate,put-down,1,plate,2,['plate'],[2],official_train,PUT DOWN,/kaggle/input/datasets/ldthanh/epic-kitchens-100-p1/P22/videos/P22_15.MP4
P22_15_271,P22,P22_15,00:09:49.360,00:09:47.68,00:09:48.42,35260,35305,put down down rag,put-down,1,rag,17,['rag'],[17],official_train,PUT DOWN,/kaggle/input/datasets/ldthanh/epic-kitchens-100-p1/P22/videos/P22_15.MP4
P22_15_272,P22,P22_15,00:09:51.560,00:09:49.10,00:09:51.95,35346,35517,clean table,clean,2,table,42,['table'],[42],official_train,WASHING,/kaggle/input/datasets/ldthanh/epic-kitchens-100-p1/P22/videos/P22_15.MP4
P22_15_274,P22,P22_15,00:09:56.240,00:09:54.23,00:09:57.33,35653,35839,open fridge,open,3,fridge,12,['fridge'],[12],official_train,OPENS,/kaggle/input/datasets/ldthanh/epic-kitchens-100-p1/P22/videos/P22_15.MP4
P22_15_275,P22,P22_15,00:09:59.990,00:09:57.50,00:09:58.75,35850,35925,put bottle,put,1,bottle,15,['bottle'],[15],official_train,PUT DOWN,/kaggle/input/datasets/ldthanh/epic-kitchens-100-p1/P22/videos/P22_15.MP4
P22_15_278,P22,P22_15,00:10:04.880,00:10:02.05,00:10:03.80,36123,36228,clean table,clean,2,table,42,['table'],[42],official_train,WASHING,/kaggle/input/datasets/ldthanh/epic-kitchens-100-p1/P22/videos/P22_15.MP4
P22_15_279,P22,P22_15,00:10:08.260,00:10:04.90,00:10:06.90,36294,36414,put cloth,put,1,cloth,17,['cloth'],[17],official_train,PUT DOWN,/kaggle/input/datasets/ldthanh/epic-kitchens-100-p1/P22/videos/P22_15.MP4
P22_15_28,P22,P22_15,00:01:06.210,00:01:03.17,00:01:05.24,3790,3914,pick up small pot,pick-up,0,pot:small,29,['pot:small'],[29],official_train,PICKS UP,/kaggle/input/datasets/ldthanh/epic-kitchens-100-p1/P22/videos/P22_15.MP4
P22_15_3,P22,P22_15,00:00:15.879,00:00:12.37,00:00:14.12,742,847,open moka,open,3,moka,50,['moka'],[50],official_train,OPENS,/kaggle/input/datasets/ldthanh/epic-kitchens-100-p1/P22/videos/P22_15.MP4
P22_15_30,P22,P22_15,00:01:12.840,00:01:10.57,00:01:11.86,4234,4311,put down small pot,put-down,1,pot:small,29,['pot:small'],[29],official_train,PUT DOWN,/kaggle/input/datasets/ldthanh/epic-kitchens-100-p1/P22/videos/P22_15.MP4
P22_15_31,P22,P22_15,00:01:14.000,00:01:12.61,00:01:13.44,4356,4406,open cabinet,open,3,cabinet,3,['cabinet'],[3],official_train,OPENS,/kaggle/input/datasets/ldthanh/epic-kitchens-100-p1/P22/videos/P22_15.MP4
P22_15_32,P22,P22_15,00:01:16.040,00:01:13.17,00:01:14.40,4390,4464,pick up colander,pick-up,0,colander,39,['colander'],[39],official_train,PICKS UP,/kaggle/input/datasets/ldthanh/epic-kitchens-100-p1/P22/videos/P22_15.MP4
P22_15_33,P22,P22_15,00:01:17.159,00:01:14.43,00:01:16.29,4465,4577,put down colander,put-down,1,colander,39,['colander'],[39],official_train,PUT DOWN,/kaggle/input/datasets/ldthanh/epic-kitchens-100-p1/P22/videos/P22_15.MP4
P22_15_35,P22,P22_15,00:01:21.000,00:01:18.53,00:01:19.43,4711,4765,put down colander,put-down,1,colander,39,['colander'],[39],official_train,PUT DOWN,/kaggle/input/datasets/ldthanh/epic-kitchens-100-p1/P22/videos/P22_15.MP4
P22_15_36,P22,P22_15,00:01:24.180,00:01:19.93,00:01:22.58,4795,4954,pick up pot,pick-up,0,pot,29,['pot'],[29],official_train,PICKS UP,/kaggle/input/datasets/ldthanh/epic-kitchens-100-p1/P22/videos/P22_15.MP4
P22_15_38,P22,P22_15,00:01:28.790,00:01:27.49,00:01:28.65,5249,5319,place pot,place,1,pot,29,['pot'],[29],official_train,PUT DOWN,/kaggle/input/datasets/ldthanh/epic-kitchens-100-p1/P22/videos/P22_15.MP4
P22_15_39,P22,P22_15,00:01:30.460,00:01:29.40,00:01:30.42,5364,5425,pick up cup,pick-up,0,cup,13,['cup'],[13],official_train,PICKS UP,/kaggle/input/datasets/ldthanh/epic-kitchens-100-p1/P22/videos/P22_15.MP4
P22_15_4,P22,P22_15,00:00:16.879,00:00:14.22,00:00:15.07,853,904,rinse moka,rinse,2,moka,50,['moka'],[50],official_train,WASHING,/kaggle/input/datasets/ldthanh/epic-kitchens-100-p1/P22/videos/P22_15.MP4
P22_15_41,P22,P22_15,00:01:33.540,00:01:31.87,00:01:32.92,5512,5575,place cup,place,1,cup,13,['cup'],[13],official_train,PUT DOWN,/kaggle/input/datasets/ldthanh/epic-kitchens-100-p1/P22/videos/P22_15.MP4
P22_15_43,P22,P22_15,00:01:37.329,00:01:35.20,00:01:36.83,5712,5809,place bowl,place,1,bowl,7,['bowl'],[7],official_train,PUT DOWN,/kaggle/input/datasets/ldthanh/epic-kitchens-100-p1/P22/videos/P22_15.MP4
P22_15_44,P22,P22_15,00:01:39.970,00:01:37.95,00:01:38.70,5877,5922,pick up cup,pick-up,0,cup,13,['cup'],[13],official_train,PICKS UP,/kaggle/input/datasets/ldthanh/epic-kitchens-100-p1/P22/videos/P22_15.MP4
P22_15_45,P22,P22_15,00:01:40.970,00:01:39.04,00:01:40.92,5942,6055,place cup,place,1,cup,13,['cup'],[13],official_train,PUT DOWN,/kaggle/input/datasets/ldthanh/epic-kitchens-100-p1/P22/videos/P22_15.MP4
P22_15_46,P22,P22_15,00:01:43.340,00:01:41.69,00:01:42.38,6101,6142,pick up bowl,pick-up,0,bowl,7,['bowl'],[7],official_train,PICKS UP,/kaggle/input/datasets/ldthanh/epic-kitchens-100-p1/P22/videos/P22_15.MP4
P22_15_47,P22,P22_15,00:01:44.340,00:01:42.41,00:01:43.83,6144,6229,place bowl,place,1,bowl,7,['bowl'],[7],official_train,PUT DOWN,/kaggle/input/datasets/ldthanh/epic-kitchens-100-p1/P22/videos/P22_15.MP4
P22_15_48,P22,P22_15,00:01:47.840,00:01:46.08,00:01:46.91,6364,6414,pick up dish,pick-up,0,dish,2,['dish'],[2],official_train,PICKS UP,/kaggle/input/datasets/ldthanh/epic-kitchens-100-p1/P22/videos/P22_15.MP4
P22_15_49,P22,P22_15,00:01:49.530,00:01:47.51,00:01:49.68,6450,6580,place dish,place,1,dish,2,['dish'],[2],official_train,PUT DOWN,/kaggle/input/datasets/ldthanh/epic-kitchens-100-p1/P22/videos/P22_15.MP4
P22_15_50,P22,P22_15,00:01:51.729,00:01:49.82,00:01:50.50,6589,6630,pick up dish,pick-up,0,dish,2,['dish'],[2],official_train,PICKS UP,/kaggle/input/datasets/ldthanh/epic-kitchens-100-p1/P22/videos/P22_15.MP4
P22_15_51,P22,P22_15,00:01:53.340,00:01:51.54,00:01:53.44,6692,6806,place dish,place,1,dish,2,['dish'],[2],official_train,PUT DOWN,/kaggle/input/datasets/ldthanh/epic-kitchens-100-p1/P22/videos/P22_15.MP4
P22_15_52,P22,P22_15,00:01:55.840,00:01:53.67,00:01:54.18,6820,6850,pick up dish,pick-up,0,dish,2,['dish'],[2],official_train,PICKS UP,/kaggle/input/datasets/ldthanh/epic-kitchens-100-p1/P22/videos/P22_15.MP4
P22_15_53,P22,P22_15,00:01:56.840,00:01:54.70,00:01:56.35,6882,6981,place dish,place,1,dish,2,['dish'],[2],official_train,PUT DOWN,/kaggle/input/datasets/ldthanh/epic-kitchens-100-p1/P22/videos/P22_15.MP4
P22_15_55,P22,P22_15,00:02:01.759,00:01:59.64,00:02:01.21,7178,7272,pick up cutlery,pick-up,0,cutlery,58,['cutlery'],[58],official_train,PICKS UP,/kaggle/input/datasets/ldthanh/epic-kitchens-100-p1/P22/videos/P22_15.MP4
P22_15_56,P22,P22_15,00:02:03.750,00:02:01.78,00:02:02.87,7306,7372,open drawer,open,3,drawer,8,['drawer'],[8],official_train,OPENS,/kaggle/input/datasets/ldthanh/epic-kitchens-100-p1/P22/videos/P22_15.MP4
P22_15_65,P22,P22_15,00:02:23.549,00:02:19.66,00:02:21.67,8379,8500,pick up cutting board,pick-up,0,board:cutting,18,['board:cutting'],[18],official_train,PICKS UP,/kaggle/input/datasets/ldthanh/epic-kitchens-100-p1/P22/videos/P22_15.MP4
P22_15_67,P22,P22_15,00:02:27.430,00:02:24.27,00:02:26.16,8656,8769,open drawer,open,3,drawer,8,['drawer'],[8],official_train,OPENS,/kaggle/input/datasets/ldthanh/epic-kitchens-100-p1/P22/videos/P22_15.MP4
P22_15_68,P22,P22_15,00:02:28.430,00:02:25.26,00:02:29.12,8715,8947,put down cutting board,put-down,1,board:cutting,18,['board:cutting'],[18],official_train,PUT DOWN,/kaggle/input/datasets/ldthanh/epic-kitchens-100-p1/P22/videos/P22_15.MP4
P22_15_7,P22,P22_15,00:00:26.929,00:00:19.98,00:00:25.67,1198,1540,open moka,open,3,moka,50,['moka'],[50],official_train,OPENS,/kaggle/input/datasets/ldthanh/epic-kitchens-100-p1/P22/videos/P22_15.MP4
P22_15_70,P22,P22_15,00:02:33.100,00:02:31.35,00:02:32.10,9081,9126,put down cloth,put-down,1,cloth,17,['cloth'],[17],official_train,PUT DOWN,/kaggle/input/datasets/ldthanh/epic-kitchens-100-p1/P22/videos/P22_15.MP4
P22_15_71,P22,P22_15,00:02:36.489,00:02:33.22,00:02:35.22,9193,9313,pick up small pot,pick-up,0,pot:small,29,['pot:small'],[29],official_train,PICKS UP,/kaggle/input/datasets/ldthanh/epic-kitchens-100-p1/P22/videos/P22_15.MP4
P22_15_72,P22,P22_15,00:02:39.359,00:02:35.27,00:02:36.27,9316,9376,pick up pot,pick-up,0,pot,29,['pot'],[29],official_train,PICKS UP,/kaggle/input/datasets/ldthanh/epic-kitchens-100-p1/P22/videos/P22_15.MP4
P22_15_73,P22,P22_15,00:02:40.359,00:02:38.17,00:02:40.17,9490,9610,put down pots,put-down,1,pot,29,['pot'],[29],official_train,PUT DOWN,/kaggle/input/datasets/ldthanh/epic-kitchens-100-p1/P22/videos/P22_15.MP4
P22_15_75,P22,P22_15,00:02:45.250,00:02:42.44,00:02:43.19,9746,9791,pick up cloth,pick-up,0,cloth,17,['cloth'],[17],official_train,PICKS UP,/kaggle/input/datasets/ldthanh/epic-kitchens-100-p1/P22/videos/P22_15.MP4
P22_15_76,P22,P22_15,00:02:46.250,00:02:43.92,00:02:45.67,9835,9940,put down cloth,put-down,1,cloth,17,['cloth'],[17],official_train,PUT DOWN,/kaggle/input/datasets/ldthanh/epic-kitchens-100-p1/P22/videos/P22_15.MP4
P22_15_78,P22,P22_15,00:02:52.829,00:02:47.01,00:02:48.39,10020,10103,rinse coffee maker,rinse,2,maker:coffee,50,['maker:coffee'],[50],official_train,WASHING,/kaggle/input/datasets/ldthanh/epic-kitchens-100-p1/P22/videos/P22_15.MP4
P22_15_79,P22,P22_15,00:02:49.630,00:02:47.31,00:02:48.31,10038,10098,rinse filter,rinse,2,filter,77,['filter'],[77],official_train,WASHING,/kaggle/input/datasets/ldthanh/epic-kitchens-100-p1/P22/videos/P22_15.MP4
P22_15_80,P22,P22_15,00:02:50.630,00:02:48.41,00:02:49.16,10104,10149,put down filter,put-down,1,filter,77,['filter'],[77],official_train,PUT DOWN,/kaggle/input/datasets/ldthanh/epic-kitchens-100-p1/P22/videos/P22_15.MP4
P22_15_81,P22,P22_15,00:02:55.840,00:02:48.41,00:02:55.73,10104,10543,rinse coffee maker,rinse,2,maker:coffee,50,['maker:coffee'],[50],official_train,WASHING,/kaggle/input/datasets/ldthanh/epic-kitchens-100-p1/P22/videos/P22_15.MP4
P22_15_82,P22,P22_15,00:02:56.840,00:02:55.52,00:02:56.84,10531,10610,put down coffee maker,put-down,1,maker:coffee,50,['maker:coffee'],[50],official_train,PUT DOWN,/kaggle/input/datasets/ldthanh/epic-kitchens-100-p1/P22/videos/P22_15.MP4
P22_15_83,P22,P22_15,00:02:58.940,00:02:56.77,00:03:02.03,10606,10921,rinse coffee maker,rinse,2,maker:coffee,50,['maker:coffee'],[50],official_train,WASHING,/kaggle/input/datasets/ldthanh/epic-kitchens-100-p1/P22/videos/P22_15.MP4
P22_15_84,P22,P22_15,00:03:04.290,00:03:01.87,00:03:02.70,10912,10962,put down coffee maker,put-down,1,maker:coffee,50,['maker:coffee'],[50],official_train,PUT DOWN,/kaggle/input/datasets/ldthanh/epic-kitchens-100-p1/P22/videos/P22_15.MP4
P22_15_86,P22,P22_15,00:03:09.340,00:03:03.73,00:03:05.94,11023,11156,lather teaspoon,lather,2,teaspoon,1,['teaspoon'],[1],official_train,WASHING,/kaggle/input/datasets/ldthanh/epic-kitchens-100-p1/P22/videos/P22_15.MP4
P22_15_87,P22,P22_15,00:03:10.340,00:03:05.79,00:03:08.13,11147,11287,rinse teaspoon,rinse,2,teaspoon,1,['teaspoon'],[1],official_train,WASHING,/kaggle/input/datasets/ldthanh/epic-kitchens-100-p1/P22/videos/P22_15.MP4
P22_15_88,P22,P22_15,00:03:11.340,00:03:07.97,00:03:08.71,11278,11322,put down teaspoon,put-down,1,teaspoon,1,['teaspoon'],[1],official_train,PUT DOWN,/kaggle/input/datasets/ldthanh/epic-kitchens-100-p1/P22/videos/P22_15.MP4
P22_15_9,P22,P22_15,00:00:22.310,00:00:23.14,00:00:27.03,1388,1621,open moka,open,3,moka,50,['moka'],[50],official_train,OPENS,/kaggle/input/datasets/ldthanh/epic-kitchens-100-p1/P22/videos/P22_15.MP4
P22_15_90,P22,P22_15,00:03:14.479,00:03:10.75,00:03:12.50,11445,11550,pick up lids,pick-up,0,lid,6,['lid'],[6],official_train,PICKS UP,/kaggle/input/datasets/ldthanh/epic-kitchens-100-p1/P22/videos/P22_15.MP4
P22_15_92,P22,P22_15,00:03:16.889,00:03:14.29,00:03:16.24,11657,11774,rinse hands,rinse,2,hand,11,['hand'],[11],official_train,WASHING,/kaggle/input/datasets/ldthanh/epic-kitchens-100-p1/P22/videos/P22_15.MP4
P22_15_94,P22,P22_15,00:03:19.980,00:03:18.23,00:03:19.47,11893,11968,put down cloth,put-down,1,cloth,17,['cloth'],[17],official_train,PUT DOWN,/kaggle/input/datasets/ldthanh/epic-kitchens-100-p1/P22/videos/P22_15.MP4
P22_15_95,P22,P22_15,00:03:21.670,00:03:21.70,00:03:22.95,12102,12177,pick up coffee cup,pick-up,0,cup:coffee,13,['cup:coffee'],[13],official_train,PICKS UP,/kaggle/input/datasets/ldthanh/epic-kitchens-100-p1/P22/videos/P22_15.MP4
P22_15_96,P22,P22_15,00:03:25.269,00:03:23.05,00:03:25.39,12183,12323,pick up coffee cup,pick-up,0,cup:coffee,13,['cup:coffee'],[13],official_train,PICKS UP,/kaggle/input/datasets/ldthanh/epic-kitchens-100-p1/P22/videos/P22_15.MP4
P22_15_97,P22,P22_15,00:03:30.699,00:03:28.18,00:03:30.68,12490,12640,put down coffee cups,put-down,1,cup:coffee,13,['cup:coffee'],[13],official_train,PUT DOWN,/kaggle/input/datasets/ldthanh/epic-kitchens-100-p1/P22/videos/P22_15.MP4
P22_15_98,P22,P22_15,00:03:31.699,00:03:33.25,00:03:34.00,12795,12840,pick up glass,pick-up,0,glass,10,['glass'],[10],official_train,PICKS UP,/kaggle/input/datasets/ldthanh/epic-kitchens-100-p1/P22/videos/P22_15.MP4
P22_15_99,P22,P22_15,00:03:36.380,00:03:34.10,00:03:35.35,12846,12921,pick up glass,pick-up,0,glass,10,['glass'],[10],official_train,PICKS UP,/kaggle/input/datasets/ldthanh/epic-kitchens-100-p1/P22/videos/P22_15.MP4
P22_16_0,P22,P22_16,00:00:01.120,00:00:02.96,00:00:04.37,177,262,grab salad bowl,grab,0,bowl:salad,7,['bowl:salad'],[7],official_train,PICKS UP,/kaggle/input/datasets/ldthanh/epic-kitchens-100-p1/P22/videos/P22_16.MP4
P22_16_10,P22,P22_16,00:00:39.260,00:00:40.95,00:00:42.95,2457,2577,grab filter,grab,0,filter,77,['filter'],[77],official_train,PICKS UP,/kaggle/input/datasets/ldthanh/epic-kitchens-100-p1/P22/videos/P22_16.MP4
P22_16_100,P22,P22_16,00:03:16.290,00:03:15.61,00:03:17.61,11736,11856,put salt,put,1,salt,38,['salt'],[38],official_train,PUT DOWN,/kaggle/input/datasets/ldthanh/epic-kitchens-100-p1/P22/videos/P22_16.MP4
P22_16_102,P22,P22_16,00:03:19.239,00:03:19.19,00:03:20.31,11951,12018,put down down can,put-down,1,can,61,['can'],[61],official_train,PUT DOWN,/kaggle/input/datasets/ldthanh/epic-kitchens-100-p1/P22/videos/P22_16.MP4
P22_16_105,P22,P22_16,00:03:26.689,00:03:27.40,00:03:27.99,12444,12479,rinse hands,rinse,2,hand,11,['hand'],[11],official_train,WASHING,/kaggle/input/datasets/ldthanh/epic-kitchens-100-p1/P22/videos/P22_16.MP4
P22_16_109,P22,P22_16,00:03:31.540,00:03:31.77,00:03:33.51,12706,12810,put down down rag,put-down,1,rag,17,['rag'],[17],official_train,PUT DOWN,/kaggle/input/datasets/ldthanh/epic-kitchens-100-p1/P22/videos/P22_16.MP4
P22_16_11,P22,P22_16,00:00:41.890,00:00:42.99,00:00:43.69,2579,2621,grab moka,grab,0,moka,50,['moka'],[50],official_train,PICKS UP,/kaggle/input/datasets/ldthanh/epic-kitchens-100-p1/P22/videos/P22_16.MP4
P22_16_110,P22,P22_16,00:03:34.480,00:03:33.61,00:03:35.45,12816,12927,take spoon,take,0,spoon,1,['spoon'],[1],official_train,PICKS UP,/kaggle/input/datasets/ldthanh/epic-kitchens-100-p1/P22/videos/P22_16.MP4
P22_16_112,P22,P22_16,00:03:37.639,00:03:37.94,00:03:39.15,13076,13149,put down down spoon,put-down,1,spoon,1,['spoon'],[1],official_train,PUT DOWN,/kaggle/input/datasets/ldthanh/epic-kitchens-100-p1/P22/videos/P22_16.MP4
P22_16_114,P22,P22_16,00:03:42.769,00:03:41.92,00:03:42.92,13315,13375,open cupboard,open,3,cupboard,3,['cupboard'],[3],official_train,OPENS,/kaggle/input/datasets/ldthanh/epic-kitchens-100-p1/P22/videos/P22_16.MP4
P22_16_115,P22,P22_16,00:03:44.799,00:03:43.02,00:03:44.59,13381,13475,grab bag,grab,0,bag,19,['bag'],[19],official_train,PICKS UP,/kaggle/input/datasets/ldthanh/epic-kitchens-100-p1/P22/videos/P22_16.MP4
P22_16_116,P22,P22_16,00:03:45.799,00:03:44.90,00:03:46.77,13494,13606,grab onion,grab,0,onion,16,['onion'],[16],official_train,PICKS UP,/kaggle/input/datasets/ldthanh/epic-kitchens-100-p1/P22/videos/P22_16.MP4
P22_16_12,P22,P22_16,00:00:43.910,00:00:43.65,00:00:44.15,2619,2649,put down moka,put-down,1,moka,50,['moka'],[50],official_train,PUT DOWN,/kaggle/input/datasets/ldthanh/epic-kitchens-100-p1/P22/videos/P22_16.MP4
P22_16_126,P22,P22_16,00:04:21.609,00:04:11.72,00:04:21.43,15103,15685,pick up onion,pick-up,0,onion,16,['onion'],[16],official_train,PICKS UP,/kaggle/input/datasets/ldthanh/epic-kitchens-100-p1/P22/videos/P22_16.MP4
P22_16_13,P22,P22_16,00:00:45.120,00:00:44.25,00:00:45.00,2655,2700,grab moka,grab,0,moka,50,['moka'],[50],official_train,PICKS UP,/kaggle/input/datasets/ldthanh/epic-kitchens-100-p1/P22/videos/P22_16.MP4
P22_16_132,P22,P22_16,00:04:30.910,00:04:30.74,00:04:31.49,16244,16289,pick up knife,pick-up,0,knife,4,['knife'],[4],official_train,PICKS UP,/kaggle/input/datasets/ldthanh/epic-kitchens-100-p1/P22/videos/P22_16.MP4
P22_16_134,P22,P22_16,00:04:33.250,00:04:32.99,00:04:35.65,16379,16539,pick up peelings,pick-up,0,peeling,48,['peeling'],[48],official_train,PICKS UP,/kaggle/input/datasets/ldthanh/epic-kitchens-100-p1/P22/videos/P22_16.MP4
P22_16_137,P22,P22_16,00:04:42.750,00:04:42.03,00:04:42.72,16921,16963,pick up onion,pick-up,0,onion,16,['onion'],[16],official_train,PICKS UP,/kaggle/input/datasets/ldthanh/epic-kitchens-100-p1/P22/videos/P22_16.MP4
P22_16_138,P22,P22_16,00:04:43.750,00:04:42.79,00:04:44.04,16967,17042,put down onion,put-down,1,onion,16,['onion'],[16],official_train,PUT DOWN,/kaggle/input/datasets/ldthanh/epic-kitchens-100-p1/P22/videos/P22_16.MP4
P22_16_140,P22,P22_16,00:04:47.139,00:04:45.46,00:04:47.60,17127,17256,pick up knife,pick-up,0,knife,4,['knife'],[4],official_train,PICKS UP,/kaggle/input/datasets/ldthanh/epic-kitchens-100-p1/P22/videos/P22_16.MP4
P22_16_141,P22,P22_16,00:04:50.280,00:04:47.70,00:04:49.43,17262,17365,pick up spoon,pick-up,0,spoon,1,['spoon'],[1],official_train,PICKS UP,/kaggle/input/datasets/ldthanh/epic-kitchens-100-p1/P22/videos/P22_16.MP4
P22_16_143,P22,P22_16,00:04:53.639,00:04:52.43,00:04:53.93,17545,17635,put down spoon,put-down,1,spoon,1,['spoon'],[1],official_train,PUT DOWN,/kaggle/input/datasets/ldthanh/epic-kitchens-100-p1/P22/videos/P22_16.MP4
P22_16_144,P22,P22_16,00:04:54.639,00:04:54.03,00:04:55.03,17641,17701,pick up knife,pick-up,0,knife,4,['knife'],[4],official_train,PICKS UP,/kaggle/input/datasets/ldthanh/epic-kitchens-100-p1/P22/videos/P22_16.MP4
P22_16_148,P22,P22_16,00:05:33.259,00:05:33.00,00:05:35.50,19980,20130,open fridge,open,3,fridge,12,['fridge'],[12],official_train,OPENS,/kaggle/input/datasets/ldthanh/epic-kitchens-100-p1/P22/videos/P22_16.MP4
P22_16_149,P22,P22_16,00:05:37.990,00:05:35.60,00:05:37.85,20136,20271,open drawer,open,3,drawer,8,['drawer'],[8],official_train,OPENS,/kaggle/input/datasets/ldthanh/epic-kitchens-100-p1/P22/videos/P22_16.MP4
P22_16_150,P22,P22_16,00:05:38.990,00:05:37.95,00:05:39.70,20277,20382,pick up tomato,pick-up,0,tomato,43,['tomato'],[43],official_train,PICKS UP,/kaggle/input/datasets/ldthanh/epic-kitchens-100-p1/P22/videos/P22_16.MP4
P22_16_151,P22,P22_16,00:05:40.410,00:05:39.80,00:05:41.75,20388,20505,pick up bag,pick-up,0,bag,19,['bag'],[19],official_train,PICKS UP,/kaggle/input/datasets/ldthanh/epic-kitchens-100-p1/P22/videos/P22_16.MP4
P22_16_153,P22,P22_16,00:05:43.629,00:05:42.35,00:05:43.10,20541,20586,put down bag,put-down,1,bag,19,['bag'],[19],official_train,PUT DOWN,/kaggle/input/datasets/ldthanh/epic-kitchens-100-p1/P22/videos/P22_16.MP4
P22_16_154,P22,P22_16,00:05:44.629,00:05:43.82,00:05:44.79,20629,20687,pick up carrots,pick-up,0,carrot,41,['carrot'],[41],official_train,PICKS UP,/kaggle/input/datasets/ldthanh/epic-kitchens-100-p1/P22/videos/P22_16.MP4
P22_16_155,P22,P22_16,00:05:45.629,00:05:45.19,00:05:46.30,20711,20778,put down carrots,put-down,1,carrot,41,['carrot'],[41],official_train,PUT DOWN,/kaggle/input/datasets/ldthanh/epic-kitchens-100-p1/P22/videos/P22_16.MP4
P22_16_158,P22,P22_16,00:05:52.319,00:05:51.00,00:05:53.48,21060,21208,rinse tomato,rinse,2,tomato,43,['tomato'],[43],official_train,WASHING,/kaggle/input/datasets/ldthanh/epic-kitchens-100-p1/P22/videos/P22_16.MP4
P22_16_16,P22,P22_16,00:00:48.559,00:00:51.44,00:00:52.68,3086,3160,put down mocha,put-down,1,mocha,50,['mocha'],[50],official_train,PUT DOWN,/kaggle/input/datasets/ldthanh/epic-kitchens-100-p1/P22/videos/P22_16.MP4
P22_16_165,P22,P22_16,00:06:37.539,00:06:35.81,00:06:38.28,23748,23896,pick up tomato,pick-up,0,tomato,43,['tomato'],[43],official_train,PICKS UP,/kaggle/input/datasets/ldthanh/epic-kitchens-100-p1/P22/videos/P22_16.MP4
P22_16_167,P22,P22_16,00:06:42.710,00:06:41.93,00:06:43.43,24115,24205,open drawer,open,3,drawer,8,['drawer'],[8],official_train,OPENS,/kaggle/input/datasets/ldthanh/epic-kitchens-100-p1/P22/videos/P22_16.MP4
P22_16_168,P22,P22_16,00:06:43.710,00:06:42.72,00:06:44.80,24163,24288,pick up mincing knife,pick-up,0,knife:mincing,4,['knife:mincing'],[4],official_train,PICKS UP,/kaggle/input/datasets/ldthanh/epic-kitchens-100-p1/P22/videos/P22_16.MP4
P22_16_17,P22,P22_16,00:00:52.929,00:00:52.70,00:00:53.68,3162,3220,pick up container,pick-up,0,container,21,['container'],[21],official_train,PICKS UP,/kaggle/input/datasets/ldthanh/epic-kitchens-100-p1/P22/videos/P22_16.MP4
P22_16_175,P22,P22_16,00:07:07.930,00:07:19.12,00:07:19.85,26347,26391,pick up spoon,pick-up,0,spoon,1,['spoon'],[1],official_train,PICKS UP,/kaggle/input/datasets/ldthanh/epic-kitchens-100-p1/P22/videos/P22_16.MP4
P22_16_177,P22,P22_16,00:07:23.830,00:07:22.21,00:07:23.21,26532,26592,put down spoon,put-down,1,spoon,1,['spoon'],[1],official_train,PUT DOWN,/kaggle/input/datasets/ldthanh/epic-kitchens-100-p1/P22/videos/P22_16.MP4
P22_16_179,P22,P22_16,00:07:48.039,00:07:32.61,00:07:49.35,27156,28161,clean mincing knife,clean,2,knife:mincing,4,['knife:mincing'],[4],official_train,WASHING,/kaggle/input/datasets/ldthanh/epic-kitchens-100-p1/P22/videos/P22_16.MP4
P22_16_18,P22,P22_16,00:00:55.059,00:00:54.50,00:00:55.56,3270,3333,pick up cloth,pick-up,0,cloth,17,['cloth'],[17],official_train,PICKS UP,/kaggle/input/datasets/ldthanh/epic-kitchens-100-p1/P22/videos/P22_16.MP4
P22_16_180,P22,P22_16,00:07:45.289,00:07:45.31,00:07:47.12,27918,28027,pick up knife,pick-up,0,knife,4,['knife'],[4],official_train,PICKS UP,/kaggle/input/datasets/ldthanh/epic-kitchens-100-p1/P22/videos/P22_16.MP4
P22_16_181,P22,P22_16,00:07:46.400,00:07:49.50,00:07:50.98,28170,28258,clean mincing knife,clean,2,knife:mincing,4,['knife:mincing'],[4],official_train,WASHING,/kaggle/input/datasets/ldthanh/epic-kitchens-100-p1/P22/videos/P22_16.MP4
P22_16_182,P22,P22_16,00:07:49.050,00:07:51.52,00:07:52.19,28291,28331,put knife,put,1,knife,4,['knife'],[4],official_train,PUT DOWN,/kaggle/input/datasets/ldthanh/epic-kitchens-100-p1/P22/videos/P22_16.MP4
P22_16_183,P22,P22_16,00:07:51.860,00:07:51.81,00:07:53.11,28308,28386,put mincing knife,put,1,knife:mincing,4,['knife:mincing'],[4],official_train,PUT DOWN,/kaggle/input/datasets/ldthanh/epic-kitchens-100-p1/P22/videos/P22_16.MP4
P22_16_184,P22,P22_16,00:07:52.979,00:07:53.22,00:07:53.92,28393,28435,open locker,open,3,locker,3,['locker'],[3],official_train,OPENS,/kaggle/input/datasets/ldthanh/epic-kitchens-100-p1/P22/videos/P22_16.MP4
P22_16_186,P22,P22_16,00:07:54.800,00:07:54.02,00:07:55.51,28441,28530,pick up bowl,pick-up,0,bowl,7,['bowl'],[7],official_train,PICKS UP,/kaggle/input/datasets/ldthanh/epic-kitchens-100-p1/P22/videos/P22_16.MP4
P22_16_194,P22,P22_16,00:08:58.020,00:08:57.43,00:08:59.08,32245,32344,put spoon,put,1,spoon,1,['spoon'],[1],official_train,PUT DOWN,/kaggle/input/datasets/ldthanh/epic-kitchens-100-p1/P22/videos/P22_16.MP4
P22_16_195,P22,P22_16,00:09:01.990,00:08:59.94,00:09:02.37,32396,32542,pick up spice,pick-up,0,spice,85,['spice'],[85],official_train,PICKS UP,/kaggle/input/datasets/ldthanh/epic-kitchens-100-p1/P22/videos/P22_16.MP4
P22_16_197,P22,P22_16,00:09:07.740,00:09:03.19,00:09:05.96,32591,32757,put oregano,put,1,oregano,145,['oregano'],[145],official_train,PUT DOWN,/kaggle/input/datasets/ldthanh/epic-kitchens-100-p1/P22/videos/P22_16.MP4
P22_16_199,P22,P22_16,00:09:08.740,00:09:07.85,00:09:09.10,32871,32946,pick up salt,pick-up,0,salt,38,['salt'],[38],official_train,PICKS UP,/kaggle/input/datasets/ldthanh/epic-kitchens-100-p1/P22/videos/P22_16.MP4
P22_16_2,P22,P22_16,00:00:11.389,00:00:10.82,00:00:16.52,649,991,put down salad bowl,put-down,1,bowl:salad,7,['bowl:salad'],[7],official_train,PUT DOWN,/kaggle/input/datasets/ldthanh/epic-kitchens-100-p1/P22/videos/P22_16.MP4
P22_16_20,P22,P22_16,00:00:58.230,00:00:56.17,00:00:57.20,3370,3432,put down container,put-down,1,container,21,['container'],[21],official_train,PUT DOWN,/kaggle/input/datasets/ldthanh/epic-kitchens-100-p1/P22/videos/P22_16.MP4
P22_16_200,P22,P22_16,00:09:09.740,00:09:09.07,00:09:10.05,32944,33003,open salt,open,3,salt,38,['salt'],[38],official_train,OPENS,/kaggle/input/datasets/ldthanh/epic-kitchens-100-p1/P22/videos/P22_16.MP4
P22_16_201,P22,P22_16,00:09:11.130,00:09:10.15,00:09:11.49,33009,33089,open salt,open,3,salt,38,['salt'],[38],official_train,OPENS,/kaggle/input/datasets/ldthanh/epic-kitchens-100-p1/P22/videos/P22_16.MP4
P22_16_205,P22,P22_16,00:09:17.250,00:09:16.88,00:09:18.00,33412,33480,put salt,put,1,salt,38,['salt'],[38],official_train,PUT DOWN,/kaggle/input/datasets/ldthanh/epic-kitchens-100-p1/P22/videos/P22_16.MP4
P22_16_206,P22,P22_16,00:09:18.790,00:09:18.04,00:09:19.01,33482,33540,pick up pepper,pick-up,0,pepper,37,['pepper'],[37],official_train,PICKS UP,/kaggle/input/datasets/ldthanh/epic-kitchens-100-p1/P22/videos/P22_16.MP4
P22_16_207,P22,P22_16,00:09:19.790,00:09:18.77,00:09:20.08,33526,33604,open pepper,open,3,pepper,37,['pepper'],[37],official_train,OPENS,/kaggle/input/datasets/ldthanh/epic-kitchens-100-p1/P22/videos/P22_16.MP4
P22_16_21,P22,P22_16,00:00:59.230,00:00:57.07,00:00:58.71,3424,3522,put down cloth,put-down,1,cloth,17,['cloth'],[17],official_train,PUT DOWN,/kaggle/input/datasets/ldthanh/epic-kitchens-100-p1/P22/videos/P22_16.MP4
P22_16_210,P22,P22_16,00:09:23.370,00:09:23.75,00:09:25.00,33825,33900,put pepper,put,1,pepper,37,['pepper'],[37],official_train,PUT DOWN,/kaggle/input/datasets/ldthanh/epic-kitchens-100-p1/P22/videos/P22_16.MP4
P22_16_211,P22,P22_16,00:09:28.170,00:09:27.47,00:09:28.10,34048,34086,open door,open,3,door,3,['door'],[3],official_train,OPENS,/kaggle/input/datasets/ldthanh/epic-kitchens-100-p1/P22/videos/P22_16.MP4
P22_16_212,P22,P22_16,00:09:29.170,00:09:28.78,00:09:29.58,34126,34174,take vinegar,take,0,vinegar,134,['vinegar'],[134],official_train,PICKS UP,/kaggle/input/datasets/ldthanh/epic-kitchens-100-p1/P22/videos/P22_16.MP4
P22_16_213,P22,P22_16,00:09:31.329,00:09:29.68,00:09:31.99,34180,34319,open vinegar,open,3,vinegar,134,['vinegar'],[134],official_train,OPENS,/kaggle/input/datasets/ldthanh/epic-kitchens-100-p1/P22/videos/P22_16.MP4
P22_16_216,P22,P22_16,00:09:34.389,00:09:34.18,00:09:34.86,34450,34491,put down vinegar,put-down,1,vinegar,134,['vinegar'],[134],official_train,PUT DOWN,/kaggle/input/datasets/ldthanh/epic-kitchens-100-p1/P22/videos/P22_16.MP4
P22_16_218,P22,P22_16,00:09:36.480,00:09:35.96,00:09:37.18,34557,34630,open drawer,open,3,drawer,8,['drawer'],[8],official_train,OPENS,/kaggle/input/datasets/ldthanh/epic-kitchens-100-p1/P22/videos/P22_16.MP4
P22_16_219,P22,P22_16,00:09:38.440,00:09:37.28,00:09:39.03,34636,34741,take fork,take,0,fork,14,['fork'],[14],official_train,PICKS UP,/kaggle/input/datasets/ldthanh/epic-kitchens-100-p1/P22/videos/P22_16.MP4
P22_16_22,P22,P22_16,00:01:00.230,00:00:58.74,00:01:00.80,3524,3648,pick up silverware,pick-up,0,silverware,58,['silverware'],[58],official_train,PICKS UP,/kaggle/input/datasets/ldthanh/epic-kitchens-100-p1/P22/videos/P22_16.MP4
P22_16_223,P22,P22_16,00:09:57.870,00:09:57.23,00:09:57.73,35833,35863,put down fork,put-down,1,fork,14,['fork'],[14],official_train,PUT DOWN,/kaggle/input/datasets/ldthanh/epic-kitchens-100-p1/P22/videos/P22_16.MP4
P22_16_224,P22,P22_16,00:09:59.480,00:09:58.35,00:09:59.30,35901,35958,take spoon,take,0,spoon,1,['spoon'],[1],official_train,PICKS UP,/kaggle/input/datasets/ldthanh/epic-kitchens-100-p1/P22/videos/P22_16.MP4
P22_16_226,P22,P22_16,00:10:02.120,00:10:09.46,00:10:10.21,36567,36612,put down spoon,put-down,1,spoon,1,['spoon'],[1],official_train,PUT DOWN,/kaggle/input/datasets/ldthanh/epic-kitchens-100-p1/P22/videos/P22_16.MP4
P22_16_227,P22,P22_16,00:10:12.240,00:10:11.21,00:10:12.36,36672,36741,open fridge,open,3,fridge,12,['fridge'],[12],official_train,OPENS,/kaggle/input/datasets/ldthanh/epic-kitchens-100-p1/P22/videos/P22_16.MP4
P22_16_229,P22,P22_16,00:10:14.240,00:10:13.00,00:10:14.20,36780,36852,take carrot,take,0,carrot,41,['carrot'],[41],official_train,PICKS UP,/kaggle/input/datasets/ldthanh/epic-kitchens-100-p1/P22/videos/P22_16.MP4
P22_16_231,P22,P22_16,00:10:18.430,00:10:17.16,00:10:19.91,37029,37194,wash carrot,wash,2,carrot,41,['carrot'],[41],official_train,WASHING,/kaggle/input/datasets/ldthanh/epic-kitchens-100-p1/P22/videos/P22_16.MP4
P22_16_233,P22,P22_16,00:10:21.180,00:10:21.61,00:10:22.36,37296,37341,put down carrot,put-down,1,carrot,41,['carrot'],[41],official_train,PUT DOWN,/kaggle/input/datasets/ldthanh/epic-kitchens-100-p1/P22/videos/P22_16.MP4
P22_16_234,P22,P22_16,00:10:23.630,00:10:22.71,00:10:23.76,37362,37425,open drawer,open,3,drawer,8,['drawer'],[8],official_train,OPENS,/kaggle/input/datasets/ldthanh/epic-kitchens-100-p1/P22/videos/P22_16.MP4
P22_16_235,P22,P22_16,00:10:25.260,00:10:24.61,00:10:26.95,37476,37617,take peeler,take,0,peeler,87,['peeler'],[87],official_train,PICKS UP,/kaggle/input/datasets/ldthanh/epic-kitchens-100-p1/P22/videos/P22_16.MP4
P22_16_239,P22,P22_16,00:10:55.380,00:10:54.16,00:10:55.59,39249,39335,open cabinet,open,3,cabinet,3,['cabinet'],[3],official_train,OPENS,/kaggle/input/datasets/ldthanh/epic-kitchens-100-p1/P22/videos/P22_16.MP4
P22_16_24,P22,P22_16,00:01:02.530,00:01:02.30,00:01:03.63,3738,3817,open drawer,open,3,drawer,8,['drawer'],[8],official_train,OPENS,/kaggle/input/datasets/ldthanh/epic-kitchens-100-p1/P22/videos/P22_16.MP4
P22_16_240,P22,P22_16,00:10:56.570,00:10:55.78,00:10:57.69,39346,39461,pick up bowl,pick-up,0,bowl,7,['bowl'],[7],official_train,PICKS UP,/kaggle/input/datasets/ldthanh/epic-kitchens-100-p1/P22/videos/P22_16.MP4
P22_16_241,P22,P22_16,00:10:57.570,00:10:56.62,00:10:58.96,39397,39537,pick up salad bowl,pick-up,0,bowl:salad,7,['bowl:salad'],[7],official_train,PICKS UP,/kaggle/input/datasets/ldthanh/epic-kitchens-100-p1/P22/videos/P22_16.MP4
P22_16_244,P22,P22_16,00:11:04.589,00:11:04.00,00:11:04.81,39840,39888,put down salad bowl,put-down,1,bowl:salad,7,['bowl:salad'],[7],official_train,PUT DOWN,/kaggle/input/datasets/ldthanh/epic-kitchens-100-p1/P22/videos/P22_16.MP4
P22_16_245,P22,P22_16,00:11:06.620,00:11:05.52,00:11:06.27,39931,39976,pick up pan,pick-up,0,pan,5,['pan'],[5],official_train,PICKS UP,/kaggle/input/datasets/ldthanh/epic-kitchens-100-p1/P22/videos/P22_16.MP4
P22_16_247,P22,P22_16,00:11:12.990,00:11:13.76,00:11:14.85,40425,40491,put down pan,put-down,1,pan,5,['pan'],[5],official_train,PUT DOWN,/kaggle/input/datasets/ldthanh/epic-kitchens-100-p1/P22/videos/P22_16.MP4
P22_16_248,P22,P22_16,00:11:14.750,00:11:14.54,00:11:15.73,40472,40543,pick up carrot,pick-up,0,carrot,41,['carrot'],[41],official_train,PICKS UP,/kaggle/input/datasets/ldthanh/epic-kitchens-100-p1/P22/videos/P22_16.MP4
P22_16_249,P22,P22_16,00:11:15.810,00:11:15.49,00:11:16.46,40529,40587,pick up carrot peeler,pick-up,0,peeler:carrot,87,['peeler:carrot'],[87],official_train,PICKS UP,/kaggle/input/datasets/ldthanh/epic-kitchens-100-p1/P22/videos/P22_16.MP4
P22_16_25,P22,P22_16,00:01:03.670,00:01:03.24,00:01:05.13,3794,3907,put down teaspoon,put-down,1,teaspoon,1,['teaspoon'],[1],official_train,PUT DOWN,/kaggle/input/datasets/ldthanh/epic-kitchens-100-p1/P22/videos/P22_16.MP4
P22_16_254,P22,P22_16,00:12:44.480,00:12:43.91,00:12:45.00,45834,45900,put down carrot peeler,put-down,1,peeler:carrot,87,['peeler:carrot'],[87],official_train,PUT DOWN,/kaggle/input/datasets/ldthanh/epic-kitchens-100-p1/P22/videos/P22_16.MP4
P22_16_256,P22,P22_16,00:12:47.300,00:13:04.49,00:13:11.19,47069,47471,pick up carrot,pick-up,0,carrot,41,['carrot'],[41],official_train,PICKS UP,/kaggle/input/datasets/ldthanh/epic-kitchens-100-p1/P22/videos/P22_16.MP4
P22_16_257,P22,P22_16,00:13:11.649,00:13:10.82,00:13:12.25,47449,47535,put down carrot,put-down,1,carrot,41,['carrot'],[41],official_train,PUT DOWN,/kaggle/input/datasets/ldthanh/epic-kitchens-100-p1/P22/videos/P22_16.MP4
P22_16_26,P22,P22_16,00:01:05.140,00:01:05.11,00:01:08.20,3906,4092,put down silverware,put-down,1,silverware,58,['silverware'],[58],official_train,PUT DOWN,/kaggle/input/datasets/ldthanh/epic-kitchens-100-p1/P22/videos/P22_16.MP4
P22_16_260,P22,P22_16,00:13:15.519,00:13:15.76,00:13:16.51,47745,47790,put down spoon,put-down,1,spoon,1,['spoon'],[1],official_train,PUT DOWN,/kaggle/input/datasets/ldthanh/epic-kitchens-100-p1/P22/videos/P22_16.MP4
P22_16_261,P22,P22_16,00:13:20.130,00:13:17.78,00:13:20.43,47866,48025,open fridge,open,3,fridge,12,['fridge'],[12],official_train,OPENS,/kaggle/input/datasets/ldthanh/epic-kitchens-100-p1/P22/videos/P22_16.MP4
P22_16_262,P22,P22_16,00:13:21.360,00:13:19.45,00:13:21.64,47967,48098,put away carrots,put,1,carrot,41,['carrot'],[41],official_train,PUT DOWN,/kaggle/input/datasets/ldthanh/epic-kitchens-100-p1/P22/videos/P22_16.MP4
P22_16_264,P22,P22_16,00:13:26.750,00:13:29.64,00:13:30.50,48578,48630,pick up salad bowl,pick-up,0,bowl:salad,7,['bowl:salad'],[7],official_train,PICKS UP,/kaggle/input/datasets/ldthanh/epic-kitchens-100-p1/P22/videos/P22_16.MP4
P22_16_266,P22,P22_16,00:13:32.019,00:13:31.15,00:13:34.97,48669,48898,pick up lettuce,pick-up,0,lettuce,120,['lettuce'],[120],official_train,PICKS UP,/kaggle/input/datasets/ldthanh/epic-kitchens-100-p1/P22/videos/P22_16.MP4
P22_16_268,P22,P22_16,00:13:35.230,00:13:34.65,00:13:35.65,48879,48939,put down bag,put-down,1,bag,19,['bag'],[19],official_train,PUT DOWN,/kaggle/input/datasets/ldthanh/epic-kitchens-100-p1/P22/videos/P22_16.MP4
P22_16_269,P22,P22_16,00:13:36.230,00:13:35.65,00:13:37.05,48939,49023,pick up lettuce,pick-up,0,lettuce,120,['lettuce'],[120],official_train,PICKS UP,/kaggle/input/datasets/ldthanh/epic-kitchens-100-p1/P22/videos/P22_16.MP4
P22_16_27,P22,P22_16,00:01:08.030,00:01:07.53,00:01:10.26,4051,4215,put down spoons,put-down,1,spoon,1,['spoon'],[1],official_train,PUT DOWN,/kaggle/input/datasets/ldthanh/epic-kitchens-100-p1/P22/videos/P22_16.MP4
P22_16_271,P22,P22_16,00:13:40.940,00:13:40.78,00:13:41.40,49246,49284,open cabinet,open,3,cabinet,3,['cabinet'],[3],official_train,OPENS,/kaggle/input/datasets/ldthanh/epic-kitchens-100-p1/P22/videos/P22_16.MP4
P22_16_273,P22,P22_16,00:13:44.750,00:13:43.00,00:13:44.77,49380,49486,pick up colander,pick-up,0,colander,39,['colander'],[39],official_train,PICKS UP,/kaggle/input/datasets/ldthanh/epic-kitchens-100-p1/P22/videos/P22_16.MP4
P22_16_274,P22,P22_16,00:13:48.690,00:13:46.25,00:13:49.00,49575,49740,put down leaf,put-down,1,leaf,62,['leaf'],[62],official_train,PUT DOWN,/kaggle/input/datasets/ldthanh/epic-kitchens-100-p1/P22/videos/P22_16.MP4
P22_16_275,P22,P22_16,00:13:50.690,00:13:47.84,00:13:48.45,49670,49707,put down leaf,put-down,1,leaf,62,['leaf'],[62],official_train,PUT DOWN,/kaggle/input/datasets/ldthanh/epic-kitchens-100-p1/P22/videos/P22_16.MP4
P22_16_276,P22,P22_16,00:13:49.690,00:13:48.55,00:13:50.05,49713,49803,pick up leaf,pick-up,0,leaf,62,['leaf'],[62],official_train,PICKS UP,/kaggle/input/datasets/ldthanh/epic-kitchens-100-p1/P22/videos/P22_16.MP4
P22_16_278,P22,P22_16,00:13:52.690,00:13:50.15,00:13:51.00,49809,49860,put down leaf,put-down,1,leaf,62,['leaf'],[62],official_train,PUT DOWN,/kaggle/input/datasets/ldthanh/epic-kitchens-100-p1/P22/videos/P22_16.MP4
P22_16_279,P22,P22_16,00:13:55.300,00:13:50.45,00:13:52.20,49827,49932,put down leaf,put-down,1,leaf,62,['leaf'],[62],official_train,PUT DOWN,/kaggle/input/datasets/ldthanh/epic-kitchens-100-p1/P22/videos/P22_16.MP4
P22_16_282,P22,P22_16,00:13:57.930,00:13:55.32,00:13:56.03,50119,50161,put down leaf,put-down,1,leaf,62,['leaf'],[62],official_train,PUT DOWN,/kaggle/input/datasets/ldthanh/epic-kitchens-100-p1/P22/videos/P22_16.MP4
P22_16_284,P22,P22_16,00:14:01.690,00:13:57.44,00:13:58.14,50246,50288,put down leaf,put-down,1,leaf,62,['leaf'],[62],official_train,PUT DOWN,/kaggle/input/datasets/ldthanh/epic-kitchens-100-p1/P22/videos/P22_16.MP4
P22_16_287,P22,P22_16,00:14:05.149,00:14:01.86,00:14:07.90,50511,50874,put down leaf,put-down,1,leaf,62,['leaf'],[62],official_train,PUT DOWN,/kaggle/input/datasets/ldthanh/epic-kitchens-100-p1/P22/videos/P22_16.MP4
P22_16_288,P22,P22_16,00:14:15.259,00:14:05.82,00:14:15.66,50749,51339,put down leaf,put-down,1,leaf,62,['leaf'],[62],official_train,PUT DOWN,/kaggle/input/datasets/ldthanh/epic-kitchens-100-p1/P22/videos/P22_16.MP4
P22_16_289,P22,P22_16,00:14:18.800,00:14:17.56,00:14:19.83,51453,51589,put lettuce,put,1,lettuce,120,['lettuce'],[120],official_train,PUT DOWN,/kaggle/input/datasets/ldthanh/epic-kitchens-100-p1/P22/videos/P22_16.MP4
P22_16_29,P22,P22_16,00:01:11.920,00:01:10.13,00:01:11.37,4207,4282,pick up mocha,pick-up,0,mocha,50,['mocha'],[50],official_train,PICKS UP,/kaggle/input/datasets/ldthanh/epic-kitchens-100-p1/P22/videos/P22_16.MP4
P22_16_290,P22,P22_16,00:14:21.089,00:14:19.15,00:14:23.05,51549,51783,open fridge,open,3,fridge,12,['fridge'],[12],official_train,OPENS,/kaggle/input/datasets/ldthanh/epic-kitchens-100-p1/P22/videos/P22_16.MP4
P22_16_291,P22,P22_16,00:14:22.850,00:14:23.27,00:14:25.33,51796,51919,put lettuce,put,1,lettuce,120,['lettuce'],[120],official_train,PUT DOWN,/kaggle/input/datasets/ldthanh/epic-kitchens-100-p1/P22/videos/P22_16.MP4
P22_16_294,P22,P22_16,00:14:31.269,00:14:29.94,00:14:32.41,52196,52344,rinse lettuce,rinse,2,lettuce,120,['lettuce'],[120],official_train,WASHING,/kaggle/input/datasets/ldthanh/epic-kitchens-100-p1/P22/videos/P22_16.MP4
P22_16_295,P22,P22_16,00:14:35.399,00:14:32.27,00:14:34.85,52336,52491,rinse lettuce,rinse,2,lettuce,120,['lettuce'],[120],official_train,WASHING,/kaggle/input/datasets/ldthanh/epic-kitchens-100-p1/P22/videos/P22_16.MP4
P22_16_296,P22,P22_16,00:14:38.730,00:14:34.95,00:14:37.07,52497,52624,rinse lettuce,rinse,2,lettuce,120,['lettuce'],[120],official_train,WASHING,/kaggle/input/datasets/ldthanh/epic-kitchens-100-p1/P22/videos/P22_16.MP4
P22_16_297,P22,P22_16,00:14:42.240,00:14:37.17,00:14:54.82,52630,53689,rinse lettuce,rinse,2,lettuce,120,['lettuce'],[120],official_train,WASHING,/kaggle/input/datasets/ldthanh/epic-kitchens-100-p1/P22/videos/P22_16.MP4
P22_16_298,P22,P22_16,00:14:45.880,00:14:50.00,00:14:54.45,53400,53667,rinse lettuce,rinse,2,lettuce,120,['lettuce'],[120],official_train,WASHING,/kaggle/input/datasets/ldthanh/epic-kitchens-100-p1/P22/videos/P22_16.MP4
P22_16_299,P22,P22_16,00:14:46.880,00:14:54.55,00:14:55.51,53673,53730,pick up colander,pick-up,0,colander,39,['colander'],[39],official_train,PICKS UP,/kaggle/input/datasets/ldthanh/epic-kitchens-100-p1/P22/videos/P22_16.MP4
P22_16_30,P22,P22_16,00:01:12.920,00:01:11.98,00:01:13.67,4318,4420,put down mocha,put-down,1,mocha,50,['mocha'],[50],official_train,PUT DOWN,/kaggle/input/datasets/ldthanh/epic-kitchens-100-p1/P22/videos/P22_16.MP4
P22_16_300,P22,P22_16,00:14:56.160,00:14:55.61,00:14:56.52,53736,53791,put colander,put,1,colander,39,['colander'],[39],official_train,PUT DOWN,/kaggle/input/datasets/ldthanh/epic-kitchens-100-p1/P22/videos/P22_16.MP4
P22_16_301,P22,P22_16,00:14:57.430,00:14:58.05,00:14:58.80,53883,53928,pick up paper,pick-up,0,paper,49,['paper'],[49],official_train,PICKS UP,/kaggle/input/datasets/ldthanh/epic-kitchens-100-p1/P22/videos/P22_16.MP4
P22_16_302,P22,P22_16,00:15:01.290,00:14:59.96,00:15:01.15,53997,54069,open,open,3,meat,28,['meat'],[28],official_train,OPENS,/kaggle/input/datasets/ldthanh/epic-kitchens-100-p1/P22/videos/P22_16.MP4
P22_16_304,P22,P22_16,00:15:04.600,00:15:03.75,00:15:04.54,54225,54272,put lighter,put,1,lighter,130,['lighter'],[130],official_train,PUT DOWN,/kaggle/input/datasets/ldthanh/epic-kitchens-100-p1/P22/videos/P22_16.MP4
P22_16_306,P22,P22_16,00:15:23.910,00:15:23.19,00:15:26.12,55391,55567,pick up leaves,pick-up,0,leaf,62,['leaf'],[62],official_train,PICKS UP,/kaggle/input/datasets/ldthanh/epic-kitchens-100-p1/P22/videos/P22_16.MP4
P22_16_307,P22,P22_16,00:15:27.110,00:15:25.90,00:15:30.15,55554,55809,pick up leaves,pick-up,0,leaf,62,['leaf'],[62],official_train,PICKS UP,/kaggle/input/datasets/ldthanh/epic-kitchens-100-p1/P22/videos/P22_16.MP4
P22_16_31,P22,P22_16,00:01:17.430,00:01:16.81,00:01:19.33,4608,4759,open drawer,open,3,drawer,8,['drawer'],[8],official_train,OPENS,/kaggle/input/datasets/ldthanh/epic-kitchens-100-p1/P22/videos/P22_16.MP4
P22_16_313,P22,P22_16,00:16:03.360,00:16:00.91,00:16:02.82,57654,57769,pick up leaf,pick-up,0,leaf,62,['leaf'],[62],official_train,PICKS UP,/kaggle/input/datasets/ldthanh/epic-kitchens-100-p1/P22/videos/P22_16.MP4
P22_16_314,P22,P22_16,00:16:05.560,00:16:02.92,00:16:05.60,57775,57936,pick up leaf,pick-up,0,leaf,62,['leaf'],[62],official_train,PICKS UP,/kaggle/input/datasets/ldthanh/epic-kitchens-100-p1/P22/videos/P22_16.MP4
P22_16_315,P22,P22_16,00:16:07.680,00:16:04.92,00:16:06.34,57895,57980,pick up leaf,pick-up,0,leaf,62,['leaf'],[62],official_train,PICKS UP,/kaggle/input/datasets/ldthanh/epic-kitchens-100-p1/P22/videos/P22_16.MP4
P22_16_316,P22,P22_16,00:16:02.250,00:16:06.41,00:16:07.75,57984,58065,pick up leaf,pick-up,0,leaf,62,['leaf'],[62],official_train,PICKS UP,/kaggle/input/datasets/ldthanh/epic-kitchens-100-p1/P22/videos/P22_16.MP4
P22_16_32,P22,P22_16,00:01:21.430,00:01:18.27,00:01:22.04,4696,4922,pick up pan,pick-up,0,pan,5,['pan'],[5],official_train,PICKS UP,/kaggle/input/datasets/ldthanh/epic-kitchens-100-p1/P22/videos/P22_16.MP4
P22_16_324,P22,P22_16,00:16:38.790,00:16:38.04,00:16:39.10,59882,59946,put down knife,put-down,1,knife,4,['knife'],[4],official_train,PUT DOWN,/kaggle/input/datasets/ldthanh/epic-kitchens-100-p1/P22/videos/P22_16.MP4
P22_16_325,P22,P22_16,00:16:40.970,00:16:38.78,00:16:46.43,59926,60385,pick up scraps,pick-up,0,scrap,19,['scrap'],[19],official_train,PICKS UP,/kaggle/input/datasets/ldthanh/epic-kitchens-100-p1/P22/videos/P22_16.MP4
P22_16_326,P22,P22_16,00:16:47.720,00:16:47.95,00:16:48.72,60477,60523,open trash can,open,3,can:trash,36,['can:trash'],[36],official_train,OPENS,/kaggle/input/datasets/ldthanh/epic-kitchens-100-p1/P22/videos/P22_16.MP4
P22_16_33,P22,P22_16,00:01:22.890,00:01:21.83,00:01:23.46,4909,5007,put down pan,put-down,1,pan,5,['pan'],[5],official_train,PUT DOWN,/kaggle/input/datasets/ldthanh/epic-kitchens-100-p1/P22/videos/P22_16.MP4
P22_16_330,P22,P22_16,00:16:53.790,00:16:52.78,00:16:54.10,60766,60846,rinse hands,rinse,2,hand,11,['hand'],[11],official_train,WASHING,/kaggle/input/datasets/ldthanh/epic-kitchens-100-p1/P22/videos/P22_16.MP4
P22_16_332,P22,P22_16,00:16:59.160,00:16:58.01,00:16:58.86,61080,61131,put down cloth,put-down,1,cloth,17,['cloth'],[17],official_train,PUT DOWN,/kaggle/input/datasets/ldthanh/epic-kitchens-100-p1/P22/videos/P22_16.MP4
P22_16_333,P22,P22_16,00:17:00.740,00:16:59.40,00:17:00.32,61164,61219,pick up spoon,pick-up,0,spoon,1,['spoon'],[1],official_train,PICKS UP,/kaggle/input/datasets/ldthanh/epic-kitchens-100-p1/P22/videos/P22_16.MP4
P22_16_336,P22,P22_16,00:17:06.470,00:17:10.18,00:17:11.43,61810,61885,put spoon down,put-down,1,spoon,1,['spoon'],[1],official_train,PUT DOWN,/kaggle/input/datasets/ldthanh/epic-kitchens-100-p1/P22/videos/P22_16.MP4
P22_16_337,P22,P22_16,00:17:10.720,00:17:15.28,00:17:16.86,62116,62211,open fridge,open,3,fridge,12,['fridge'],[12],official_train,OPENS,/kaggle/input/datasets/ldthanh/epic-kitchens-100-p1/P22/videos/P22_16.MP4
P22_16_338,P22,P22_16,00:17:18.100,00:17:17.10,00:17:18.03,62225,62281,open drawer,open,3,drawer,8,['drawer'],[8],official_train,OPENS,/kaggle/input/datasets/ldthanh/epic-kitchens-100-p1/P22/videos/P22_16.MP4
P22_16_339,P22,P22_16,00:17:19.600,00:17:17.79,00:17:19.55,62267,62373,grab tomato,grab,0,tomato,43,['tomato'],[43],official_train,PICKS UP,/kaggle/input/datasets/ldthanh/epic-kitchens-100-p1/P22/videos/P22_16.MP4
P22_16_342,P22,P22_16,00:17:25.750,00:17:25.24,00:17:26.60,62714,62795,rinse tomato,rinse,2,tomato,43,['tomato'],[43],official_train,WASHING,/kaggle/input/datasets/ldthanh/epic-kitchens-100-p1/P22/videos/P22_16.MP4
P22_16_345,P22,P22_16,00:17:27.750,00:17:30.36,00:17:31.41,63021,63084,put tomato down,put-down,1,tomato,43,['tomato'],[43],official_train,PUT DOWN,/kaggle/input/datasets/ldthanh/epic-kitchens-100-p1/P22/videos/P22_16.MP4
P22_16_346,P22,P22_16,00:17:31.400,00:17:31.15,00:17:31.94,63069,63116,grab knife,grab,0,knife,4,['knife'],[4],official_train,PICKS UP,/kaggle/input/datasets/ldthanh/epic-kitchens-100-p1/P22/videos/P22_16.MP4
P22_16_350,P22,P22_16,00:18:07.490,00:18:08.88,00:18:10.54,65332,65432,pick up spoon,pick-up,0,spoon,1,['spoon'],[1],official_train,PICKS UP,/kaggle/input/datasets/ldthanh/epic-kitchens-100-p1/P22/videos/P22_16.MP4
P22_16_352,P22,P22_16,00:18:14.210,00:18:13.96,00:18:14.74,65637,65684,put spoon,put,1,spoon,1,['spoon'],[1],official_train,PUT DOWN,/kaggle/input/datasets/ldthanh/epic-kitchens-100-p1/P22/videos/P22_16.MP4
P22_16_354,P22,P22_16,00:18:28.539,00:18:28.90,00:18:32.94,66534,66776,pick up tomato,pick-up,0,tomato,43,['tomato'],[43],official_train,PICKS UP,/kaggle/input/datasets/ldthanh/epic-kitchens-100-p1/P22/videos/P22_16.MP4
P22_16_355,P22,P22_16,00:18:33.780,00:18:32.15,00:18:34.28,66729,66856,put tomato,put,1,tomato,43,['tomato'],[43],official_train,PUT DOWN,/kaggle/input/datasets/ldthanh/epic-kitchens-100-p1/P22/videos/P22_16.MP4
P22_16_356,P22,P22_16,00:18:35.950,00:18:34.44,00:18:40.93,66866,67255,pick up tomato,pick-up,0,tomato,43,['tomato'],[43],official_train,PICKS UP,/kaggle/input/datasets/ldthanh/epic-kitchens-100-p1/P22/videos/P22_16.MP4
P22_16_357,P22,P22_16,00:18:36.950,00:18:40.87,00:18:42.32,67252,67339,put tomato,put,1,tomato,43,['tomato'],[43],official_train,PUT DOWN,/kaggle/input/datasets/ldthanh/epic-kitchens-100-p1/P22/videos/P22_16.MP4
P22_16_359,P22,P22_16,00:18:50.140,00:18:50.48,00:18:51.57,67828,67894,put cloth,put,1,cloth,17,['cloth'],[17],official_train,PUT DOWN,/kaggle/input/datasets/ldthanh/epic-kitchens-100-p1/P22/videos/P22_16.MP4
P22_16_36,P22,P22_16,00:01:27.030,00:01:25.95,00:01:28.30,5157,5298,rinse hands,rinse,2,hand,11,['hand'],[11],official_train,WASHING,/kaggle/input/datasets/ldthanh/epic-kitchens-100-p1/P22/videos/P22_16.MP4
P22_16_360,P22,P22_16,00:18:52.880,00:18:51.46,00:18:52.99,67887,67979,pick up spoon,pick-up,0,spoon,1,['spoon'],[1],official_train,PICKS UP,/kaggle/input/datasets/ldthanh/epic-kitchens-100-p1/P22/videos/P22_16.MP4
P22_16_362,P22,P22_16,00:18:55.530,00:18:59.28,00:19:00.76,68356,68445,put spoon,put,1,spoon,1,['spoon'],[1],official_train,PUT DOWN,/kaggle/input/datasets/ldthanh/epic-kitchens-100-p1/P22/videos/P22_16.MP4
P22_16_363,P22,P22_16,00:19:00.350,00:19:01.86,00:19:03.71,68511,68622,pick up oil,pick-up,0,oil,31,['oil'],[31],official_train,PICKS UP,/kaggle/input/datasets/ldthanh/epic-kitchens-100-p1/P22/videos/P22_16.MP4
P22_16_364,P22,P22_16,00:19:04.039,00:19:04.17,00:19:05.23,68650,68713,open oil,open,3,oil,31,['oil'],[31],official_train,OPENS,/kaggle/input/datasets/ldthanh/epic-kitchens-100-p1/P22/videos/P22_16.MP4
P22_16_367,P22,P22_16,00:19:08.320,00:19:08.59,00:19:09.96,68915,68997,put down oil,put-down,1,oil,31,['oil'],[31],official_train,PUT DOWN,/kaggle/input/datasets/ldthanh/epic-kitchens-100-p1/P22/videos/P22_16.MP4
P22_16_368,P22,P22_16,00:19:11.480,00:19:10.60,00:19:11.68,69036,69100,pick up salt,pick-up,0,salt,38,['salt'],[38],official_train,PICKS UP,/kaggle/input/datasets/ldthanh/epic-kitchens-100-p1/P22/videos/P22_16.MP4
P22_16_369,P22,P22_16,00:19:12.480,00:19:11.33,00:19:12.44,69079,69146,open salt,open,3,salt,38,['salt'],[38],official_train,OPENS,/kaggle/input/datasets/ldthanh/epic-kitchens-100-p1/P22/videos/P22_16.MP4
P22_16_372,P22,P22_16,00:19:16.120,00:19:15.72,00:19:16.51,69343,69390,put down salt,put-down,1,salt,38,['salt'],[38],official_train,PUT DOWN,/kaggle/input/datasets/ldthanh/epic-kitchens-100-p1/P22/videos/P22_16.MP4
P22_16_373,P22,P22_16,00:19:17.809,00:19:16.05,00:19:17.24,69363,69434,pick up pepper,pick-up,0,pepper,37,['pepper'],[37],official_train,PICKS UP,/kaggle/input/datasets/ldthanh/epic-kitchens-100-p1/P22/videos/P22_16.MP4
P22_16_376,P22,P22_16,00:19:21.090,00:19:21.11,00:19:22.08,69666,69724,put down pepper,put-down,1,pepper,37,['pepper'],[37],official_train,PUT DOWN,/kaggle/input/datasets/ldthanh/epic-kitchens-100-p1/P22/videos/P22_16.MP4
P22_16_379,P22,P22_16,00:19:25.559,00:19:25.01,00:19:26.00,69900,69960,put down oregano,put-down,1,oregano,145,['oregano'],[145],official_train,PUT DOWN,/kaggle/input/datasets/ldthanh/epic-kitchens-100-p1/P22/videos/P22_16.MP4
P22_16_380,P22,P22_16,00:19:27.240,00:19:26.44,00:19:27.19,69986,70031,open cabinet,open,3,cabinet,3,['cabinet'],[3],official_train,OPENS,/kaggle/input/datasets/ldthanh/epic-kitchens-100-p1/P22/videos/P22_16.MP4
P22_16_381,P22,P22_16,00:19:28.710,00:19:27.22,00:19:27.81,70033,70068,pick up vinegar,pick-up,0,vinegar,134,['vinegar'],[134],official_train,PICKS UP,/kaggle/input/datasets/ldthanh/epic-kitchens-100-p1/P22/videos/P22_16.MP4
P22_16_382,P22,P22_16,00:19:29.710,00:19:28.55,00:19:29.21,70113,70152,put down vinegar,put-down,1,vinegar,134,['vinegar'],[134],official_train,PUT DOWN,/kaggle/input/datasets/ldthanh/epic-kitchens-100-p1/P22/videos/P22_16.MP4
P22_16_383,P22,P22_16,00:19:30.710,00:19:29.24,00:19:29.96,70154,70197,pick up vinegar,pick-up,0,vinegar,134,['vinegar'],[134],official_train,PICKS UP,/kaggle/input/datasets/ldthanh/epic-kitchens-100-p1/P22/videos/P22_16.MP4
P22_16_384,P22,P22_16,00:19:31.710,00:19:29.84,00:19:30.59,70190,70235,open vinegar,open,3,vinegar,134,['vinegar'],[134],official_train,OPENS,/kaggle/input/datasets/ldthanh/epic-kitchens-100-p1/P22/videos/P22_16.MP4
P22_16_387,P22,P22_16,00:19:35.480,00:19:35.06,00:19:36.64,70503,70598,put down vinegar,put-down,1,vinegar,134,['vinegar'],[134],official_train,PUT DOWN,/kaggle/input/datasets/ldthanh/epic-kitchens-100-p1/P22/videos/P22_16.MP4
P22_16_389,P22,P22_16,00:19:38.419,00:19:38.32,00:19:39.25,70699,70755,pick up spoon,pick-up,0,spoon,1,['spoon'],[1],official_train,PICKS UP,/kaggle/input/datasets/ldthanh/epic-kitchens-100-p1/P22/videos/P22_16.MP4
P22_16_39,P22,P22_16,00:01:30.410,00:01:30.16,00:01:30.81,5409,5448,pick up cloth,pick-up,0,cloth,17,['cloth'],[17],official_train,PICKS UP,/kaggle/input/datasets/ldthanh/epic-kitchens-100-p1/P22/videos/P22_16.MP4
P22_16_391,P22,P22_16,00:19:42.030,00:19:41.86,00:19:42.63,70911,70957,put down spoon,put-down,1,spoon,1,['spoon'],[1],official_train,PUT DOWN,/kaggle/input/datasets/ldthanh/epic-kitchens-100-p1/P22/videos/P22_16.MP4
P22_16_392,P22,P22_16,00:19:43.549,00:19:43.44,00:19:44.56,71006,71073,open cabinet,open,3,cabinet,3,['cabinet'],[3],official_train,OPENS,/kaggle/input/datasets/ldthanh/epic-kitchens-100-p1/P22/videos/P22_16.MP4
P22_16_393,P22,P22_16,00:19:45.200,00:19:44.85,00:19:45.70,71091,71142,pick up bread,pick-up,0,bread,33,['bread'],[33],official_train,PICKS UP,/kaggle/input/datasets/ldthanh/epic-kitchens-100-p1/P22/videos/P22_16.MP4
P22_16_395,P22,P22_16,00:19:47.830,00:19:47.17,00:19:50.25,71230,71415,open bread,open,3,bread,33,['bread'],[33],official_train,OPENS,/kaggle/input/datasets/ldthanh/epic-kitchens-100-p1/P22/videos/P22_16.MP4
P22_16_398,P22,P22_16,00:19:50.669,00:19:52.84,00:19:55.31,71570,71718,open bag,open,3,bag,19,['bag'],[19],official_train,OPENS,/kaggle/input/datasets/ldthanh/epic-kitchens-100-p1/P22/videos/P22_16.MP4
P22_16_399,P22,P22_16,00:19:54.510,00:19:55.66,00:19:58.93,71739,71935,pick up slice of bread,pick-up,0,slice:bread,33,['slice:bread'],[33],official_train,PICKS UP,/kaggle/input/datasets/ldthanh/epic-kitchens-100-p1/P22/videos/P22_16.MP4
P22_16_404,P22,P22_16,00:20:05.779,00:20:04.96,00:20:10.25,72297,72615,put clip,put,1,clip,129,['clip'],[129],official_train,PUT DOWN,/kaggle/input/datasets/ldthanh/epic-kitchens-100-p1/P22/videos/P22_16.MP4
P22_16_405,P22,P22_16,00:20:10.390,00:20:10.25,00:20:11.13,72615,72667,open cupboard,open,3,cupboard,3,['cupboard'],[3],official_train,OPENS,/kaggle/input/datasets/ldthanh/epic-kitchens-100-p1/P22/videos/P22_16.MP4
P22_16_406,P22,P22_16,00:20:11.390,00:20:11.16,00:20:12.56,72669,72753,put bread,put,1,bread,33,['bread'],[33],official_train,PUT DOWN,/kaggle/input/datasets/ldthanh/epic-kitchens-100-p1/P22/videos/P22_16.MP4
P22_16_408,P22,P22_16,00:20:15.220,00:20:15.15,00:20:16.36,72909,72981,open drawer,open,3,drawer,8,['drawer'],[8],official_train,OPENS,/kaggle/input/datasets/ldthanh/epic-kitchens-100-p1/P22/videos/P22_16.MP4
P22_16_409,P22,P22_16,00:20:16.779,00:20:16.16,00:20:17.67,72969,73060,pick up cutlery,pick-up,0,cutlery,58,['cutlery'],[58],official_train,PICKS UP,/kaggle/input/datasets/ldthanh/epic-kitchens-100-p1/P22/videos/P22_16.MP4
P22_16_41,P22,P22_16,00:01:32.410,00:01:33.02,00:01:35.34,5581,5720,put down cloth,put-down,1,cloth,17,['cloth'],[17],official_train,PUT DOWN,/kaggle/input/datasets/ldthanh/epic-kitchens-100-p1/P22/videos/P22_16.MP4
P22_16_412,P22,P22_16,00:20:20.200,00:20:19.93,00:20:21.43,73195,73285,pick up spoon,pick-up,0,spoon,1,['spoon'],[1],official_train,PICKS UP,/kaggle/input/datasets/ldthanh/epic-kitchens-100-p1/P22/videos/P22_16.MP4
P22_16_414,P22,P22_16,00:20:24.850,00:20:25.62,00:20:26.44,73537,73586,put spoon,put,1,spoon,1,['spoon'],[1],official_train,PUT DOWN,/kaggle/input/datasets/ldthanh/epic-kitchens-100-p1/P22/videos/P22_16.MP4
P22_16_418,P22,P22_16,00:20:42.529,00:20:41.46,00:20:42.34,74487,74540,pick up salad,pick-up,0,salad,68,['salad'],[68],official_train,PICKS UP,/kaggle/input/datasets/ldthanh/epic-kitchens-100-p1/P22/videos/P22_16.MP4
P22_16_42,P22,P22_16,00:01:33.930,00:01:35.54,00:01:36.76,5732,5805,pick up pan,pick-up,0,pan,5,['pan'],[5],official_train,PICKS UP,/kaggle/input/datasets/ldthanh/epic-kitchens-100-p1/P22/videos/P22_16.MP4
P22_16_421,P22,P22_16,00:20:48.360,00:20:46.92,00:20:48.90,74815,74934,wash hands,wash,2,hand,11,['hand'],[11],official_train,WASHING,/kaggle/input/datasets/ldthanh/epic-kitchens-100-p1/P22/videos/P22_16.MP4
P22_16_423,P22,P22_16,00:20:50.580,00:20:50.31,00:20:51.12,75018,75067,pick up cloth,pick-up,0,cloth,17,['cloth'],[17],official_train,PICKS UP,/kaggle/input/datasets/ldthanh/epic-kitchens-100-p1/P22/videos/P22_16.MP4
P22_16_425,P22,P22_16,00:20:52.580,00:20:52.32,00:20:54.33,75139,75259,place cloth,place,1,cloth,17,['cloth'],[17],official_train,PUT DOWN,/kaggle/input/datasets/ldthanh/epic-kitchens-100-p1/P22/videos/P22_16.MP4
P22_16_427,P22,P22_16,00:20:54.090,00:20:55.10,00:20:57.62,75306,75457,pick up cloths,pick-up,0,cloth,17,['cloth'],[17],official_train,PICKS UP,/kaggle/input/datasets/ldthanh/epic-kitchens-100-p1/P22/videos/P22_16.MP4
P22_16_428,P22,P22_16,00:21:01.409,00:21:01.17,00:21:02.56,75670,75753,pick up place mat,pick-up,0,mat:place,84,['mat:place'],[84],official_train,PICKS UP,/kaggle/input/datasets/ldthanh/epic-kitchens-100-p1/P22/videos/P22_16.MP4
P22_16_429,P22,P22_16,00:21:02.409,00:21:02.47,00:21:03.22,75748,75793,place place mat,place,1,mat:place,84,['mat:place'],[84],official_train,PUT DOWN,/kaggle/input/datasets/ldthanh/epic-kitchens-100-p1/P22/videos/P22_16.MP4
P22_16_431,P22,P22_16,00:21:03.409,00:21:03.32,00:21:04.30,75799,75858,pick up cloths,pick-up,0,cloth,17,['cloth'],[17],official_train,PICKS UP,/kaggle/input/datasets/ldthanh/epic-kitchens-100-p1/P22/videos/P22_16.MP4
P22_16_432,P22,P22_16,00:21:04.409,00:21:04.14,00:21:05.65,75848,75939,place cloths,place,1,cloth,17,['cloth'],[17],official_train,PUT DOWN,/kaggle/input/datasets/ldthanh/epic-kitchens-100-p1/P22/videos/P22_16.MP4
P22_16_433,P22,P22_16,00:21:06.490,00:21:05.58,00:21:06.57,75934,75994,pick up napkins,pick-up,0,napkin,88,['napkin'],[88],official_train,PICKS UP,/kaggle/input/datasets/ldthanh/epic-kitchens-100-p1/P22/videos/P22_16.MP4
P22_16_435,P22,P22_16,00:21:08.490,00:21:07.28,00:21:08.11,76036,76086,pick up place mat,pick-up,0,mat:place,84,['mat:place'],[84],official_train,PICKS UP,/kaggle/input/datasets/ldthanh/epic-kitchens-100-p1/P22/videos/P22_16.MP4
P22_16_436,P22,P22_16,00:21:09.490,00:21:07.85,00:21:08.79,76071,76127,put place mat,put,1,mat:place,84,['mat:place'],[84],official_train,PUT DOWN,/kaggle/input/datasets/ldthanh/epic-kitchens-100-p1/P22/videos/P22_16.MP4
P22_16_437,P22,P22_16,00:21:11.490,00:21:08.43,00:21:09.05,76105,76143,put place mat,put,1,mat:place,84,['mat:place'],[84],official_train,PUT DOWN,/kaggle/input/datasets/ldthanh/epic-kitchens-100-p1/P22/videos/P22_16.MP4
P22_16_438,P22,P22_16,00:21:10.490,00:21:08.97,00:21:09.97,76138,76198,pick up place mat,pick-up,0,mat:place,84,['mat:place'],[84],official_train,PICKS UP,/kaggle/input/datasets/ldthanh/epic-kitchens-100-p1/P22/videos/P22_16.MP4
P22_16_44,P22,P22_16,00:01:38.520,00:01:40.20,00:01:41.47,6012,6088,put down pan,put-down,1,pan,5,['pan'],[5],official_train,PUT DOWN,/kaggle/input/datasets/ldthanh/epic-kitchens-100-p1/P22/videos/P22_16.MP4
P22_16_440,P22,P22_16,00:21:13.679,00:21:10.68,00:21:11.66,76240,76299,put place mat,put,1,mat:place,84,['mat:place'],[84],official_train,PUT DOWN,/kaggle/input/datasets/ldthanh/epic-kitchens-100-p1/P22/videos/P22_16.MP4
P22_16_443,P22,P22_16,00:21:20.110,00:21:19.54,00:21:20.70,76772,76842,open cabinet,open,3,cabinet,3,['cabinet'],[3],official_train,OPENS,/kaggle/input/datasets/ldthanh/epic-kitchens-100-p1/P22/videos/P22_16.MP4
P22_16_444,P22,P22_16,00:21:21.110,00:21:20.84,00:21:23.19,76850,76991,pick up dish,pick-up,0,dish,2,['dish'],[2],official_train,PICKS UP,/kaggle/input/datasets/ldthanh/epic-kitchens-100-p1/P22/videos/P22_16.MP4
P22_16_445,P22,P22_16,00:21:23.600,00:21:23.01,00:21:25.07,76980,77104,pick up dish,pick-up,0,dish,2,['dish'],[2],official_train,PICKS UP,/kaggle/input/datasets/ldthanh/epic-kitchens-100-p1/P22/videos/P22_16.MP4
P22_16_446,P22,P22_16,00:21:27.779,00:21:26.90,00:21:27.65,77214,77259,place dish,place,1,dish,2,['dish'],[2],official_train,PUT DOWN,/kaggle/input/datasets/ldthanh/epic-kitchens-100-p1/P22/videos/P22_16.MP4
P22_16_447,P22,P22_16,00:21:26.779,00:21:27.47,00:21:28.44,77248,77306,place dish,place,1,dish,2,['dish'],[2],official_train,PUT DOWN,/kaggle/input/datasets/ldthanh/epic-kitchens-100-p1/P22/videos/P22_16.MP4
P22_16_448,P22,P22_16,00:21:31.010,00:21:30.00,00:21:31.75,77400,77505,pick up glasses,pick-up,0,glass,10,['glass'],[10],official_train,PICKS UP,/kaggle/input/datasets/ldthanh/epic-kitchens-100-p1/P22/videos/P22_16.MP4
P22_16_45,P22,P22_16,00:01:42.050,00:01:41.07,00:01:42.36,6064,6141,open cabinet,open,3,cabinet,3,['cabinet'],[3],official_train,OPENS,/kaggle/input/datasets/ldthanh/epic-kitchens-100-p1/P22/videos/P22_16.MP4
P22_16_450,P22,P22_16,00:21:36.659,00:21:34.06,00:21:36.32,77643,77779,place glass,place,1,glass,10,['glass'],[10],official_train,PUT DOWN,/kaggle/input/datasets/ldthanh/epic-kitchens-100-p1/P22/videos/P22_16.MP4
P22_16_451,P22,P22_16,00:21:35.659,00:21:36.42,00:21:37.49,77785,77849,place glass,place,1,glass,10,['glass'],[10],official_train,PUT DOWN,/kaggle/input/datasets/ldthanh/epic-kitchens-100-p1/P22/videos/P22_16.MP4
P22_16_452,P22,P22_16,00:21:39.120,00:21:38.19,00:21:39.53,77891,77971,open drawer,open,3,drawer,8,['drawer'],[8],official_train,OPENS,/kaggle/input/datasets/ldthanh/epic-kitchens-100-p1/P22/videos/P22_16.MP4
P22_16_453,P22,P22_16,00:21:41.659,00:21:39.31,00:21:42.89,77958,78173,pick up cutlery,pick-up,0,cutlery,58,['cutlery'],[58],official_train,PICKS UP,/kaggle/input/datasets/ldthanh/epic-kitchens-100-p1/P22/videos/P22_16.MP4
P22_16_455,P22,P22_16,00:21:44.010,00:21:43.81,00:21:45.90,78228,78354,place fork,place,1,fork,14,['fork'],[14],official_train,PUT DOWN,/kaggle/input/datasets/ldthanh/epic-kitchens-100-p1/P22/videos/P22_16.MP4
P22_16_456,P22,P22_16,00:21:45.700,00:21:45.78,00:21:46.44,78346,78386,place knife,place,1,knife,4,['knife'],[4],official_train,PUT DOWN,/kaggle/input/datasets/ldthanh/epic-kitchens-100-p1/P22/videos/P22_16.MP4
P22_16_457,P22,P22_16,00:21:47.870,00:21:46.05,00:21:46.72,78363,78403,place knife,place,1,knife,4,['knife'],[4],official_train,PUT DOWN,/kaggle/input/datasets/ldthanh/epic-kitchens-100-p1/P22/videos/P22_16.MP4
P22_16_458,P22,P22_16,00:21:46.870,00:21:46.64,00:21:47.39,78398,78443,place fork,place,1,fork,14,['fork'],[14],official_train,PUT DOWN,/kaggle/input/datasets/ldthanh/epic-kitchens-100-p1/P22/videos/P22_16.MP4
P22_16_460,P22,P22_16,00:21:52.120,00:21:48.95,00:21:53.52,78537,78811,place pan,place,1,pan,5,['pan'],[5],official_train,PUT DOWN,/kaggle/input/datasets/ldthanh/epic-kitchens-100-p1/P22/videos/P22_16.MP4
P22_16_462,P22,P22_16,00:21:57.029,00:21:56.62,00:21:58.25,78997,79095,open cabinet,open,3,cabinet,3,['cabinet'],[3],official_train,OPENS,/kaggle/input/datasets/ldthanh/epic-kitchens-100-p1/P22/videos/P22_16.MP4
P22_16_463,P22,P22_16,00:21:59.659,00:21:58.20,00:21:59.68,79092,79180,pick up dish,pick-up,0,dish,2,['dish'],[2],official_train,PICKS UP,/kaggle/input/datasets/ldthanh/epic-kitchens-100-p1/P22/videos/P22_16.MP4
P22_16_464,P22,P22_16,00:22:03.860,00:22:01.96,00:22:03.59,79317,79415,put down fork,put-down,1,fork,14,['fork'],[14],official_train,PUT DOWN,/kaggle/input/datasets/ldthanh/epic-kitchens-100-p1/P22/videos/P22_16.MP4
P22_16_465,P22,P22_16,00:22:07.549,00:22:05.54,00:22:06.94,79532,79616,pick up spoon,pick-up,0,spoon,1,['spoon'],[1],official_train,PICKS UP,/kaggle/input/datasets/ldthanh/epic-kitchens-100-p1/P22/videos/P22_16.MP4
P22_16_466,P22,P22_16,00:22:08.580,00:22:07.03,00:22:08.43,79621,79705,pick up bowl,pick-up,0,bowl,7,['bowl'],[7],official_train,PICKS UP,/kaggle/input/datasets/ldthanh/epic-kitchens-100-p1/P22/videos/P22_16.MP4
P22_16_467,P22,P22_16,00:22:09.770,00:22:09.06,00:22:11.30,79743,79878,put down bowl,put-down,1,bowl,7,['bowl'],[7],official_train,PUT DOWN,/kaggle/input/datasets/ldthanh/epic-kitchens-100-p1/P22/videos/P22_16.MP4
P22_16_468,P22,P22_16,00:22:10.770,00:22:09.19,00:22:10.80,79751,79848,put down plate,put-down,1,plate,2,['plate'],[2],official_train,PUT DOWN,/kaggle/input/datasets/ldthanh/epic-kitchens-100-p1/P22/videos/P22_16.MP4
P22_16_469,P22,P22_16,00:22:12.980,00:22:11.97,00:22:13.21,79918,79992,pick up slice of bread,pick-up,0,slice:bread,33,['slice:bread'],[33],official_train,PICKS UP,/kaggle/input/datasets/ldthanh/epic-kitchens-100-p1/P22/videos/P22_16.MP4
P22_16_47,P22,P22_16,00:01:44.550,00:01:44.05,00:01:45.80,6243,6348,open drawer,open,3,drawer,8,['drawer'],[8],official_train,OPENS,/kaggle/input/datasets/ldthanh/epic-kitchens-100-p1/P22/videos/P22_16.MP4
P22_16_470,P22,P22_16,00:22:15.330,00:22:13.59,00:22:14.91,80015,80094,pick up mixture,pick-up,0,mixture,71,['mixture'],[71],official_train,PICKS UP,/kaggle/input/datasets/ldthanh/epic-kitchens-100-p1/P22/videos/P22_16.MP4
P22_16_472,P22,P22_16,00:22:17.480,00:22:20.19,00:22:21.76,80411,80505,pick up slice of bread,pick-up,0,slice:bread,33,['slice:bread'],[33],official_train,PICKS UP,/kaggle/input/datasets/ldthanh/epic-kitchens-100-p1/P22/videos/P22_16.MP4
P22_16_473,P22,P22_16,00:22:22.340,00:22:21.18,00:22:23.69,80470,80621,pick up mixture,pick-up,0,mixture,71,['mixture'],[71],official_train,PICKS UP,/kaggle/input/datasets/ldthanh/epic-kitchens-100-p1/P22/videos/P22_16.MP4
P22_16_475,P22,P22_16,00:22:28.179,00:22:26.48,00:22:29.33,80788,80959,pick up slice of bread,pick-up,0,slice:bread,33,['slice:bread'],[33],official_train,PICKS UP,/kaggle/input/datasets/ldthanh/epic-kitchens-100-p1/P22/videos/P22_16.MP4
P22_16_477,P22,P22_16,00:22:29.450,00:22:29.65,00:22:30.82,80979,81049,put down slice of bread,put-down,1,slice:bread,33,['slice:bread'],[33],official_train,PUT DOWN,/kaggle/input/datasets/ldthanh/epic-kitchens-100-p1/P22/videos/P22_16.MP4
P22_16_478,P22,P22_16,00:22:31.120,00:22:29.67,00:22:31.70,80980,81102,pick up mixture,pick-up,0,mixture,71,['mixture'],[71],official_train,PICKS UP,/kaggle/input/datasets/ldthanh/epic-kitchens-100-p1/P22/videos/P22_16.MP4
P22_16_479,P22,P22_16,00:22:32.159,00:22:31.55,00:22:34.47,81093,81268,put down mixture,put-down,1,mixture,71,['mixture'],[71],official_train,PUT DOWN,/kaggle/input/datasets/ldthanh/epic-kitchens-100-p1/P22/videos/P22_16.MP4
P22_16_480,P22,P22_16,00:22:34.470,00:22:34.07,00:22:35.90,81244,81354,pick up mixture,pick-up,0,mixture,71,['mixture'],[71],official_train,PICKS UP,/kaggle/input/datasets/ldthanh/epic-kitchens-100-p1/P22/videos/P22_16.MP4
P22_16_481,P22,P22_16,00:22:35.789,00:22:36.00,00:22:38.92,81360,81535,put down mixture,put-down,1,mixture,71,['mixture'],[71],official_train,PUT DOWN,/kaggle/input/datasets/ldthanh/epic-kitchens-100-p1/P22/videos/P22_16.MP4
P22_16_482,P22,P22_16,00:22:39.100,00:22:38.77,00:22:40.00,81526,81600,pick up mixture,pick-up,0,mixture,71,['mixture'],[71],official_train,PICKS UP,/kaggle/input/datasets/ldthanh/epic-kitchens-100-p1/P22/videos/P22_16.MP4
P22_16_483,P22,P22_16,00:22:40.230,00:22:39.85,00:22:41.88,81591,81712,put down mixture,put-down,1,mixture,71,['mixture'],[71],official_train,PUT DOWN,/kaggle/input/datasets/ldthanh/epic-kitchens-100-p1/P22/videos/P22_16.MP4
P22_16_484,P22,P22_16,00:22:42.490,00:22:41.98,00:22:43.24,81718,81794,pick up mixture,pick-up,0,mixture,71,['mixture'],[71],official_train,PICKS UP,/kaggle/input/datasets/ldthanh/epic-kitchens-100-p1/P22/videos/P22_16.MP4
P22_16_485,P22,P22_16,00:22:43.500,00:22:43.07,00:22:44.64,81784,81878,put down mixture,put-down,1,mixture,71,['mixture'],[71],official_train,PUT DOWN,/kaggle/input/datasets/ldthanh/epic-kitchens-100-p1/P22/videos/P22_16.MP4
P22_16_486,P22,P22_16,00:22:45.320,00:22:44.49,00:22:46.17,81869,81970,pick up mixture,pick-up,0,mixture,71,['mixture'],[71],official_train,PICKS UP,/kaggle/input/datasets/ldthanh/epic-kitchens-100-p1/P22/videos/P22_16.MP4
P22_16_487,P22,P22_16,00:22:46.559,00:22:46.02,00:22:47.66,81961,82059,put down mixture,put-down,1,mixture,71,['mixture'],[71],official_train,PUT DOWN,/kaggle/input/datasets/ldthanh/epic-kitchens-100-p1/P22/videos/P22_16.MP4
P22_16_488,P22,P22_16,00:22:52.529,00:22:50.28,00:22:51.45,82216,82287,pick up mixture,pick-up,0,mixture,71,['mixture'],[71],official_train,PICKS UP,/kaggle/input/datasets/ldthanh/epic-kitchens-100-p1/P22/videos/P22_16.MP4
P22_16_489,P22,P22_16,00:22:51.529,00:22:51.35,00:22:52.60,82281,82356,put down mixture,put-down,1,mixture,71,['mixture'],[71],official_train,PUT DOWN,/kaggle/input/datasets/ldthanh/epic-kitchens-100-p1/P22/videos/P22_16.MP4
P22_16_490,P22,P22_16,00:22:48.860,00:22:52.93,00:22:55.44,82375,82526,pick up mixture,pick-up,0,mixture,71,['mixture'],[71],official_train,PICKS UP,/kaggle/input/datasets/ldthanh/epic-kitchens-100-p1/P22/videos/P22_16.MP4
P22_16_491,P22,P22_16,00:22:54.320,00:22:55.54,00:22:56.42,82532,82585,put down mixture,put-down,1,mixture,71,['mixture'],[71],official_train,PUT DOWN,/kaggle/input/datasets/ldthanh/epic-kitchens-100-p1/P22/videos/P22_16.MP4
P22_16_493,P22,P22_16,00:22:59.799,00:22:59.31,00:23:00.28,82758,82816,put down bowl,put-down,1,bowl,7,['bowl'],[7],official_train,PUT DOWN,/kaggle/input/datasets/ldthanh/epic-kitchens-100-p1/P22/videos/P22_16.MP4
P22_16_495,P22,P22_16,00:23:02.059,00:23:01.75,00:23:03.01,82905,82980,put down bowl,put-down,1,bowl,7,['bowl'],[7],official_train,PUT DOWN,/kaggle/input/datasets/ldthanh/epic-kitchens-100-p1/P22/videos/P22_16.MP4
P22_16_496,P22,P22_16,00:23:03.970,00:23:03.40,00:23:04.90,83004,83094,pick up pan,pick-up,0,pan,5,['pan'],[5],official_train,PICKS UP,/kaggle/input/datasets/ldthanh/epic-kitchens-100-p1/P22/videos/P22_16.MP4
P22_16_498,P22,P22_16,00:23:08.860,00:23:08.55,00:23:09.28,83313,83356,put down pan,put-down,1,pan,5,['pan'],[5],official_train,PUT DOWN,/kaggle/input/datasets/ldthanh/epic-kitchens-100-p1/P22/videos/P22_16.MP4
P22_16_5,P22,P22_16,00:00:28.640,00:00:26.73,00:00:32.01,1603,1920,put down glass,put-down,1,glass,10,['glass'],[10],official_train,PUT DOWN,/kaggle/input/datasets/ldthanh/epic-kitchens-100-p1/P22/videos/P22_16.MP4
P22_16_50,P22,P22_16,00:01:58.840,00:01:58.26,00:01:59.51,7095,7170,open drawer,open,3,drawer,8,['drawer'],[8],official_train,OPENS,/kaggle/input/datasets/ldthanh/epic-kitchens-100-p1/P22/videos/P22_16.MP4
P22_16_500,P22,P22_16,00:23:11.710,00:23:11.54,00:23:12.49,83492,83549,pick up plate,pick-up,0,plate,2,['plate'],[2],official_train,PICKS UP,/kaggle/input/datasets/ldthanh/epic-kitchens-100-p1/P22/videos/P22_16.MP4
P22_16_501,P22,P22_16,00:23:12.710,00:23:13.04,00:23:14.32,83582,83659,put down plate,put-down,1,plate,2,['plate'],[2],official_train,PUT DOWN,/kaggle/input/datasets/ldthanh/epic-kitchens-100-p1/P22/videos/P22_16.MP4
P22_16_502,P22,P22_16,00:23:16.779,00:23:17.86,00:23:18.55,83871,83913,pick up plate,pick-up,0,plate,2,['plate'],[2],official_train,PICKS UP,/kaggle/input/datasets/ldthanh/epic-kitchens-100-p1/P22/videos/P22_16.MP4
P22_16_503,P22,P22_16,00:23:19.309,00:23:18.78,00:23:19.53,83926,83971,put down plate,put-down,1,plate,2,['plate'],[2],official_train,PUT DOWN,/kaggle/input/datasets/ldthanh/epic-kitchens-100-p1/P22/videos/P22_16.MP4
P22_16_506,P22,P22_16,00:23:32.289,00:23:30.75,00:23:32.18,84645,84730,put down plate,put-down,1,plate,2,['plate'],[2],official_train,PUT DOWN,/kaggle/input/datasets/ldthanh/epic-kitchens-100-p1/P22/videos/P22_16.MP4
P22_16_507,P22,P22_16,00:23:33.730,00:23:33.33,00:23:34.63,84799,84877,pick up salad bowl,pick-up,0,bowl:salad,7,['bowl:salad'],[7],official_train,PICKS UP,/kaggle/input/datasets/ldthanh/epic-kitchens-100-p1/P22/videos/P22_16.MP4
P22_16_508,P22,P22_16,00:23:35.809,00:23:34.49,00:23:36.39,84869,84983,put down salad bowl,put-down,1,bowl:salad,7,['bowl:salad'],[7],official_train,PUT DOWN,/kaggle/input/datasets/ldthanh/epic-kitchens-100-p1/P22/videos/P22_16.MP4
P22_16_509,P22,P22_16,00:23:38.340,00:23:37.73,00:23:38.79,85063,85127,pick up oil,pick-up,0,oil,31,['oil'],[31],official_train,PICKS UP,/kaggle/input/datasets/ldthanh/epic-kitchens-100-p1/P22/videos/P22_16.MP4
P22_16_510,P22,P22_16,00:23:39.340,00:23:39.27,00:23:40.47,85156,85228,put down oil,put-down,1,oil,31,['oil'],[31],official_train,PUT DOWN,/kaggle/input/datasets/ldthanh/epic-kitchens-100-p1/P22/videos/P22_16.MP4
P22_16_511,P22,P22_16,00:23:44.260,00:23:43.21,00:23:45.27,85392,85516,open refrigerator,open,3,refrigerator,12,['refrigerator'],[12],official_train,OPENS,/kaggle/input/datasets/ldthanh/epic-kitchens-100-p1/P22/videos/P22_16.MP4
P22_16_512,P22,P22_16,00:23:45.960,00:23:45.64,00:23:46.89,85538,85613,pick up water,pick-up,0,water,27,['water'],[27],official_train,PICKS UP,/kaggle/input/datasets/ldthanh/epic-kitchens-100-p1/P22/videos/P22_16.MP4
P22_16_514,P22,P22_16,00:23:47.960,00:23:47.40,00:23:48.71,85644,85722,put down water,put-down,1,water,27,['water'],[27],official_train,PUT DOWN,/kaggle/input/datasets/ldthanh/epic-kitchens-100-p1/P22/videos/P22_16.MP4
P22_16_515,P22,P22_16,00:23:48.970,00:23:51.77,00:23:52.59,85906,85955,pick up bottle,pick-up,0,bottle,15,['bottle'],[15],official_train,PICKS UP,/kaggle/input/datasets/ldthanh/epic-kitchens-100-p1/P22/videos/P22_16.MP4
P22_16_517,P22,P22_16,00:23:54.130,00:23:55.62,00:23:56.58,86137,86194,put down bottle,put-down,1,bottle,15,['bottle'],[15],official_train,PUT DOWN,/kaggle/input/datasets/ldthanh/epic-kitchens-100-p1/P22/videos/P22_16.MP4
P22_16_518,P22,P22_16,00:23:57.799,00:23:57.34,00:23:59.03,86240,86341,open drawer,open,3,drawer,8,['drawer'],[8],official_train,OPENS,/kaggle/input/datasets/ldthanh/epic-kitchens-100-p1/P22/videos/P22_16.MP4
P22_16_519,P22,P22_16,00:24:04.010,00:23:59.02,00:24:07.35,86341,86841,pick up bottle opener,pick-up,0,opener:bottle,174,['opener:bottle'],[174],official_train,PICKS UP,/kaggle/input/datasets/ldthanh/epic-kitchens-100-p1/P22/videos/P22_16.MP4
P22_16_52,P22,P22_16,00:02:01.620,00:02:01.32,00:02:02.27,7279,7336,open drawer,open,3,drawer,8,['drawer'],[8],official_train,OPENS,/kaggle/input/datasets/ldthanh/epic-kitchens-100-p1/P22/videos/P22_16.MP4
P22_16_521,P22,P22_16,00:24:09.110,00:24:08.71,00:24:09.78,86922,86986,open cabinet,open,3,cabinet,3,['cabinet'],[3],official_train,OPENS,/kaggle/input/datasets/ldthanh/epic-kitchens-100-p1/P22/videos/P22_16.MP4
P22_16_522,P22,P22_16,00:24:12.260,00:24:10.12,00:24:11.66,87007,87099,pick up glass,pick-up,0,glass,10,['glass'],[10],official_train,PICKS UP,/kaggle/input/datasets/ldthanh/epic-kitchens-100-p1/P22/videos/P22_16.MP4
P22_16_523,P22,P22_16,00:24:10.919,00:24:12.27,00:24:13.92,87136,87235,pick up glass,pick-up,0,glass,10,['glass'],[10],official_train,PICKS UP,/kaggle/input/datasets/ldthanh/epic-kitchens-100-p1/P22/videos/P22_16.MP4
P22_16_525,P22,P22_16,00:24:18.140,00:24:17.34,00:24:18.72,87440,87523,put down glass,put-down,1,glass,10,['glass'],[10],official_train,PUT DOWN,/kaggle/input/datasets/ldthanh/epic-kitchens-100-p1/P22/videos/P22_16.MP4
P22_16_526,P22,P22_16,00:24:15.080,00:24:19.33,00:24:20.23,87559,87613,put down glass,put-down,1,glass,10,['glass'],[10],official_train,PUT DOWN,/kaggle/input/datasets/ldthanh/epic-kitchens-100-p1/P22/videos/P22_16.MP4
P22_16_527,P22,P22_16,00:24:19.140,00:24:19.37,00:24:20.47,87562,87628,put down bottle opener,put-down,1,opener:bottle,174,['opener:bottle'],[174],official_train,PUT DOWN,/kaggle/input/datasets/ldthanh/epic-kitchens-100-p1/P22/videos/P22_16.MP4
P22_16_54,P22,P22_16,00:02:03.620,00:02:03.01,00:02:03.74,7380,7424,open drawer,open,3,drawer,8,['drawer'],[8],official_train,OPENS,/kaggle/input/datasets/ldthanh/epic-kitchens-100-p1/P22/videos/P22_16.MP4
P22_16_55,P22,P22_16,00:02:05.660,00:02:03.84,00:02:06.74,7430,7604,pick up lighter,pick-up,0,lighter,130,['lighter'],[130],official_train,PICKS UP,/kaggle/input/datasets/ldthanh/epic-kitchens-100-p1/P22/videos/P22_16.MP4
P22_16_58,P22,P22_16,00:02:09.200,00:02:08.46,00:02:09.11,7707,7746,put down lighter,put-down,1,lighter,130,['lighter'],[130],official_train,PUT DOWN,/kaggle/input/datasets/ldthanh/epic-kitchens-100-p1/P22/videos/P22_16.MP4
P22_16_6,P22,P22_16,00:00:32.210,00:00:31.37,00:00:33.38,1882,2002,grab small plate,grab,0,plate:small,2,['plate:small'],[2],official_train,PICKS UP,/kaggle/input/datasets/ldthanh/epic-kitchens-100-p1/P22/videos/P22_16.MP4
P22_16_60,P22,P22_16,00:02:11.360,00:02:10.24,00:02:12.20,7814,7931,pick up lighter,pick-up,0,lighter,130,['lighter'],[130],official_train,PICKS UP,/kaggle/input/datasets/ldthanh/epic-kitchens-100-p1/P22/videos/P22_16.MP4
P22_16_62,P22,P22_16,00:02:15.519,00:02:13.66,00:02:15.69,8019,8141,put down lighter,put-down,1,lighter,130,['lighter'],[130],official_train,PUT DOWN,/kaggle/input/datasets/ldthanh/epic-kitchens-100-p1/P22/videos/P22_16.MP4
P22_16_63,P22,P22_16,00:02:16.519,00:02:15.07,00:02:16.57,8104,8194,open cabinet,open,3,cabinet,3,['cabinet'],[3],official_train,OPENS,/kaggle/input/datasets/ldthanh/epic-kitchens-100-p1/P22/videos/P22_16.MP4
P22_16_64,P22,P22_16,00:02:17.519,00:02:16.67,00:02:18.17,8200,8290,put away lighter,put,1,lighter,130,['lighter'],[130],official_train,PUT DOWN,/kaggle/input/datasets/ldthanh/epic-kitchens-100-p1/P22/videos/P22_16.MP4
P22_16_66,P22,P22_16,00:02:22.359,00:02:21.12,00:02:23.87,8467,8632,open fridge,open,3,fridge,12,['fridge'],[12],official_train,OPENS,/kaggle/input/datasets/ldthanh/epic-kitchens-100-p1/P22/videos/P22_16.MP4
P22_16_67,P22,P22_16,00:02:25.920,00:02:24.25,00:02:25.27,8655,8716,pick up soda,pick-up,0,soda,283,['soda'],[283],official_train,PICKS UP,/kaggle/input/datasets/ldthanh/epic-kitchens-100-p1/P22/videos/P22_16.MP4
P22_16_68,P22,P22_16,00:02:26.920,00:02:24.28,00:02:25.10,8656,8706,pick up corn,pick-up,0,corn,125,['corn'],[125],official_train,PICKS UP,/kaggle/input/datasets/ldthanh/epic-kitchens-100-p1/P22/videos/P22_16.MP4
P22_16_69,P22,P22_16,00:02:27.920,00:02:24.48,00:02:25.80,8668,8748,pick up corn cobs,pick-up,0,cob:corn,125,['cob:corn'],[125],official_train,PICKS UP,/kaggle/input/datasets/ldthanh/epic-kitchens-100-p1/P22/videos/P22_16.MP4
P22_16_7,P22,P22_16,00:00:33.210,00:00:33.48,00:00:34.63,2008,2077,put down small plate,put-down,1,plate:small,2,['plate:small'],[2],official_train,PUT DOWN,/kaggle/input/datasets/ldthanh/epic-kitchens-100-p1/P22/videos/P22_16.MP4
P22_16_70,P22,P22_16,00:02:28.920,00:02:28.04,00:02:29.15,8882,8949,put down corn cobs,put-down,1,cob:corn,125,['cob:corn'],[125],official_train,PUT DOWN,/kaggle/input/datasets/ldthanh/epic-kitchens-100-p1/P22/videos/P22_16.MP4
P22_16_71,P22,P22_16,00:02:30.390,00:02:29.40,00:02:30.87,8964,9052,open drawer,open,3,drawer,8,['drawer'],[8],official_train,OPENS,/kaggle/input/datasets/ldthanh/epic-kitchens-100-p1/P22/videos/P22_16.MP4
P22_16_72,P22,P22_16,00:02:31.730,00:02:30.95,00:02:32.33,9057,9139,pick up cutting board,pick-up,0,board:cutting,18,['board:cutting'],[18],official_train,PICKS UP,/kaggle/input/datasets/ldthanh/epic-kitchens-100-p1/P22/videos/P22_16.MP4
P22_16_73,P22,P22_16,00:02:32.730,00:02:33.40,00:02:34.77,9204,9286,put down cutting board,put-down,1,board:cutting,18,['board:cutting'],[18],official_train,PUT DOWN,/kaggle/input/datasets/ldthanh/epic-kitchens-100-p1/P22/videos/P22_16.MP4
P22_16_76,P22,P22_16,00:02:37.840,00:02:36.43,00:02:38.10,9385,9486,open drawer,open,3,drawer,8,['drawer'],[8],official_train,OPENS,/kaggle/input/datasets/ldthanh/epic-kitchens-100-p1/P22/videos/P22_16.MP4
P22_16_77,P22,P22_16,00:02:39.349,00:02:38.89,00:02:39.71,9533,9582,pick up knife,pick-up,0,knife,4,['knife'],[4],official_train,PICKS UP,/kaggle/input/datasets/ldthanh/epic-kitchens-100-p1/P22/videos/P22_16.MP4
P22_16_78,P22,P22_16,00:02:40.540,00:02:39.88,00:02:40.92,9592,9655,pick up spoon,pick-up,0,spoon,1,['spoon'],[1],official_train,PICKS UP,/kaggle/input/datasets/ldthanh/epic-kitchens-100-p1/P22/videos/P22_16.MP4
P22_16_79,P22,P22_16,00:02:41.659,00:02:41.14,00:02:42.20,9668,9732,put down spoon,put-down,1,spoon,1,['spoon'],[1],official_train,PUT DOWN,/kaggle/input/datasets/ldthanh/epic-kitchens-100-p1/P22/videos/P22_16.MP4
P22_16_8,P22,P22_16,00:00:37.100,00:00:36.88,00:00:37.96,2212,2277,grab coffee cup,grab,0,cup:coffee,13,['cup:coffee'],[13],official_train,PICKS UP,/kaggle/input/datasets/ldthanh/epic-kitchens-100-p1/P22/videos/P22_16.MP4
P22_16_81,P22,P22_16,00:02:44.139,00:02:42.82,00:02:49.84,9769,10190,open bag,open,3,bag,19,['bag'],[19],official_train,OPENS,/kaggle/input/datasets/ldthanh/epic-kitchens-100-p1/P22/videos/P22_16.MP4
P22_16_84,P22,P22_16,00:02:52.099,00:02:51.64,00:02:52.49,10298,10349,put down corn cob,put-down,1,cob:corn,125,['cob:corn'],[125],official_train,PUT DOWN,/kaggle/input/datasets/ldthanh/epic-kitchens-100-p1/P22/videos/P22_16.MP4
P22_16_86,P22,P22_16,00:02:54.709,00:02:54.42,00:02:54.98,10465,10498,put down corn cob,put-down,1,cob:corn,125,['cob:corn'],[125],official_train,PUT DOWN,/kaggle/input/datasets/ldthanh/epic-kitchens-100-p1/P22/videos/P22_16.MP4
P22_16_88,P22,P22_16,00:02:56.840,00:02:57.33,00:02:58.58,10639,10714,grab sugar bowl,grab,0,bowl:sugar,7,['bowl:sugar'],[7],official_train,PICKS UP,/kaggle/input/datasets/ldthanh/epic-kitchens-100-p1/P22/videos/P22_16.MP4
P22_16_89,P22,P22_16,00:03:00.810,00:02:58.50,00:02:59.36,10710,10761,open sugar bowl,open,3,bowl:sugar,7,['bowl:sugar'],[7],official_train,OPENS,/kaggle/input/datasets/ldthanh/epic-kitchens-100-p1/P22/videos/P22_16.MP4
P22_16_9,P22,P22_16,00:00:38.100,00:00:38.06,00:00:39.25,2283,2355,put down coffee cup,put-down,1,cup:coffee,13,['cup:coffee'],[13],official_train,PUT DOWN,/kaggle/input/datasets/ldthanh/epic-kitchens-100-p1/P22/videos/P22_16.MP4
P22_16_90,P22,P22_16,00:03:02.810,00:03:00.70,00:03:03.15,10842,10989,put salt,put,1,salt,38,['salt'],[38],official_train,PUT DOWN,/kaggle/input/datasets/ldthanh/epic-kitchens-100-p1/P22/videos/P22_16.MP4
P22_16_91,P22,P22_16,00:03:01.810,00:03:03.05,00:03:04.90,10983,11094,put salt,put,1,salt,38,['salt'],[38],official_train,PUT DOWN,/kaggle/input/datasets/ldthanh/epic-kitchens-100-p1/P22/videos/P22_16.MP4
P22_16_93,P22,P22_16,00:03:07.480,00:03:07.40,00:03:08.57,11244,11314,put down down can,put-down,1,can,61,['can'],[61],official_train,PUT DOWN,/kaggle/input/datasets/ldthanh/epic-kitchens-100-p1/P22/videos/P22_16.MP4
P22_16_94,P22,P22_16,00:03:09.400,00:03:09.30,00:03:10.02,11358,11401,grab cob,grab,0,cob,125,['cob'],[125],official_train,PICKS UP,/kaggle/input/datasets/ldthanh/epic-kitchens-100-p1/P22/videos/P22_16.MP4
P22_16_95,P22,P22_16,00:03:10.450,00:03:09.90,00:03:10.74,11394,11444,put cob,put,1,cob,125,['cob'],[125],official_train,PUT DOWN,/kaggle/input/datasets/ldthanh/epic-kitchens-100-p1/P22/videos/P22_16.MP4
P22_16_96,P22,P22_16,00:03:11.450,00:03:11.21,00:03:11.89,11472,11513,put cob,put,1,cob,125,['cob'],[125],official_train,PUT DOWN,/kaggle/input/datasets/ldthanh/epic-kitchens-100-p1/P22/videos/P22_16.MP4
P22_16_97,P22,P22_16,00:03:13.290,00:03:12.58,00:03:13.33,11554,11599,grab can,grab,0,can,61,['can'],[61],official_train,PICKS UP,/kaggle/input/datasets/ldthanh/epic-kitchens-100-p1/P22/videos/P22_16.MP4
P22_16_98,P22,P22_16,00:03:14.290,00:03:13.61,00:03:14.45,11616,11667,open can,open,3,can,61,['can'],[61],official_train,OPENS,/kaggle/input/datasets/ldthanh/epic-kitchens-100-p1/P22/videos/P22_16.MP4
P22_16_99,P22,P22_16,00:03:15.290,00:03:14.55,00:03:15.51,11673,11730,grab salt,grab,0,salt,38,['salt'],[38],official_train,PICKS UP,/kaggle/input/datasets/ldthanh/epic-kitchens-100-p1/P22/videos/P22_16.MP4
P22_17_1,P22,P22_17,00:00:04.689,00:00:03.93,00:00:04.70,235,282,rinse hands,rinse,2,hand,11,['hand'],[11],official_train,WASHING,/kaggle/input/datasets/ldthanh/epic-kitchens-100-p1/P22/videos/P22_17.MP4
P22_17_10,P22,P22_17,00:00:14.719,00:00:13.65,00:00:15.15,819,909,put down soap,put-down,1,soap,22,['soap'],[22],official_train,PUT DOWN,/kaggle/input/datasets/ldthanh/epic-kitchens-100-p1/P22/videos/P22_17.MP4
P22_17_100,P22,P22_17,00:04:45.630,00:04:44.99,00:04:45.99,17099,17159,grab piece of paper,grab,0,piece:paper,49,['piece:paper'],[49],official_train,PICKS UP,/kaggle/input/datasets/ldthanh/epic-kitchens-100-p1/P22/videos/P22_17.MP4
P22_17_102,P22,P22_17,00:04:50.320,00:04:49.91,00:04:51.22,17394,17473,grab piece of paper,grab,0,piece:paper,49,['piece:paper'],[49],official_train,PICKS UP,/kaggle/input/datasets/ldthanh/epic-kitchens-100-p1/P22/videos/P22_17.MP4
P22_17_106,P22,P22_17,00:05:00.480,00:05:00.83,00:05:01.36,18049,18081,open basket,open,3,basket,168,['basket'],[168],official_train,OPENS,/kaggle/input/datasets/ldthanh/epic-kitchens-100-p1/P22/videos/P22_17.MP4
P22_17_112,P22,P22_17,00:05:07.810,00:05:06.96,00:05:22.59,18417,19355,lather pan,lather,2,pan,5,['pan'],[5],official_train,WASHING,/kaggle/input/datasets/ldthanh/epic-kitchens-100-p1/P22/videos/P22_17.MP4
P22_17_113,P22,P22_17,00:05:23.760,00:05:22.69,00:05:24.20,19361,19452,lather pan,lather,2,pan,5,['pan'],[5],official_train,WASHING,/kaggle/input/datasets/ldthanh/epic-kitchens-100-p1/P22/videos/P22_17.MP4
P22_17_114,P22,P22_17,00:05:24.760,00:05:24.30,00:05:25.56,19458,19533,put down down pan,put-down,1,pan,5,['pan'],[5],official_train,PUT DOWN,/kaggle/input/datasets/ldthanh/epic-kitchens-100-p1/P22/videos/P22_17.MP4
P22_17_116,P22,P22_17,00:05:26.760,00:05:25.65,00:05:26.68,19539,19600,rinse hands,rinse,2,hand,11,['hand'],[11],official_train,WASHING,/kaggle/input/datasets/ldthanh/epic-kitchens-100-p1/P22/videos/P22_17.MP4
P22_17_117,P22,P22_17,00:05:27.760,00:05:27.02,00:05:29.52,19621,19771,rinse pan,rinse,2,pan,5,['pan'],[5],official_train,WASHING,/kaggle/input/datasets/ldthanh/epic-kitchens-100-p1/P22/videos/P22_17.MP4
P22_17_118,P22,P22_17,00:05:35.330,00:05:29.87,00:05:35.62,19792,20137,rinse pan,rinse,2,pan,5,['pan'],[5],official_train,WASHING,/kaggle/input/datasets/ldthanh/epic-kitchens-100-p1/P22/videos/P22_17.MP4
P22_17_12,P22,P22_17,00:00:16.719,00:00:15.04,00:00:15.79,902,947,rinse sponge,rinse,2,sponge,9,['sponge'],[9],official_train,WASHING,/kaggle/input/datasets/ldthanh/epic-kitchens-100-p1/P22/videos/P22_17.MP4
P22_17_120,P22,P22_17,00:05:48.180,00:05:38.82,00:05:48.87,20329,20932,lather pan,lather,2,pan,5,['pan'],[5],official_train,WASHING,/kaggle/input/datasets/ldthanh/epic-kitchens-100-p1/P22/videos/P22_17.MP4
P22_17_121,P22,P22_17,00:05:40.140,00:05:41.80,00:05:42.89,20508,20573,lather pan,lather,2,pan,5,['pan'],[5],official_train,WASHING,/kaggle/input/datasets/ldthanh/epic-kitchens-100-p1/P22/videos/P22_17.MP4
P22_17_123,P22,P22_17,00:05:50.430,00:05:49.37,00:05:57.47,20962,21448,rinse pan,rinse,2,pan,5,['pan'],[5],official_train,WASHING,/kaggle/input/datasets/ldthanh/epic-kitchens-100-p1/P22/videos/P22_17.MP4
P22_17_126,P22,P22_17,00:06:02.350,00:06:00.33,00:06:03.99,21619,21839,put down down pan,put-down,1,pan,5,['pan'],[5],official_train,PUT DOWN,/kaggle/input/datasets/ldthanh/epic-kitchens-100-p1/P22/videos/P22_17.MP4
P22_17_128,P22,P22_17,00:06:07.020,00:06:06.16,00:06:06.90,21969,22014,rinse hands,rinse,2,hand,11,['hand'],[11],official_train,WASHING,/kaggle/input/datasets/ldthanh/epic-kitchens-100-p1/P22/videos/P22_17.MP4
P22_17_13,P22,P22_17,00:00:18.920,00:00:17.64,00:00:18.39,1058,1103,pick up bowl,pick-up,0,bowl,7,['bowl'],[7],official_train,PICKS UP,/kaggle/input/datasets/ldthanh/epic-kitchens-100-p1/P22/videos/P22_17.MP4
P22_17_132,P22,P22_17,00:06:11.020,00:06:10.88,00:06:12.13,22252,22327,put down down rag,put-down,1,rag,17,['rag'],[17],official_train,PUT DOWN,/kaggle/input/datasets/ldthanh/epic-kitchens-100-p1/P22/videos/P22_17.MP4
P22_17_133,P22,P22_17,00:06:13.270,00:06:12.38,00:06:13.46,22342,22407,grab container,grab,0,container,21,['container'],[21],official_train,PICKS UP,/kaggle/input/datasets/ldthanh/epic-kitchens-100-p1/P22/videos/P22_17.MP4
P22_17_135,P22,P22_17,00:06:17.120,00:06:19.79,00:06:20.77,22787,22846,open fridge,open,3,fridge,12,['fridge'],[12],official_train,OPENS,/kaggle/input/datasets/ldthanh/epic-kitchens-100-p1/P22/videos/P22_17.MP4
P22_17_136,P22,P22_17,00:06:21.120,00:06:20.85,00:06:22.35,22851,22941,place container,place,1,container,21,['container'],[21],official_train,PUT DOWN,/kaggle/input/datasets/ldthanh/epic-kitchens-100-p1/P22/videos/P22_17.MP4
P22_17_138,P22,P22_17,00:06:27.000,00:06:26.67,00:06:27.42,23200,23245,pick up cutlery,pick-up,0,cutlery,58,['cutlery'],[58],official_train,PICKS UP,/kaggle/input/datasets/ldthanh/epic-kitchens-100-p1/P22/videos/P22_17.MP4
P22_17_139,P22,P22_17,00:06:28.880,00:06:27.86,00:06:29.00,23271,23340,pick up dish,pick-up,0,dish,2,['dish'],[2],official_train,PICKS UP,/kaggle/input/datasets/ldthanh/epic-kitchens-100-p1/P22/videos/P22_17.MP4
P22_17_140,P22,P22_17,00:06:29.880,00:06:29.10,00:06:29.83,23346,23389,pick up dish,pick-up,0,dish,2,['dish'],[2],official_train,PICKS UP,/kaggle/input/datasets/ldthanh/epic-kitchens-100-p1/P22/videos/P22_17.MP4
P22_17_141,P22,P22_17,00:06:33.100,00:06:32.72,00:06:34.63,23563,23677,place dish,place,1,dish,2,['dish'],[2],official_train,PUT DOWN,/kaggle/input/datasets/ldthanh/epic-kitchens-100-p1/P22/videos/P22_17.MP4
P22_17_142,P22,P22_17,00:06:35.610,00:06:35.69,00:06:36.62,23741,23797,open basket,open,3,basket,168,['basket'],[168],official_train,OPENS,/kaggle/input/datasets/ldthanh/epic-kitchens-100-p1/P22/videos/P22_17.MP4
P22_17_144,P22,P22_17,00:06:42.110,00:06:37.07,00:06:38.79,23824,23927,pick up remains,pick-up,0,remains,54,['remains'],[54],official_train,PICKS UP,/kaggle/input/datasets/ldthanh/epic-kitchens-100-p1/P22/videos/P22_17.MP4
P22_17_145,P22,P22_17,00:06:40.380,00:06:39.51,00:06:40.93,23970,24055,place dish,place,1,dish,2,['dish'],[2],official_train,PUT DOWN,/kaggle/input/datasets/ldthanh/epic-kitchens-100-p1/P22/videos/P22_17.MP4
P22_17_146,P22,P22_17,00:06:45.310,00:06:40.87,00:06:45.64,24052,24338,pick up remains,pick-up,0,remains,54,['remains'],[54],official_train,PICKS UP,/kaggle/input/datasets/ldthanh/epic-kitchens-100-p1/P22/videos/P22_17.MP4
P22_17_149,P22,P22_17,00:06:53.200,00:06:50.32,00:06:53.86,24619,24831,rinse plate,rinse,2,plate,2,['plate'],[2],official_train,WASHING,/kaggle/input/datasets/ldthanh/epic-kitchens-100-p1/P22/videos/P22_17.MP4
P22_17_15,P22,P22_17,00:00:22.490,00:00:21.50,00:00:27.50,1290,1650,lather bowl,lather,2,bowl,7,['bowl'],[7],official_train,WASHING,/kaggle/input/datasets/ldthanh/epic-kitchens-100-p1/P22/videos/P22_17.MP4
P22_17_151,P22,P22_17,00:06:57.680,00:06:54.56,00:06:55.56,24873,24933,pick up plate,pick-up,0,plate,2,['plate'],[2],official_train,PICKS UP,/kaggle/input/datasets/ldthanh/epic-kitchens-100-p1/P22/videos/P22_17.MP4
P22_17_153,P22,P22_17,00:06:59.680,00:06:59.02,00:07:01.44,25141,25286,rinse plate,rinse,2,plate,2,['plate'],[2],official_train,WASHING,/kaggle/input/datasets/ldthanh/epic-kitchens-100-p1/P22/videos/P22_17.MP4
P22_17_155,P22,P22_17,00:07:03.150,00:07:02.28,00:07:08.33,25336,25699,lather plate,lather,2,plate,2,['plate'],[2],official_train,WASHING,/kaggle/input/datasets/ldthanh/epic-kitchens-100-p1/P22/videos/P22_17.MP4
P22_17_156,P22,P22_17,00:07:07.490,00:07:07.18,00:07:08.79,25630,25727,put down plate,put-down,1,plate,2,['plate'],[2],official_train,PUT DOWN,/kaggle/input/datasets/ldthanh/epic-kitchens-100-p1/P22/videos/P22_17.MP4
P22_17_157,P22,P22_17,00:07:08.780,00:07:08.39,00:07:09.47,25703,25768,pick up plate,pick-up,0,plate,2,['plate'],[2],official_train,PICKS UP,/kaggle/input/datasets/ldthanh/epic-kitchens-100-p1/P22/videos/P22_17.MP4
P22_17_158,P22,P22_17,00:07:09.780,00:07:08.67,00:07:13.30,25720,25998,lather plate,lather,2,plate,2,['plate'],[2],official_train,WASHING,/kaggle/input/datasets/ldthanh/epic-kitchens-100-p1/P22/videos/P22_17.MP4
P22_17_159,P22,P22_17,00:07:13.910,00:07:12.99,00:07:13.88,25979,26032,put down plate,put-down,1,plate,2,['plate'],[2],official_train,PUT DOWN,/kaggle/input/datasets/ldthanh/epic-kitchens-100-p1/P22/videos/P22_17.MP4
P22_17_16,P22,P22_17,00:00:29.800,00:00:27.85,00:00:29.60,1671,1776,pick up mincing knife,pick-up,0,knife:mincing,4,['knife:mincing'],[4],official_train,PICKS UP,/kaggle/input/datasets/ldthanh/epic-kitchens-100-p1/P22/videos/P22_17.MP4
P22_17_160,P22,P22_17,00:07:14.910,00:07:13.98,00:07:14.74,26038,26084,pick up plate,pick-up,0,plate,2,['plate'],[2],official_train,PICKS UP,/kaggle/input/datasets/ldthanh/epic-kitchens-100-p1/P22/videos/P22_17.MP4
P22_17_161,P22,P22_17,00:07:15.910,00:07:14.84,00:07:15.93,26090,26155,put down plate,put-down,1,plate,2,['plate'],[2],official_train,PUT DOWN,/kaggle/input/datasets/ldthanh/epic-kitchens-100-p1/P22/videos/P22_17.MP4
P22_17_162,P22,P22_17,00:07:16.910,00:07:15.82,00:07:17.41,26149,26244,pick up fork,pick-up,0,fork,14,['fork'],[14],official_train,PICKS UP,/kaggle/input/datasets/ldthanh/epic-kitchens-100-p1/P22/videos/P22_17.MP4
P22_17_163,P22,P22_17,00:07:17.910,00:07:16.76,00:07:18.71,26205,26322,lather fork,lather,2,fork,14,['fork'],[14],official_train,WASHING,/kaggle/input/datasets/ldthanh/epic-kitchens-100-p1/P22/videos/P22_17.MP4
P22_17_164,P22,P22_17,00:07:18.910,00:07:18.05,00:07:19.05,26283,26343,put down fork,put-down,1,fork,14,['fork'],[14],official_train,PUT DOWN,/kaggle/input/datasets/ldthanh/epic-kitchens-100-p1/P22/videos/P22_17.MP4
P22_17_165,P22,P22_17,00:07:21.970,00:07:18.06,00:07:19.16,26283,26349,put down fork,put-down,1,fork,14,['fork'],[14],official_train,PUT DOWN,/kaggle/input/datasets/ldthanh/epic-kitchens-100-p1/P22/videos/P22_17.MP4
P22_17_166,P22,P22_17,00:07:19.910,00:07:19.02,00:07:20.15,26341,26409,pick up fork,pick-up,0,fork,14,['fork'],[14],official_train,PICKS UP,/kaggle/input/datasets/ldthanh/epic-kitchens-100-p1/P22/videos/P22_17.MP4
P22_17_167,P22,P22_17,00:07:20.910,00:07:20.14,00:07:21.72,26408,26503,lather fork,lather,2,fork,14,['fork'],[14],official_train,WASHING,/kaggle/input/datasets/ldthanh/epic-kitchens-100-p1/P22/videos/P22_17.MP4
P22_17_168,P22,P22_17,00:07:23.080,00:07:22.30,00:07:23.43,26538,26605,pick up knife,pick-up,0,knife,4,['knife'],[4],official_train,PICKS UP,/kaggle/input/datasets/ldthanh/epic-kitchens-100-p1/P22/videos/P22_17.MP4
P22_17_169,P22,P22_17,00:07:24.080,00:07:23.40,00:07:26.09,26604,26765,lather knife,lather,2,knife,4,['knife'],[4],official_train,WASHING,/kaggle/input/datasets/ldthanh/epic-kitchens-100-p1/P22/videos/P22_17.MP4
P22_17_17,P22,P22_17,00:00:30.900,00:00:29.10,00:00:34.33,1746,2059,lather mincing knife,lather,2,knife:mincing,4,['knife:mincing'],[4],official_train,WASHING,/kaggle/input/datasets/ldthanh/epic-kitchens-100-p1/P22/videos/P22_17.MP4
P22_17_170,P22,P22_17,00:07:27.000,00:07:26.19,00:07:27.48,26771,26848,put down knife,put-down,1,knife,4,['knife'],[4],official_train,PUT DOWN,/kaggle/input/datasets/ldthanh/epic-kitchens-100-p1/P22/videos/P22_17.MP4
P22_17_171,P22,P22_17,00:07:28.000,00:07:27.28,00:07:28.44,26836,26906,pick up knife,pick-up,0,knife,4,['knife'],[4],official_train,PICKS UP,/kaggle/input/datasets/ldthanh/epic-kitchens-100-p1/P22/videos/P22_17.MP4
P22_17_172,P22,P22_17,00:07:29.000,00:07:28.37,00:07:30.61,26902,27036,lather knife,lather,2,knife,4,['knife'],[4],official_train,WASHING,/kaggle/input/datasets/ldthanh/epic-kitchens-100-p1/P22/videos/P22_17.MP4
P22_17_173,P22,P22_17,00:07:30.889,00:07:30.63,00:07:31.55,27037,27093,put down knife,put-down,1,knife,4,['knife'],[4],official_train,PUT DOWN,/kaggle/input/datasets/ldthanh/epic-kitchens-100-p1/P22/videos/P22_17.MP4
P22_17_175,P22,P22_17,00:07:33.650,00:07:31.69,00:07:33.77,27101,27226,rinse hands,rinse,2,hand,11,['hand'],[11],official_train,WASHING,/kaggle/input/datasets/ldthanh/epic-kitchens-100-p1/P22/videos/P22_17.MP4
P22_17_177,P22,P22_17,00:07:36.090,00:07:35.14,00:07:42.53,27308,27751,rinse silverware,rinse,2,silverware,58,['silverware'],[58],official_train,WASHING,/kaggle/input/datasets/ldthanh/epic-kitchens-100-p1/P22/videos/P22_17.MP4
P22_17_178,P22,P22_17,00:07:43.340,00:07:42.57,00:07:44.32,27754,27859,put down silverware,put-down,1,silverware,58,['silverware'],[58],official_train,PUT DOWN,/kaggle/input/datasets/ldthanh/epic-kitchens-100-p1/P22/videos/P22_17.MP4
P22_17_179,P22,P22_17,00:07:45.560,00:07:44.86,00:07:50.58,27891,28234,rinse plate,rinse,2,plate,2,['plate'],[2],official_train,WASHING,/kaggle/input/datasets/ldthanh/epic-kitchens-100-p1/P22/videos/P22_17.MP4
P22_17_18,P22,P22_17,00:00:32.920,00:00:34.40,00:00:35.65,2064,2139,put down mincing knife,put-down,1,knife:mincing,4,['knife:mincing'],[4],official_train,PUT DOWN,/kaggle/input/datasets/ldthanh/epic-kitchens-100-p1/P22/videos/P22_17.MP4
P22_17_180,P22,P22_17,00:07:51.419,00:07:50.68,00:07:53.01,28240,28380,put down plate,put-down,1,plate,2,['plate'],[2],official_train,PUT DOWN,/kaggle/input/datasets/ldthanh/epic-kitchens-100-p1/P22/videos/P22_17.MP4
P22_17_181,P22,P22_17,00:07:53.270,00:07:53.12,00:07:58.76,28387,28725,rinse plate,rinse,2,plate,2,['plate'],[2],official_train,WASHING,/kaggle/input/datasets/ldthanh/epic-kitchens-100-p1/P22/videos/P22_17.MP4
P22_17_182,P22,P22_17,00:07:58.990,00:07:58.86,00:08:00.25,28731,28815,put down plate,put-down,1,plate,2,['plate'],[2],official_train,PUT DOWN,/kaggle/input/datasets/ldthanh/epic-kitchens-100-p1/P22/videos/P22_17.MP4
P22_17_184,P22,P22_17,00:08:04.139,00:08:03.79,00:08:04.82,29027,29089,pick up salad bowl,pick-up,0,bowl:salad,7,['bowl:salad'],[7],official_train,PICKS UP,/kaggle/input/datasets/ldthanh/epic-kitchens-100-p1/P22/videos/P22_17.MP4
P22_17_185,P22,P22_17,00:08:05.860,00:08:04.88,00:08:05.60,29092,29136,pick up cork,pick-up,0,cork,256,['cork'],[256],official_train,PICKS UP,/kaggle/input/datasets/ldthanh/epic-kitchens-100-p1/P22/videos/P22_17.MP4
P22_17_186,P22,P22_17,00:08:07.300,00:08:05.82,00:08:08.46,29149,29307,pick up glasses,pick-up,0,glass,10,['glass'],[10],official_train,PICKS UP,/kaggle/input/datasets/ldthanh/epic-kitchens-100-p1/P22/videos/P22_17.MP4
P22_17_187,P22,P22_17,00:08:10.760,00:08:10.53,00:08:12.24,29431,29534,put down glasses,put-down,1,glass,10,['glass'],[10],official_train,PUT DOWN,/kaggle/input/datasets/ldthanh/epic-kitchens-100-p1/P22/videos/P22_17.MP4
P22_17_189,P22,P22_17,00:08:17.570,00:08:16.01,00:08:17.38,29760,29842,grab bottle opener,grab,0,opener:bottle,174,['opener:bottle'],[174],official_train,PICKS UP,/kaggle/input/datasets/ldthanh/epic-kitchens-100-p1/P22/videos/P22_17.MP4
P22_17_19,P22,P22_17,00:00:36.420,00:00:35.75,00:00:36.75,2145,2205,pick up spoon,pick-up,0,spoon,1,['spoon'],[1],official_train,PICKS UP,/kaggle/input/datasets/ldthanh/epic-kitchens-100-p1/P22/videos/P22_17.MP4
P22_17_190,P22,P22_17,00:08:19.940,00:08:17.48,00:08:19.20,29848,29952,grab salad bowl,grab,0,bowl:salad,7,['bowl:salad'],[7],official_train,PICKS UP,/kaggle/input/datasets/ldthanh/epic-kitchens-100-p1/P22/videos/P22_17.MP4
P22_17_191,P22,P22_17,00:08:20.940,00:08:19.30,00:08:21.36,29958,30081,put down down salad bowl,put-down,1,bowl:salad,7,['bowl:salad'],[7],official_train,PUT DOWN,/kaggle/input/datasets/ldthanh/epic-kitchens-100-p1/P22/videos/P22_17.MP4
P22_17_192,P22,P22_17,00:08:21.940,00:08:21.08,00:08:22.86,30064,30171,put down down bottles,put-down,1,bottle,15,['bottle'],[15],official_train,PUT DOWN,/kaggle/input/datasets/ldthanh/epic-kitchens-100-p1/P22/videos/P22_17.MP4
P22_17_193,P22,P22_17,00:08:23.360,00:08:23.26,00:08:24.01,30195,30240,open drawer,open,3,drawer,8,['drawer'],[8],official_train,OPENS,/kaggle/input/datasets/ldthanh/epic-kitchens-100-p1/P22/videos/P22_17.MP4
P22_17_194,P22,P22_17,00:08:24.360,00:08:24.03,00:08:24.63,30241,30277,put down down bottle opener,put-down,1,opener:bottle,174,['opener:bottle'],[174],official_train,PUT DOWN,/kaggle/input/datasets/ldthanh/epic-kitchens-100-p1/P22/videos/P22_17.MP4
P22_17_196,P22,P22_17,00:08:27.940,00:08:27.76,00:08:28.54,30465,30512,grab paper,grab,0,paper,49,['paper'],[49],official_train,PICKS UP,/kaggle/input/datasets/ldthanh/epic-kitchens-100-p1/P22/videos/P22_17.MP4
P22_17_197,P22,P22_17,00:08:29.400,00:08:28.57,00:08:29.41,30514,30564,grab glass,grab,0,glass,10,['glass'],[10],official_train,PICKS UP,/kaggle/input/datasets/ldthanh/epic-kitchens-100-p1/P22/videos/P22_17.MP4
P22_17_198,P22,P22_17,00:08:31.790,00:08:31.34,00:08:32.68,30680,30760,put down down glass,put-down,1,glass,10,['glass'],[10],official_train,PUT DOWN,/kaggle/input/datasets/ldthanh/epic-kitchens-100-p1/P22/videos/P22_17.MP4
P22_17_199,P22,P22_17,00:08:37.690,00:08:34.96,00:08:37.03,30897,31021,grab place mat,grab,0,mat:place,84,['mat:place'],[84],official_train,PICKS UP,/kaggle/input/datasets/ldthanh/epic-kitchens-100-p1/P22/videos/P22_17.MP4
P22_17_2,P22,P22_17,00:00:05.979,00:00:04.73,00:00:05.33,283,319,pick up sponge,pick-up,0,sponge,9,['sponge'],[9],official_train,PICKS UP,/kaggle/input/datasets/ldthanh/epic-kitchens-100-p1/P22/videos/P22_17.MP4
P22_17_20,P22,P22_17,00:00:37.420,00:00:36.85,00:00:38.60,2211,2316,lather spoon,lather,2,spoon,1,['spoon'],[1],official_train,WASHING,/kaggle/input/datasets/ldthanh/epic-kitchens-100-p1/P22/videos/P22_17.MP4
P22_17_200,P22,P22_17,00:08:38.690,00:08:36.57,00:08:38.37,30994,31102,grab place mat,grab,0,mat:place,84,['mat:place'],[84],official_train,PICKS UP,/kaggle/input/datasets/ldthanh/epic-kitchens-100-p1/P22/videos/P22_17.MP4
P22_17_201,P22,P22_17,00:08:35.740,00:08:38.47,00:08:40.48,31108,31228,grab place mat,grab,0,mat:place,84,['mat:place'],[84],official_train,PICKS UP,/kaggle/input/datasets/ldthanh/epic-kitchens-100-p1/P22/videos/P22_17.MP4
P22_17_202,P22,P22_17,00:08:40.960,00:08:40.05,00:08:41.17,31202,31270,put down down,put-down,1,mat:place,84,['mat:place'],[84],official_train,PUT DOWN,/kaggle/input/datasets/ldthanh/epic-kitchens-100-p1/P22/videos/P22_17.MP4
P22_17_205,P22,P22_17,00:08:47.200,00:08:46.59,00:08:47.44,31595,31646,open basket,open,3,basket,168,['basket'],[168],official_train,OPENS,/kaggle/input/datasets/ldthanh/epic-kitchens-100-p1/P22/videos/P22_17.MP4
P22_17_206,P22,P22_17,00:08:50.310,00:08:47.58,00:08:50.82,31654,31849,put down down place mat,put-down,1,mat:place,84,['mat:place'],[84],official_train,PUT DOWN,/kaggle/input/datasets/ldthanh/epic-kitchens-100-p1/P22/videos/P22_17.MP4
P22_17_21,P22,P22_17,00:00:38.579,00:00:38.70,00:00:39.45,2322,2367,put down spoon,put-down,1,spoon,1,['spoon'],[1],official_train,PUT DOWN,/kaggle/input/datasets/ldthanh/epic-kitchens-100-p1/P22/videos/P22_17.MP4
P22_17_210,P22,P22_17,00:08:55.890,00:08:54.58,00:08:56.32,32074,32179,grab place mat,grab,0,mat:place,84,['mat:place'],[84],official_train,PICKS UP,/kaggle/input/datasets/ldthanh/epic-kitchens-100-p1/P22/videos/P22_17.MP4
P22_17_213,P22,P22_17,00:09:00.990,00:09:00.03,00:09:01.03,32401,32461,put place mat,put,1,mat:place,84,['mat:place'],[84],official_train,PUT DOWN,/kaggle/input/datasets/ldthanh/epic-kitchens-100-p1/P22/videos/P22_17.MP4
P22_17_214,P22,P22_17,00:09:02.089,00:09:01.05,00:09:02.88,32462,32572,take dish,take,0,dish,2,['dish'],[2],official_train,PICKS UP,/kaggle/input/datasets/ldthanh/epic-kitchens-100-p1/P22/videos/P22_17.MP4
P22_17_215,P22,P22_17,00:09:04.380,00:09:03.44,00:09:04.72,32606,32683,put dish,put,1,dish,2,['dish'],[2],official_train,PUT DOWN,/kaggle/input/datasets/ldthanh/epic-kitchens-100-p1/P22/videos/P22_17.MP4
P22_17_216,P22,P22_17,00:09:05.380,00:09:04.47,00:09:05.50,32668,32730,take bottle,take,0,bottle,15,['bottle'],[15],official_train,PICKS UP,/kaggle/input/datasets/ldthanh/epic-kitchens-100-p1/P22/videos/P22_17.MP4
P22_17_22,P22,P22_17,00:00:40.760,00:00:40.05,00:00:41.30,2403,2478,pick up silverware,pick-up,0,silverware,58,['silverware'],[58],official_train,PICKS UP,/kaggle/input/datasets/ldthanh/epic-kitchens-100-p1/P22/videos/P22_17.MP4
P22_17_222,P22,P22_17,00:09:13.720,00:09:13.30,00:09:14.80,33198,33288,rinse bottle,rinse,2,bottle,15,['bottle'],[15],official_train,WASHING,/kaggle/input/datasets/ldthanh/epic-kitchens-100-p1/P22/videos/P22_17.MP4
P22_17_223,P22,P22_17,00:09:22.180,00:09:13.73,00:09:23.03,33223,33781,rinse bottle,rinse,2,bottle,15,['bottle'],[15],official_train,WASHING,/kaggle/input/datasets/ldthanh/epic-kitchens-100-p1/P22/videos/P22_17.MP4
P22_17_226,P22,P22_17,00:09:23.180,00:09:21.66,00:09:22.84,33699,33770,rinse hands,rinse,2,hand,11,['hand'],[11],official_train,WASHING,/kaggle/input/datasets/ldthanh/epic-kitchens-100-p1/P22/videos/P22_17.MP4
P22_17_228,P22,P22_17,00:09:25.620,00:09:23.90,00:09:27.08,33834,34024,rinse bottle,rinse,2,bottle,15,['bottle'],[15],official_train,WASHING,/kaggle/input/datasets/ldthanh/epic-kitchens-100-p1/P22/videos/P22_17.MP4
P22_17_229,P22,P22_17,00:09:28.520,00:09:27.18,00:09:28.86,34030,34131,put bottle,put,1,bottle,15,['bottle'],[15],official_train,PUT DOWN,/kaggle/input/datasets/ldthanh/epic-kitchens-100-p1/P22/videos/P22_17.MP4
P22_17_23,P22,P22_17,00:00:41.760,00:00:41.40,00:00:42.65,2484,2559,put down silverware,put-down,1,silverware,58,['silverware'],[58],official_train,PUT DOWN,/kaggle/input/datasets/ldthanh/epic-kitchens-100-p1/P22/videos/P22_17.MP4
P22_17_230,P22,P22_17,00:09:30.330,00:09:28.96,00:09:30.24,34137,34214,take bag,take,0,bag,19,['bag'],[19],official_train,PICKS UP,/kaggle/input/datasets/ldthanh/epic-kitchens-100-p1/P22/videos/P22_17.MP4
P22_17_232,P22,P22_17,00:09:33.310,00:09:31.94,00:09:42.03,34316,34921,wash bag,wash,2,bag,19,['bag'],[19],official_train,WASHING,/kaggle/input/datasets/ldthanh/epic-kitchens-100-p1/P22/videos/P22_17.MP4
P22_17_237,P22,P22_17,00:09:51.150,00:09:49.20,00:09:51.20,35352,35472,rinse sponge,rinse,2,sponge,9,['sponge'],[9],official_train,WASHING,/kaggle/input/datasets/ldthanh/epic-kitchens-100-p1/P22/videos/P22_17.MP4
P22_17_238,P22,P22_17,00:09:52.680,00:09:50.72,00:09:53.60,35443,35616,soap flat,soap,2,tray:ice,35,['tray:ice'],[35],official_train,WASHING,/kaggle/input/datasets/ldthanh/epic-kitchens-100-p1/P22/videos/P22_17.MP4
P22_17_24,P22,P22_17,00:00:43.940,00:00:42.60,00:00:45.95,2556,2757,lather potato peeler,lather,2,peeler:potato,87,['peeler:potato'],[87],official_train,WASHING,/kaggle/input/datasets/ldthanh/epic-kitchens-100-p1/P22/videos/P22_17.MP4
P22_17_240,P22,P22_17,00:09:55.800,00:09:54.83,00:09:56.06,35689,35763,take detergent,take,0,detergent,22,['detergent'],[22],official_train,PICKS UP,/kaggle/input/datasets/ldthanh/epic-kitchens-100-p1/P22/videos/P22_17.MP4
P22_17_241,P22,P22_17,00:09:56.800,00:09:55.80,00:09:56.87,35748,35812,put detergent,put,1,detergent,22,['detergent'],[22],official_train,PUT DOWN,/kaggle/input/datasets/ldthanh/epic-kitchens-100-p1/P22/videos/P22_17.MP4
P22_17_242,P22,P22_17,00:09:57.800,00:09:56.93,00:09:57.76,35815,35865,put down detergent,put-down,1,detergent,22,['detergent'],[22],official_train,PUT DOWN,/kaggle/input/datasets/ldthanh/epic-kitchens-100-p1/P22/videos/P22_17.MP4
P22_17_244,P22,P22_17,00:10:00.680,00:09:58.87,00:09:59.52,35932,35971,rinse sponge,rinse,2,sponge,9,['sponge'],[9],official_train,WASHING,/kaggle/input/datasets/ldthanh/epic-kitchens-100-p1/P22/videos/P22_17.MP4
P22_17_248,P22,P22_17,00:10:08.170,00:10:06.69,00:10:07.48,36401,36448,take salad bowl,take,0,bowl:salad,7,['bowl:salad'],[7],official_train,PICKS UP,/kaggle/input/datasets/ldthanh/epic-kitchens-100-p1/P22/videos/P22_17.MP4
P22_17_25,P22,P22_17,00:00:45.129,00:00:45.45,00:00:46.97,2727,2818,put down potato peeler,put-down,1,peeler:potato,87,['peeler:potato'],[87],official_train,PUT DOWN,/kaggle/input/datasets/ldthanh/epic-kitchens-100-p1/P22/videos/P22_17.MP4
P22_17_250,P22,P22_17,00:10:10.190,00:10:08.94,00:10:09.70,36536,36582,take glass,take,0,glass,10,['glass'],[10],official_train,PICKS UP,/kaggle/input/datasets/ldthanh/epic-kitchens-100-p1/P22/videos/P22_17.MP4
P22_17_252,P22,P22_17,00:10:12.320,00:10:11.10,00:10:16.10,36666,36966,soap glass,soap,2,glass,10,['glass'],[10],official_train,WASHING,/kaggle/input/datasets/ldthanh/epic-kitchens-100-p1/P22/videos/P22_17.MP4
P22_17_253,P22,P22_17,00:10:19.360,00:10:11.91,00:10:16.17,36714,36970,soap glass,soap,2,glass,10,['glass'],[10],official_train,WASHING,/kaggle/input/datasets/ldthanh/epic-kitchens-100-p1/P22/videos/P22_17.MP4
P22_17_254,P22,P22_17,00:10:13.320,00:10:16.03,00:10:16.94,36961,37016,put glass,put,1,glass,10,['glass'],[10],official_train,PUT DOWN,/kaggle/input/datasets/ldthanh/epic-kitchens-100-p1/P22/videos/P22_17.MP4
P22_17_256,P22,P22_17,00:10:17.170,00:10:17.71,00:10:19.17,37062,37150,pick up glass,pick-up,0,glass,10,['glass'],[10],official_train,PICKS UP,/kaggle/input/datasets/ldthanh/epic-kitchens-100-p1/P22/videos/P22_17.MP4
P22_17_257,P22,P22_17,00:10:23.190,00:10:22.93,00:10:24.16,37375,37449,put glass,put,1,glass,10,['glass'],[10],official_train,PUT DOWN,/kaggle/input/datasets/ldthanh/epic-kitchens-100-p1/P22/videos/P22_17.MP4
P22_17_258,P22,P22_17,00:10:24.920,00:10:24.19,00:10:25.42,37451,37525,pick up glass,pick-up,0,glass,10,['glass'],[10],official_train,PICKS UP,/kaggle/input/datasets/ldthanh/epic-kitchens-100-p1/P22/videos/P22_17.MP4
P22_17_259,P22,P22_17,00:10:30.390,00:10:25.45,00:10:25.95,37527,37557,pick up glass,pick-up,0,glass,10,['glass'],[10],official_train,PICKS UP,/kaggle/input/datasets/ldthanh/epic-kitchens-100-p1/P22/videos/P22_17.MP4
P22_17_26,P22,P22_17,00:00:48.120,00:00:47.07,00:00:49.69,2824,2981,lather knife,lather,2,knife,4,['knife'],[4],official_train,WASHING,/kaggle/input/datasets/ldthanh/epic-kitchens-100-p1/P22/videos/P22_17.MP4
P22_17_262,P22,P22_17,00:10:27.240,00:10:26.42,00:10:28.83,37585,37729,soap glass,soap,2,glass,10,['glass'],[10],official_train,WASHING,/kaggle/input/datasets/ldthanh/epic-kitchens-100-p1/P22/videos/P22_17.MP4
P22_17_263,P22,P22_17,00:10:29.390,00:10:27.61,00:10:31.99,37656,37919,put glass,put,1,glass,10,['glass'],[10],official_train,PUT DOWN,/kaggle/input/datasets/ldthanh/epic-kitchens-100-p1/P22/videos/P22_17.MP4
P22_17_264,P22,P22_17,00:10:35.630,00:10:28.84,00:10:31.00,37730,37860,put glass,put,1,glass,10,['glass'],[10],official_train,PUT DOWN,/kaggle/input/datasets/ldthanh/epic-kitchens-100-p1/P22/videos/P22_17.MP4
P22_17_265,P22,P22_17,00:10:33.310,00:10:32.59,00:10:35.42,37955,38125,soap glass,soap,2,glass,10,['glass'],[10],official_train,WASHING,/kaggle/input/datasets/ldthanh/epic-kitchens-100-p1/P22/videos/P22_17.MP4
P22_17_266,P22,P22_17,00:10:37.149,00:10:36.65,00:10:37.40,38199,38244,pick up cutlery,pick-up,0,cutlery,58,['cutlery'],[58],official_train,PICKS UP,/kaggle/input/datasets/ldthanh/epic-kitchens-100-p1/P22/videos/P22_17.MP4
P22_17_267,P22,P22_17,00:10:38.540,00:10:37.86,00:10:40.93,38271,38455,soap cutlery,soap,2,cutlery,58,['cutlery'],[58],official_train,WASHING,/kaggle/input/datasets/ldthanh/epic-kitchens-100-p1/P22/videos/P22_17.MP4
P22_17_268,P22,P22_17,00:10:40.940,00:10:40.53,00:10:42.12,38431,38527,put cutlery,put,1,cutlery,58,['cutlery'],[58],official_train,PUT DOWN,/kaggle/input/datasets/ldthanh/epic-kitchens-100-p1/P22/videos/P22_17.MP4
P22_17_269,P22,P22_17,00:10:41.940,00:10:42.17,00:10:42.72,38530,38563,pick up cutlery,pick-up,0,cutlery,58,['cutlery'],[58],official_train,PICKS UP,/kaggle/input/datasets/ldthanh/epic-kitchens-100-p1/P22/videos/P22_17.MP4
P22_17_27,P22,P22_17,00:00:49.120,00:00:49.48,00:00:50.66,2968,3039,put down knife,put-down,1,knife,4,['knife'],[4],official_train,PUT DOWN,/kaggle/input/datasets/ldthanh/epic-kitchens-100-p1/P22/videos/P22_17.MP4
P22_17_270,P22,P22_17,00:10:42.990,00:10:43.04,00:10:43.90,38582,38634,soap cutlery,soap,2,cutlery,58,['cutlery'],[58],official_train,WASHING,/kaggle/input/datasets/ldthanh/epic-kitchens-100-p1/P22/videos/P22_17.MP4
P22_17_271,P22,P22_17,00:10:43.990,00:10:44.88,00:10:46.18,38692,38770,put cutlery,put,1,cutlery,58,['cutlery'],[58],official_train,PUT DOWN,/kaggle/input/datasets/ldthanh/epic-kitchens-100-p1/P22/videos/P22_17.MP4
P22_17_274,P22,P22_17,00:10:52.380,00:10:50.70,00:10:58.01,39042,39480,soap salad bowl,soap,2,bowl:salad,7,['bowl:salad'],[7],official_train,WASHING,/kaggle/input/datasets/ldthanh/epic-kitchens-100-p1/P22/videos/P22_17.MP4
P22_17_275,P22,P22_17,00:10:56.480,00:10:50.78,00:10:57.67,39046,39460,lather salad bowl,lather,2,bowl:salad,7,['bowl:salad'],[7],official_train,WASHING,/kaggle/input/datasets/ldthanh/epic-kitchens-100-p1/P22/videos/P22_17.MP4
P22_17_276,P22,P22_17,00:10:57.480,00:10:57.73,00:10:58.72,39463,39523,put down salad bowl,put-down,1,bowl:salad,7,['bowl:salad'],[7],official_train,PUT DOWN,/kaggle/input/datasets/ldthanh/epic-kitchens-100-p1/P22/videos/P22_17.MP4
P22_17_278,P22,P22_17,00:11:00.170,00:10:59.20,00:11:01.39,39552,39683,rinse hands,rinse,2,hand,11,['hand'],[11],official_train,WASHING,/kaggle/input/datasets/ldthanh/epic-kitchens-100-p1/P22/videos/P22_17.MP4
P22_17_28,P22,P22_17,00:00:51.740,00:00:50.76,00:00:53.37,3045,3202,lather fork,lather,2,fork,14,['fork'],[14],official_train,WASHING,/kaggle/input/datasets/ldthanh/epic-kitchens-100-p1/P22/videos/P22_17.MP4
P22_17_280,P22,P22_17,00:11:05.350,00:11:03.91,00:11:11.71,39834,40302,rinse salad bowl,rinse,2,bowl:salad,7,['bowl:salad'],[7],official_train,WASHING,/kaggle/input/datasets/ldthanh/epic-kitchens-100-p1/P22/videos/P22_17.MP4
P22_17_282,P22,P22_17,00:11:09.370,00:11:08.16,00:11:12.50,40089,40350,rinse salad bowl,rinse,2,bowl:salad,7,['bowl:salad'],[7],official_train,WASHING,/kaggle/input/datasets/ldthanh/epic-kitchens-100-p1/P22/videos/P22_17.MP4
P22_17_283,P22,P22_17,00:11:16.980,00:11:09.75,00:11:18.80,40185,40728,rinse salad bowl,rinse,2,bowl:salad,7,['bowl:salad'],[7],official_train,WASHING,/kaggle/input/datasets/ldthanh/epic-kitchens-100-p1/P22/videos/P22_17.MP4
P22_17_284,P22,P22_17,00:11:19.640,00:11:18.88,00:11:21.50,40732,40890,put down salad bowl,put-down,1,bowl:salad,7,['bowl:salad'],[7],official_train,PUT DOWN,/kaggle/input/datasets/ldthanh/epic-kitchens-100-p1/P22/videos/P22_17.MP4
P22_17_285,P22,P22_17,00:11:21.390,00:11:20.49,00:11:21.37,40829,40882,pick up glass,pick-up,0,glass,10,['glass'],[10],official_train,PICKS UP,/kaggle/input/datasets/ldthanh/epic-kitchens-100-p1/P22/videos/P22_17.MP4
P22_17_286,P22,P22_17,00:11:22.630,00:11:21.35,00:11:23.85,40881,41031,rinse glass,rinse,2,glass,10,['glass'],[10],official_train,WASHING,/kaggle/input/datasets/ldthanh/epic-kitchens-100-p1/P22/videos/P22_17.MP4
P22_17_287,P22,P22_17,00:11:25.220,00:11:23.47,00:11:25.50,41008,41130,rinse glass,rinse,2,glass,10,['glass'],[10],official_train,WASHING,/kaggle/input/datasets/ldthanh/epic-kitchens-100-p1/P22/videos/P22_17.MP4
P22_17_289,P22,P22_17,00:11:36.720,00:11:27.07,00:11:37.09,41224,41825,put down glass,put-down,1,glass,10,['glass'],[10],official_train,PUT DOWN,/kaggle/input/datasets/ldthanh/epic-kitchens-100-p1/P22/videos/P22_17.MP4
P22_17_29,P22,P22_17,00:00:52.740,00:00:53.47,00:00:54.62,3208,3277,put down fork,put-down,1,fork,14,['fork'],[14],official_train,PUT DOWN,/kaggle/input/datasets/ldthanh/epic-kitchens-100-p1/P22/videos/P22_17.MP4
P22_17_290,P22,P22_17,00:11:27.850,00:11:27.76,00:11:28.74,41265,41324,rinse glass,rinse,2,glass,10,['glass'],[10],official_train,WASHING,/kaggle/input/datasets/ldthanh/epic-kitchens-100-p1/P22/videos/P22_17.MP4
P22_17_291,P22,P22_17,00:11:29.660,00:11:28.69,00:11:29.73,41321,41383,rinse glass,rinse,2,glass,10,['glass'],[10],official_train,WASHING,/kaggle/input/datasets/ldthanh/epic-kitchens-100-p1/P22/videos/P22_17.MP4
P22_17_292,P22,P22_17,00:11:30.899,00:11:29.83,00:11:31.09,41389,41465,put down glass,put-down,1,glass,10,['glass'],[10],official_train,PUT DOWN,/kaggle/input/datasets/ldthanh/epic-kitchens-100-p1/P22/videos/P22_17.MP4
P22_17_296,P22,P22_17,00:11:38.520,00:11:38.18,00:11:38.92,41890,41935,pick up glass,pick-up,0,glass,10,['glass'],[10],official_train,PICKS UP,/kaggle/input/datasets/ldthanh/epic-kitchens-100-p1/P22/videos/P22_17.MP4
P22_17_297,P22,P22_17,00:11:39.660,00:11:39.02,00:11:40.20,41941,42012,rinse glass,rinse,2,glass,10,['glass'],[10],official_train,WASHING,/kaggle/input/datasets/ldthanh/epic-kitchens-100-p1/P22/videos/P22_17.MP4
P22_17_299,P22,P22_17,00:11:42.550,00:11:42.15,00:11:43.21,42129,42192,rinse glass,rinse,2,glass,10,['glass'],[10],official_train,WASHING,/kaggle/input/datasets/ldthanh/epic-kitchens-100-p1/P22/videos/P22_17.MP4
P22_17_3,P22,P22_17,00:00:06.979,00:00:05.48,00:00:06.49,328,389,rinse sponge,rinse,2,sponge,9,['sponge'],[9],official_train,WASHING,/kaggle/input/datasets/ldthanh/epic-kitchens-100-p1/P22/videos/P22_17.MP4
P22_17_30,P22,P22_17,00:00:55.120,00:00:54.98,00:00:55.95,3298,3357,pick up dish drying rack,pick-up,0,dish,2,"['dish', 'rack:drying']","[2, 110]",official_train,PICKS UP,/kaggle/input/datasets/ldthanh/epic-kitchens-100-p1/P22/videos/P22_17.MP4
P22_17_300,P22,P22_17,00:11:44.250,00:11:43.13,00:11:44.11,42187,42246,rinse glass,rinse,2,glass,10,['glass'],[10],official_train,WASHING,/kaggle/input/datasets/ldthanh/epic-kitchens-100-p1/P22/videos/P22_17.MP4
P22_17_302,P22,P22_17,00:11:46.250,00:11:45.39,00:11:46.28,42323,42376,rinse glass,rinse,2,glass,10,['glass'],[10],official_train,WASHING,/kaggle/input/datasets/ldthanh/epic-kitchens-100-p1/P22/videos/P22_17.MP4
P22_17_303,P22,P22_17,00:11:47.250,00:11:46.32,00:11:48.09,42379,42485,put down glass,put-down,1,glass,10,['glass'],[10],official_train,PUT DOWN,/kaggle/input/datasets/ldthanh/epic-kitchens-100-p1/P22/videos/P22_17.MP4
P22_17_304,P22,P22_17,00:11:49.490,00:11:49.47,00:11:50.31,42568,42618,pick up glass,pick-up,0,glass,10,['glass'],[10],official_train,PICKS UP,/kaggle/input/datasets/ldthanh/epic-kitchens-100-p1/P22/videos/P22_17.MP4
P22_17_306,P22,P22_17,00:11:52.570,00:11:50.82,00:11:54.62,42649,42877,rinse glass,rinse,2,glass,10,['glass'],[10],official_train,WASHING,/kaggle/input/datasets/ldthanh/epic-kitchens-100-p1/P22/videos/P22_17.MP4
P22_17_307,P22,P22_17,00:11:55.700,00:11:55.26,00:11:57.41,42915,43044,put down glass,put-down,1,glass,10,['glass'],[10],official_train,PUT DOWN,/kaggle/input/datasets/ldthanh/epic-kitchens-100-p1/P22/videos/P22_17.MP4
P22_17_308,P22,P22_17,00:11:58.360,00:11:57.94,00:11:58.55,43076,43113,pick up glass,pick-up,0,glass,10,['glass'],[10],official_train,PICKS UP,/kaggle/input/datasets/ldthanh/epic-kitchens-100-p1/P22/videos/P22_17.MP4
P22_17_31,P22,P22_17,00:00:58.500,00:00:57.81,00:01:05.43,3468,3925,lather dish drying rack,lather,2,dish,2,"['dish', 'rack:drying']","[2, 110]",official_train,WASHING,/kaggle/input/datasets/ldthanh/epic-kitchens-100-p1/P22/videos/P22_17.MP4
P22_17_310,P22,P22_17,00:12:02.010,00:12:00.62,00:12:01.81,43237,43308,rinse glass,rinse,2,glass,10,['glass'],[10],official_train,WASHING,/kaggle/input/datasets/ldthanh/epic-kitchens-100-p1/P22/videos/P22_17.MP4
P22_17_311,P22,P22_17,00:12:03.260,00:12:02.12,00:12:03.87,43327,43432,put down glass,put-down,1,glass,10,['glass'],[10],official_train,PUT DOWN,/kaggle/input/datasets/ldthanh/epic-kitchens-100-p1/P22/videos/P22_17.MP4
P22_17_312,P22,P22_17,00:12:04.520,00:12:03.85,00:12:04.72,43431,43483,pick up utensils,pick-up,0,utensil,154,['utensil'],[154],official_train,PICKS UP,/kaggle/input/datasets/ldthanh/epic-kitchens-100-p1/P22/videos/P22_17.MP4
P22_17_313,P22,P22_17,00:12:06.140,00:12:04.68,00:12:07.32,43480,43639,rinse utensil,rinse,2,utensil,154,['utensil'],[154],official_train,WASHING,/kaggle/input/datasets/ldthanh/epic-kitchens-100-p1/P22/videos/P22_17.MP4
P22_17_314,P22,P22_17,00:12:07.209,00:12:07.24,00:12:08.86,43634,43731,put down utensil,put-down,1,utensil,154,['utensil'],[154],official_train,PUT DOWN,/kaggle/input/datasets/ldthanh/epic-kitchens-100-p1/P22/videos/P22_17.MP4
P22_17_315,P22,P22_17,00:12:11.060,00:12:07.25,00:12:08.70,43635,43722,put down utensil,put-down,1,utensil,154,['utensil'],[154],official_train,PUT DOWN,/kaggle/input/datasets/ldthanh/epic-kitchens-100-p1/P22/videos/P22_17.MP4
P22_17_316,P22,P22_17,00:12:09.060,00:12:08.87,00:12:09.60,43732,43776,pick up utensil,pick-up,0,utensil,154,['utensil'],[154],official_train,PICKS UP,/kaggle/input/datasets/ldthanh/epic-kitchens-100-p1/P22/videos/P22_17.MP4
P22_17_317,P22,P22_17,00:12:10.060,00:12:09.70,00:12:10.60,43782,43836,rinse utensil,rinse,2,utensil,154,['utensil'],[154],official_train,WASHING,/kaggle/input/datasets/ldthanh/epic-kitchens-100-p1/P22/videos/P22_17.MP4
P22_17_318,P22,P22_17,00:12:12.920,00:12:12.34,00:12:12.90,43940,43974,pick up plate,pick-up,0,plate,2,['plate'],[2],official_train,PICKS UP,/kaggle/input/datasets/ldthanh/epic-kitchens-100-p1/P22/videos/P22_17.MP4
P22_17_319,P22,P22_17,00:12:13.920,00:12:13.00,00:12:15.07,43980,44104,pick up plate,pick-up,0,plate,2,['plate'],[2],official_train,PICKS UP,/kaggle/input/datasets/ldthanh/epic-kitchens-100-p1/P22/videos/P22_17.MP4
P22_17_32,P22,P22_17,00:01:05.580,00:01:04.47,00:01:06.33,3868,3979,place draining rack,place,1,rack:draining,110,['rack:draining'],[110],official_train,PUT DOWN,/kaggle/input/datasets/ldthanh/epic-kitchens-100-p1/P22/videos/P22_17.MP4
P22_17_320,P22,P22_17,00:12:14.920,00:12:15.04,00:12:17.09,44102,44225,put down plate,put-down,1,plate,2,['plate'],[2],official_train,PUT DOWN,/kaggle/input/datasets/ldthanh/epic-kitchens-100-p1/P22/videos/P22_17.MP4
P22_17_321,P22,P22_17,00:12:18.300,00:12:17.19,00:12:18.46,44231,44307,rinse hands,rinse,2,hand,11,['hand'],[11],official_train,WASHING,/kaggle/input/datasets/ldthanh/epic-kitchens-100-p1/P22/videos/P22_17.MP4
P22_17_322,P22,P22_17,00:12:19.830,00:12:19.16,00:12:20.85,44349,44451,rinse sponge,rinse,2,sponge,9,['sponge'],[9],official_train,WASHING,/kaggle/input/datasets/ldthanh/epic-kitchens-100-p1/P22/videos/P22_17.MP4
P22_17_323,P22,P22_17,00:12:20.830,00:12:20.70,00:12:21.94,44442,44516,put down sponge,put-down,1,sponge,9,['sponge'],[9],official_train,PUT DOWN,/kaggle/input/datasets/ldthanh/epic-kitchens-100-p1/P22/videos/P22_17.MP4
P22_17_327,P22,P22_17,00:12:33.600,00:12:32.93,00:12:34.80,45175,45288,rinse food residue,rinse,2,residue:food,54,['residue:food'],[54],official_train,WASHING,/kaggle/input/datasets/ldthanh/epic-kitchens-100-p1/P22/videos/P22_17.MP4
P22_17_33,P22,P22_17,00:01:08.930,00:01:08.32,00:01:09.37,4099,4162,pick up cutlery,pick-up,0,cutlery,58,['cutlery'],[58],official_train,PICKS UP,/kaggle/input/datasets/ldthanh/epic-kitchens-100-p1/P22/videos/P22_17.MP4
P22_17_331,P22,P22_17,00:12:41.820,00:12:41.03,00:12:42.18,45661,45730,rinse hands,rinse,2,hand,11,['hand'],[11],official_train,WASHING,/kaggle/input/datasets/ldthanh/epic-kitchens-100-p1/P22/videos/P22_17.MP4
P22_17_335,P22,P22_17,00:12:45.970,00:12:46.25,00:12:47.84,45975,46070,put down cloth,put-down,1,cloth,17,['cloth'],[17],official_train,PUT DOWN,/kaggle/input/datasets/ldthanh/epic-kitchens-100-p1/P22/videos/P22_17.MP4
P22_17_336,P22,P22_17,00:12:50.149,00:12:48.54,00:12:50.11,46112,46206,pick up place mat,pick-up,0,mat:place,84,['mat:place'],[84],official_train,PICKS UP,/kaggle/input/datasets/ldthanh/epic-kitchens-100-p1/P22/videos/P22_17.MP4
P22_17_337,P22,P22_17,00:12:51.470,00:12:50.21,00:12:53.12,46212,46387,pick up cloth,pick-up,0,cloth,17,['cloth'],[17],official_train,PICKS UP,/kaggle/input/datasets/ldthanh/epic-kitchens-100-p1/P22/videos/P22_17.MP4
P22_17_339,P22,P22_17,00:12:55.790,00:12:54.10,00:12:54.80,46446,46488,rinse cloth,rinse,2,cloth,17,['cloth'],[17],official_train,WASHING,/kaggle/input/datasets/ldthanh/epic-kitchens-100-p1/P22/videos/P22_17.MP4
P22_17_34,P22,P22_17,00:01:09.930,00:01:09.58,00:01:11.43,4174,4285,place cutlery,place,1,cutlery,58,['cutlery'],[58],official_train,PUT DOWN,/kaggle/input/datasets/ldthanh/epic-kitchens-100-p1/P22/videos/P22_17.MP4
P22_17_340,P22,P22_17,00:12:58.010,00:12:56.82,00:12:57.84,46609,46670,take cabinet,take,0,cabinet,3,['cabinet'],[3],official_train,PICKS UP,/kaggle/input/datasets/ldthanh/epic-kitchens-100-p1/P22/videos/P22_17.MP4
P22_17_341,P22,P22_17,00:12:59.040,00:12:57.72,00:12:59.51,46663,46770,pick up detergent,pick-up,0,detergent,22,['detergent'],[22],official_train,PICKS UP,/kaggle/input/datasets/ldthanh/epic-kitchens-100-p1/P22/videos/P22_17.MP4
P22_17_343,P22,P22_17,00:13:06.490,00:13:01.51,00:13:05.62,46890,47137,clean stove top,clean,2,top:stove,24,['top:stove'],[24],official_train,WASHING,/kaggle/input/datasets/ldthanh/epic-kitchens-100-p1/P22/videos/P22_17.MP4
P22_17_344,P22,P22_17,00:13:04.410,00:13:01.77,00:13:11.39,46906,47483,wash stove top,wash,2,top:stove,24,['top:stove'],[24],official_train,WASHING,/kaggle/input/datasets/ldthanh/epic-kitchens-100-p1/P22/videos/P22_17.MP4
P22_17_345,P22,P22_17,00:13:07.589,00:13:05.72,00:13:10.63,47143,47437,clean stove top,clean,2,top:stove,24,['top:stove'],[24],official_train,WASHING,/kaggle/input/datasets/ldthanh/epic-kitchens-100-p1/P22/videos/P22_17.MP4
P22_17_349,P22,P22_17,00:13:13.350,00:13:13.11,00:13:14.21,47586,47652,clean stove top,clean,2,top:stove,24,['top:stove'],[24],official_train,WASHING,/kaggle/input/datasets/ldthanh/epic-kitchens-100-p1/P22/videos/P22_17.MP4
P22_17_35,P22,P22_17,00:01:11.250,00:01:11.00,00:01:15.96,4260,4557,lather spoon,lather,2,spoon,1,['spoon'],[1],official_train,WASHING,/kaggle/input/datasets/ldthanh/epic-kitchens-100-p1/P22/videos/P22_17.MP4
P22_17_351,P22,P22_17,00:13:16.770,00:13:16.15,00:13:18.55,47769,47913,clean stove top,clean,2,top:stove,24,['top:stove'],[24],official_train,WASHING,/kaggle/input/datasets/ldthanh/epic-kitchens-100-p1/P22/videos/P22_17.MP4
P22_17_352,P22,P22_17,00:13:17.870,00:13:18.65,00:13:20.64,47919,48038,clean stove top,clean,2,top:stove,24,['top:stove'],[24],official_train,WASHING,/kaggle/input/datasets/ldthanh/epic-kitchens-100-p1/P22/videos/P22_17.MP4
P22_17_353,P22,P22_17,00:13:21.410,00:13:20.74,00:13:21.84,48044,48110,put down detergent,put-down,1,detergent,22,['detergent'],[22],official_train,PUT DOWN,/kaggle/input/datasets/ldthanh/epic-kitchens-100-p1/P22/videos/P22_17.MP4
P22_17_356,P22,P22_17,00:13:25.120,00:13:24.55,00:13:30.54,48273,48632,clean cooker,clean,2,cooker,46,['cooker'],[46],official_train,WASHING,/kaggle/input/datasets/ldthanh/epic-kitchens-100-p1/P22/videos/P22_17.MP4
P22_17_358,P22,P22_17,00:13:32.260,00:13:31.32,00:13:38.20,48679,49092,clean cooker,clean,2,cooker,46,['cooker'],[46],official_train,WASHING,/kaggle/input/datasets/ldthanh/epic-kitchens-100-p1/P22/videos/P22_17.MP4
P22_17_36,P22,P22_17,00:01:16.330,00:01:15.98,00:01:16.76,4558,4605,put down spoon,put-down,1,spoon,1,['spoon'],[1],official_train,PUT DOWN,/kaggle/input/datasets/ldthanh/epic-kitchens-100-p1/P22/videos/P22_17.MP4
P22_17_360,P22,P22_17,00:13:42.040,00:13:40.68,00:13:46.42,49240,49585,clean cooker,clean,2,cooker,46,['cooker'],[46],official_train,WASHING,/kaggle/input/datasets/ldthanh/epic-kitchens-100-p1/P22/videos/P22_17.MP4
P22_17_362,P22,P22_17,00:13:47.680,00:13:47.30,00:13:48.21,49638,49692,put down grill,put-down,1,grill,24,['grill'],[24],official_train,PUT DOWN,/kaggle/input/datasets/ldthanh/epic-kitchens-100-p1/P22/videos/P22_17.MP4
P22_17_364,P22,P22_17,00:13:49.850,00:13:48.26,00:13:57.16,49695,50229,clean cooker,clean,2,cooker,46,['cooker'],[46],official_train,WASHING,/kaggle/input/datasets/ldthanh/epic-kitchens-100-p1/P22/videos/P22_17.MP4
P22_17_365,P22,P22_17,00:13:58.440,00:13:57.24,00:13:58.52,50234,50311,pick up grill,pick-up,0,grill,24,['grill'],[24],official_train,PICKS UP,/kaggle/input/datasets/ldthanh/epic-kitchens-100-p1/P22/videos/P22_17.MP4
P22_17_367,P22,P22_17,00:14:04.830,00:14:02.50,00:14:04.11,50550,50646,clean stove top,clean,2,top:stove,24,['top:stove'],[24],official_train,WASHING,/kaggle/input/datasets/ldthanh/epic-kitchens-100-p1/P22/videos/P22_17.MP4
P22_17_368,P22,P22_17,00:14:03.380,00:14:03.94,00:14:05.94,50636,50756,clean stove top,clean,2,top:stove,24,['top:stove'],[24],official_train,WASHING,/kaggle/input/datasets/ldthanh/epic-kitchens-100-p1/P22/videos/P22_17.MP4
P22_17_369,P22,P22_17,00:14:07.390,00:14:07.02,00:14:08.39,50821,50903,open cabinet,open,3,cabinet,3,['cabinet'],[3],official_train,OPENS,/kaggle/input/datasets/ldthanh/epic-kitchens-100-p1/P22/videos/P22_17.MP4
P22_17_37,P22,P22_17,00:01:17.430,00:01:16.93,00:01:22.05,4615,4923,lather spoon rest,lather,2,rest:spoon,109,['rest:spoon'],[109],official_train,WASHING,/kaggle/input/datasets/ldthanh/epic-kitchens-100-p1/P22/videos/P22_17.MP4
P22_17_370,P22,P22_17,00:14:08.450,00:14:08.41,00:14:09.08,50904,50944,put away detergent,put,1,detergent,22,['detergent'],[22],official_train,PUT DOWN,/kaggle/input/datasets/ldthanh/epic-kitchens-100-p1/P22/videos/P22_17.MP4
P22_17_372,P22,P22_17,00:14:12.430,00:14:11.24,00:14:12.36,51074,51141,pick up bottle,pick-up,0,bottle,15,['bottle'],[15],official_train,PICKS UP,/kaggle/input/datasets/ldthanh/epic-kitchens-100-p1/P22/videos/P22_17.MP4
P22_17_373,P22,P22_17,00:14:13.510,00:14:12.49,00:14:14.15,51149,51249,put down bottle,put-down,1,bottle,15,['bottle'],[15],official_train,PUT DOWN,/kaggle/input/datasets/ldthanh/epic-kitchens-100-p1/P22/videos/P22_17.MP4
P22_17_374,P22,P22_17,00:14:16.990,00:14:16.57,00:14:17.37,51394,51442,pick up bottle,pick-up,0,bottle,15,['bottle'],[15],official_train,PICKS UP,/kaggle/input/datasets/ldthanh/epic-kitchens-100-p1/P22/videos/P22_17.MP4
P22_17_375,P22,P22_17,00:14:18.730,00:14:18.25,00:14:19.75,51495,51585,open fridge,open,3,fridge,12,['fridge'],[12],official_train,OPENS,/kaggle/input/datasets/ldthanh/epic-kitchens-100-p1/P22/videos/P22_17.MP4
P22_17_376,P22,P22_17,00:14:19.730,00:14:22.60,00:14:24.35,51756,51861,place bottle,place,1,bottle,15,['bottle'],[15],official_train,PUT DOWN,/kaggle/input/datasets/ldthanh/epic-kitchens-100-p1/P22/videos/P22_17.MP4
P22_17_378,P22,P22_17,00:14:28.839,00:14:28.05,00:14:33.55,52083,52413,clean hob,clean,2,hob,24,['hob'],[24],official_train,WASHING,/kaggle/input/datasets/ldthanh/epic-kitchens-100-p1/P22/videos/P22_17.MP4
P22_17_38,P22,P22_17,00:01:23.290,00:01:22.10,00:01:24.70,4926,5082,put down spoon rest,put-down,1,rest:spoon,109,['rest:spoon'],[109],official_train,PUT DOWN,/kaggle/input/datasets/ldthanh/epic-kitchens-100-p1/P22/videos/P22_17.MP4
P22_17_381,P22,P22_17,00:14:37.800,00:14:36.85,00:14:38.85,52611,52731,wash cloth,wash,2,cloth,17,['cloth'],[17],official_train,WASHING,/kaggle/input/datasets/ldthanh/epic-kitchens-100-p1/P22/videos/P22_17.MP4
P22_17_382,P22,P22_17,00:14:50.260,00:14:39.85,00:14:47.85,52791,53271,clean sink,clean,2,sink,63,['sink'],[63],official_train,WASHING,/kaggle/input/datasets/ldthanh/epic-kitchens-100-p1/P22/videos/P22_17.MP4
P22_17_383,P22,P22_17,00:14:56.790,00:14:49.73,00:14:52.56,53383,53553,clean sink,clean,2,sink,63,['sink'],[63],official_train,WASHING,/kaggle/input/datasets/ldthanh/epic-kitchens-100-p1/P22/videos/P22_17.MP4
P22_17_385,P22,P22_17,00:14:42.269,00:14:56.08,00:15:03.63,53764,54217,clean sink,clean,2,sink,63,['sink'],[63],official_train,WASHING,/kaggle/input/datasets/ldthanh/epic-kitchens-100-p1/P22/videos/P22_17.MP4
P22_17_386,P22,P22_17,00:15:04.510,00:15:03.73,00:15:06.82,54223,54409,rinse cloth,rinse,2,cloth,17,['cloth'],[17],official_train,WASHING,/kaggle/input/datasets/ldthanh/epic-kitchens-100-p1/P22/videos/P22_17.MP4
P22_17_387,P22,P22_17,00:15:05.830,00:15:07.74,00:15:10.87,54464,54652,rinse sink,rinse,2,sink,63,['sink'],[63],official_train,WASHING,/kaggle/input/datasets/ldthanh/epic-kitchens-100-p1/P22/videos/P22_17.MP4
P22_17_388,P22,P22_17,00:15:06.830,00:15:11.32,00:15:12.55,54679,54753,place cloth,place,1,cloth,17,['cloth'],[17],official_train,PUT DOWN,/kaggle/input/datasets/ldthanh/epic-kitchens-100-p1/P22/videos/P22_17.MP4
P22_17_39,P22,P22_17,00:01:27.850,00:01:25.38,00:01:29.06,5122,5343,pick up chopping board,pick-up,0,board:chopping,18,['board:chopping'],[18],official_train,PICKS UP,/kaggle/input/datasets/ldthanh/epic-kitchens-100-p1/P22/videos/P22_17.MP4
P22_17_392,P22,P22_17,00:15:20.709,00:15:20.26,00:15:21.30,55215,55278,open trash can,open,3,can:trash,36,['can:trash'],[36],official_train,OPENS,/kaggle/input/datasets/ldthanh/epic-kitchens-100-p1/P22/videos/P22_17.MP4
P22_17_396,P22,P22_17,00:15:25.190,00:15:25.12,00:15:27.82,55507,55669,clean filter,clean,2,filter,77,['filter'],[77],official_train,WASHING,/kaggle/input/datasets/ldthanh/epic-kitchens-100-p1/P22/videos/P22_17.MP4
P22_17_397,P22,P22_17,00:15:29.640,00:15:28.01,00:15:31.55,55680,55893,rinse filter,rinse,2,filter,77,['filter'],[77],official_train,WASHING,/kaggle/input/datasets/ldthanh/epic-kitchens-100-p1/P22/videos/P22_17.MP4
P22_17_399,P22,P22_17,00:15:32.959,00:15:33.01,00:15:33.81,55980,56028,rinse hands,rinse,2,hand,11,['hand'],[11],official_train,WASHING,/kaggle/input/datasets/ldthanh/epic-kitchens-100-p1/P22/videos/P22_17.MP4
P22_17_401,P22,P22_17,00:15:35.279,00:15:34.85,00:15:36.30,56091,56178,pick up cloth,pick-up,0,cloth,17,['cloth'],[17],official_train,PICKS UP,/kaggle/input/datasets/ldthanh/epic-kitchens-100-p1/P22/videos/P22_17.MP4
P22_17_403,P22,P22_17,00:15:40.019,00:15:39.49,00:15:40.75,56369,56445,put down cloth,put-down,1,cloth,17,['cloth'],[17],official_train,PUT DOWN,/kaggle/input/datasets/ldthanh/epic-kitchens-100-p1/P22/videos/P22_17.MP4
P22_17_404,P22,P22_17,00:15:41.860,00:15:40.52,00:15:41.90,56431,56514,pick up bottle,pick-up,0,bottle,15,['bottle'],[15],official_train,PICKS UP,/kaggle/input/datasets/ldthanh/epic-kitchens-100-p1/P22/videos/P22_17.MP4
P22_17_406,P22,P22_17,00:15:44.420,00:15:43.69,00:15:46.40,56621,56784,put down bottle,put-down,1,bottle,15,['bottle'],[15],official_train,PUT DOWN,/kaggle/input/datasets/ldthanh/epic-kitchens-100-p1/P22/videos/P22_17.MP4
P22_17_407,P22,P22_17,00:15:51.380,00:15:50.47,00:15:51.48,57028,57088,pick up cloth,pick-up,0,cloth,17,['cloth'],[17],official_train,PICKS UP,/kaggle/input/datasets/ldthanh/epic-kitchens-100-p1/P22/videos/P22_17.MP4
P22_17_408,P22,P22_17,00:15:53.450,00:15:52.52,00:15:53.88,57151,57232,open cabinet,open,3,cabinet,3,['cabinet'],[3],official_train,OPENS,/kaggle/input/datasets/ldthanh/epic-kitchens-100-p1/P22/videos/P22_17.MP4
P22_17_409,P22,P22_17,00:15:55.680,00:15:55.26,00:15:56.41,57315,57384,open cabinet,open,3,cabinet,3,['cabinet'],[3],official_train,OPENS,/kaggle/input/datasets/ldthanh/epic-kitchens-100-p1/P22/videos/P22_17.MP4
P22_17_41,P22,P22_17,00:01:34.899,00:01:33.72,00:01:42.24,5623,6134,lather chopping board,lather,2,board:chopping,18,['board:chopping'],[18],official_train,WASHING,/kaggle/input/datasets/ldthanh/epic-kitchens-100-p1/P22/videos/P22_17.MP4
P22_17_410,P22,P22_17,00:15:57.620,00:15:56.92,00:15:58.45,57415,57507,pick up salad bowl,pick-up,0,bowl:salad,7,['bowl:salad'],[7],official_train,PICKS UP,/kaggle/input/datasets/ldthanh/epic-kitchens-100-p1/P22/videos/P22_17.MP4
P22_17_412,P22,P22_17,00:16:09.149,00:16:08.04,00:16:10.91,58082,58254,put down salad bowl,put-down,1,bowl:salad,7,['bowl:salad'],[7],official_train,PUT DOWN,/kaggle/input/datasets/ldthanh/epic-kitchens-100-p1/P22/videos/P22_17.MP4
P22_17_413,P22,P22_17,00:16:12.750,00:16:12.62,00:16:14.56,58357,58473,pick up pan,pick-up,0,pan,5,['pan'],[5],official_train,PICKS UP,/kaggle/input/datasets/ldthanh/epic-kitchens-100-p1/P22/videos/P22_17.MP4
P22_17_415,P22,P22_17,00:16:21.329,00:16:20.24,00:16:22.63,58814,58957,put down pan,put-down,1,pan,5,['pan'],[5],official_train,PUT DOWN,/kaggle/input/datasets/ldthanh/epic-kitchens-100-p1/P22/videos/P22_17.MP4
P22_17_416,P22,P22_17,00:16:23.380,00:16:22.82,00:16:24.34,58969,59060,pick up colander,pick-up,0,colander,39,['colander'],[39],official_train,PICKS UP,/kaggle/input/datasets/ldthanh/epic-kitchens-100-p1/P22/videos/P22_17.MP4
P22_17_418,P22,P22_17,00:16:26.220,00:16:28.19,00:16:29.84,59291,59390,put down colander,put-down,1,colander,39,['colander'],[39],official_train,PUT DOWN,/kaggle/input/datasets/ldthanh/epic-kitchens-100-p1/P22/videos/P22_17.MP4
P22_17_419,P22,P22_17,00:16:31.399,00:16:29.92,00:16:31.75,59395,59505,pick up spoon holder,pick-up,0,holder:spoon,109,['holder:spoon'],[109],official_train,PICKS UP,/kaggle/input/datasets/ldthanh/epic-kitchens-100-p1/P22/videos/P22_17.MP4
P22_17_42,P22,P22_17,00:01:44.340,00:01:42.97,00:01:45.91,6178,6354,lather chopping board,lather,2,board:chopping,18,['board:chopping'],[18],official_train,WASHING,/kaggle/input/datasets/ldthanh/epic-kitchens-100-p1/P22/videos/P22_17.MP4
P22_17_421,P22,P22_17,00:16:37.529,00:16:37.35,00:16:39.10,59841,59946,put down spoon rest,put-down,1,rest:spoon,109,['rest:spoon'],[109],official_train,PUT DOWN,/kaggle/input/datasets/ldthanh/epic-kitchens-100-p1/P22/videos/P22_17.MP4
P22_17_422,P22,P22_17,00:16:40.690,00:16:40.27,00:16:43.35,60016,60201,pick up bowl,pick-up,0,bowl,7,['bowl'],[7],official_train,PICKS UP,/kaggle/input/datasets/ldthanh/epic-kitchens-100-p1/P22/videos/P22_17.MP4
P22_17_425,P22,P22_17,00:16:52.779,00:16:52.26,00:16:54.05,60735,60843,put down bowl,put-down,1,bowl,7,['bowl'],[7],official_train,PUT DOWN,/kaggle/input/datasets/ldthanh/epic-kitchens-100-p1/P22/videos/P22_17.MP4
P22_17_427,P22,P22_17,00:17:02.240,00:17:00.53,00:17:04.03,61231,61441,put down cups,put-down,1,cup,13,['cup'],[13],official_train,PUT DOWN,/kaggle/input/datasets/ldthanh/epic-kitchens-100-p1/P22/videos/P22_17.MP4
P22_17_428,P22,P22_17,00:17:05.990,00:17:04.88,00:17:05.89,61492,61553,pick up grater,pick-up,0,grater,96,['grater'],[96],official_train,PICKS UP,/kaggle/input/datasets/ldthanh/epic-kitchens-100-p1/P22/videos/P22_17.MP4
P22_17_429,P22,P22_17,00:17:06.990,00:17:05.98,00:17:06.98,61558,61618,put down grater,put-down,1,grater,96,['grater'],[96],official_train,PUT DOWN,/kaggle/input/datasets/ldthanh/epic-kitchens-100-p1/P22/videos/P22_17.MP4
P22_17_43,P22,P22_17,00:01:46.479,00:01:45.56,00:01:46.34,6333,6380,put down chopping board,put-down,1,board:chopping,18,['board:chopping'],[18],official_train,PUT DOWN,/kaggle/input/datasets/ldthanh/epic-kitchens-100-p1/P22/videos/P22_17.MP4
P22_17_431,P22,P22_17,00:17:08.990,00:17:10.04,00:17:10.79,61802,61847,pick up glass,pick-up,0,glass,10,['glass'],[10],official_train,PICKS UP,/kaggle/input/datasets/ldthanh/epic-kitchens-100-p1/P22/videos/P22_17.MP4
P22_17_433,P22,P22_17,00:17:11.999,00:17:11.64,00:17:13.76,61898,62025,put down glass,put-down,1,glass,10,['glass'],[10],official_train,PUT DOWN,/kaggle/input/datasets/ldthanh/epic-kitchens-100-p1/P22/videos/P22_17.MP4
P22_17_434,P22,P22_17,00:17:15.339,00:17:11.81,00:17:13.81,61908,62028,put down glass,put-down,1,glass,10,['glass'],[10],official_train,PUT DOWN,/kaggle/input/datasets/ldthanh/epic-kitchens-100-p1/P22/videos/P22_17.MP4
P22_17_435,P22,P22_17,00:17:14.339,00:17:13.43,00:17:14.79,62005,62087,pick up glass,pick-up,0,glass,10,['glass'],[10],official_train,PICKS UP,/kaggle/input/datasets/ldthanh/epic-kitchens-100-p1/P22/videos/P22_17.MP4
P22_17_436,P22,P22_17,00:17:16.489,00:17:13.86,00:17:15.01,62031,62100,pick up glass,pick-up,0,glass,10,['glass'],[10],official_train,PICKS UP,/kaggle/input/datasets/ldthanh/epic-kitchens-100-p1/P22/videos/P22_17.MP4
P22_17_438,P22,P22_17,00:17:21.230,00:17:20.67,00:17:22.23,62440,62533,put down glass,put-down,1,glass,10,['glass'],[10],official_train,PUT DOWN,/kaggle/input/datasets/ldthanh/epic-kitchens-100-p1/P22/videos/P22_17.MP4
P22_17_439,P22,P22_17,00:17:23.809,00:17:23.89,00:17:25.10,62633,62705,pick up glass,pick-up,0,glass,10,['glass'],[10],official_train,PICKS UP,/kaggle/input/datasets/ldthanh/epic-kitchens-100-p1/P22/videos/P22_17.MP4
P22_17_44,P22,P22_17,00:01:47.479,00:01:46.30,00:01:50.89,6378,6653,rinse hands,rinse,2,hand,11,['hand'],[11],official_train,WASHING,/kaggle/input/datasets/ldthanh/epic-kitchens-100-p1/P22/videos/P22_17.MP4
P22_17_441,P22,P22_17,00:17:26.730,00:17:26.85,00:17:29.00,62810,62940,put down glass,put-down,1,glass,10,['glass'],[10],official_train,PUT DOWN,/kaggle/input/datasets/ldthanh/epic-kitchens-100-p1/P22/videos/P22_17.MP4
P22_17_442,P22,P22_17,00:17:29.840,00:17:29.36,00:17:30.25,62961,63015,pick up mincing knife,pick-up,0,knife:mincing,4,['knife:mincing'],[4],official_train,PICKS UP,/kaggle/input/datasets/ldthanh/epic-kitchens-100-p1/P22/videos/P22_17.MP4
P22_17_444,P22,P22_17,00:17:33.720,00:17:33.46,00:17:34.65,63207,63279,open drawer,open,3,drawer,8,['drawer'],[8],official_train,OPENS,/kaggle/input/datasets/ldthanh/epic-kitchens-100-p1/P22/videos/P22_17.MP4
P22_17_445,P22,P22_17,00:17:34.759,00:17:34.21,00:17:35.10,63252,63305,put down mincing knife,put-down,1,knife:mincing,4,['knife:mincing'],[4],official_train,PUT DOWN,/kaggle/input/datasets/ldthanh/epic-kitchens-100-p1/P22/videos/P22_17.MP4
P22_17_447,P22,P22_17,00:17:37.539,00:17:36.64,00:17:38.23,63398,63493,pick up plate,pick-up,0,plate,2,['plate'],[2],official_train,PICKS UP,/kaggle/input/datasets/ldthanh/epic-kitchens-100-p1/P22/videos/P22_17.MP4
P22_17_449,P22,P22_17,00:17:39.960,00:17:39.56,00:17:42.34,63573,63740,put down plate,put-down,1,plate,2,['plate'],[2],official_train,PUT DOWN,/kaggle/input/datasets/ldthanh/epic-kitchens-100-p1/P22/videos/P22_17.MP4
P22_17_45,P22,P22_17,00:01:51.399,00:01:49.96,00:01:55.83,6597,6949,rinse chopping board,rinse,2,board:chopping,18,['board:chopping'],[18],official_train,WASHING,/kaggle/input/datasets/ldthanh/epic-kitchens-100-p1/P22/videos/P22_17.MP4
P22_17_450,P22,P22_17,00:17:42.480,00:17:42.07,00:17:43.90,63724,63834,pick up plate,pick-up,0,plate,2,['plate'],[2],official_train,PICKS UP,/kaggle/input/datasets/ldthanh/epic-kitchens-100-p1/P22/videos/P22_17.MP4
P22_17_452,P22,P22_17,00:17:48.669,00:17:48.68,00:17:52.21,64120,64332,put down plate,put-down,1,plate,2,['plate'],[2],official_train,PUT DOWN,/kaggle/input/datasets/ldthanh/epic-kitchens-100-p1/P22/videos/P22_17.MP4
P22_17_453,P22,P22_17,00:17:52.359,00:17:52.31,00:17:53.42,64338,64405,pick up plate,pick-up,0,plate,2,['plate'],[2],official_train,PICKS UP,/kaggle/input/datasets/ldthanh/epic-kitchens-100-p1/P22/videos/P22_17.MP4
P22_17_455,P22,P22_17,00:17:55.799,00:17:55.66,00:17:58.99,64539,64739,put down plate,put-down,1,plate,2,['plate'],[2],official_train,PUT DOWN,/kaggle/input/datasets/ldthanh/epic-kitchens-100-p1/P22/videos/P22_17.MP4
P22_17_456,P22,P22_17,00:18:01.269,00:18:00.53,00:18:01.44,64831,64886,pick up spoon,pick-up,0,spoon,1,['spoon'],[1],official_train,PICKS UP,/kaggle/input/datasets/ldthanh/epic-kitchens-100-p1/P22/videos/P22_17.MP4
P22_17_458,P22,P22_17,00:18:03.539,00:18:03.44,00:18:04.80,65006,65088,open drawer,open,3,drawer,8,['drawer'],[8],official_train,OPENS,/kaggle/input/datasets/ldthanh/epic-kitchens-100-p1/P22/videos/P22_17.MP4
P22_17_459,P22,P22_17,00:18:04.559,00:18:05.06,00:18:06.06,65103,65163,put down spoon,put-down,1,spoon,1,['spoon'],[1],official_train,PUT DOWN,/kaggle/input/datasets/ldthanh/epic-kitchens-100-p1/P22/videos/P22_17.MP4
P22_17_460,P22,P22_17,00:18:06.799,00:18:06.32,00:18:07.08,65179,65224,pick up mincing knife,pick-up,0,knife:mincing,4,['knife:mincing'],[4],official_train,PICKS UP,/kaggle/input/datasets/ldthanh/epic-kitchens-100-p1/P22/videos/P22_17.MP4
P22_17_462,P22,P22_17,00:18:08.999,00:18:08.05,00:18:09.01,65283,65340,put down mincing knife,put-down,1,knife:mincing,4,['knife:mincing'],[4],official_train,PUT DOWN,/kaggle/input/datasets/ldthanh/epic-kitchens-100-p1/P22/videos/P22_17.MP4
P22_17_465,P22,P22_17,00:18:11.999,00:18:11.80,00:18:12.79,65508,65567,pick up utensil,pick-up,0,utensil,154,['utensil'],[154],official_train,PICKS UP,/kaggle/input/datasets/ldthanh/epic-kitchens-100-p1/P22/videos/P22_17.MP4
P22_17_468,P22,P22_17,00:18:16.570,00:18:16.17,00:18:17.00,65770,65820,put down utensil,put-down,1,utensil,154,['utensil'],[154],official_train,PUT DOWN,/kaggle/input/datasets/ldthanh/epic-kitchens-100-p1/P22/videos/P22_17.MP4
P22_17_469,P22,P22_17,00:18:17.830,00:18:16.79,00:18:18.01,65807,65880,pick up knife,pick-up,0,knife,4,['knife'],[4],official_train,PICKS UP,/kaggle/input/datasets/ldthanh/epic-kitchens-100-p1/P22/videos/P22_17.MP4
P22_17_47,P22,P22_17,00:01:57.350,00:01:57.27,00:01:59.65,7036,7179,wash cutting board,wash,2,board:cutting,18,['board:cutting'],[18],official_train,WASHING,/kaggle/input/datasets/ldthanh/epic-kitchens-100-p1/P22/videos/P22_17.MP4
P22_17_471,P22,P22_17,00:18:20.109,00:18:20.32,00:18:21.09,66019,66065,put down knife,put-down,1,knife,4,['knife'],[4],official_train,PUT DOWN,/kaggle/input/datasets/ldthanh/epic-kitchens-100-p1/P22/videos/P22_17.MP4
P22_17_472,P22,P22_17,00:18:22.389,00:18:20.80,00:18:22.26,66048,66135,pick up utensil,pick-up,0,utensil,154,['utensil'],[154],official_train,PICKS UP,/kaggle/input/datasets/ldthanh/epic-kitchens-100-p1/P22/videos/P22_17.MP4
P22_17_474,P22,P22_17,00:18:25.100,00:18:23.89,00:18:24.47,66233,66268,put down utensil,put-down,1,utensil,154,['utensil'],[154],official_train,PUT DOWN,/kaggle/input/datasets/ldthanh/epic-kitchens-100-p1/P22/videos/P22_17.MP4
P22_17_475,P22,P22_17,00:18:26.100,00:18:24.44,00:18:25.57,66266,66334,pick up potato peeler,pick-up,0,peeler:potato,87,['peeler:potato'],[87],official_train,PICKS UP,/kaggle/input/datasets/ldthanh/epic-kitchens-100-p1/P22/videos/P22_17.MP4
P22_17_477,P22,P22_17,00:18:28.359,00:18:27.88,00:18:29.42,66472,66565,put down potato peeler,put-down,1,peeler:potato,87,['peeler:potato'],[87],official_train,PUT DOWN,/kaggle/input/datasets/ldthanh/epic-kitchens-100-p1/P22/videos/P22_17.MP4
P22_17_478,P22,P22_17,00:18:31.009,00:18:30.00,00:18:30.94,66600,66656,pick up knife,pick-up,0,knife,4,['knife'],[4],official_train,PICKS UP,/kaggle/input/datasets/ldthanh/epic-kitchens-100-p1/P22/videos/P22_17.MP4
P22_17_48,P22,P22_17,00:02:02.100,00:01:59.75,00:02:02.12,7185,7327,wash cutting board,wash,2,board:cutting,18,['board:cutting'],[18],official_train,WASHING,/kaggle/input/datasets/ldthanh/epic-kitchens-100-p1/P22/videos/P22_17.MP4
P22_17_480,P22,P22_17,00:18:33.129,00:18:33.19,00:18:34.03,66791,66841,put down knife,put-down,1,knife,4,['knife'],[4],official_train,PUT DOWN,/kaggle/input/datasets/ldthanh/epic-kitchens-100-p1/P22/videos/P22_17.MP4
P22_17_481,P22,P22_17,00:18:35.639,00:18:33.94,00:18:35.50,66836,66930,pick up knife,pick-up,0,knife,4,['knife'],[4],official_train,PICKS UP,/kaggle/input/datasets/ldthanh/epic-kitchens-100-p1/P22/videos/P22_17.MP4
P22_17_483,P22,P22_17,00:18:37.639,00:18:37.23,00:18:38.35,67033,67101,put down knife,put-down,1,knife,4,['knife'],[4],official_train,PUT DOWN,/kaggle/input/datasets/ldthanh/epic-kitchens-100-p1/P22/videos/P22_17.MP4
P22_17_485,P22,P22_17,00:18:41.919,00:18:41.82,00:18:43.16,67309,67389,put down fork,put-down,1,fork,14,['fork'],[14],official_train,PUT DOWN,/kaggle/input/datasets/ldthanh/epic-kitchens-100-p1/P22/videos/P22_17.MP4
P22_17_486,P22,P22_17,00:18:43.509,00:18:43.69,00:18:44.94,67421,67496,put down fork,put-down,1,fork,14,['fork'],[14],official_train,PUT DOWN,/kaggle/input/datasets/ldthanh/epic-kitchens-100-p1/P22/videos/P22_17.MP4
P22_17_487,P22,P22_17,00:18:45.899,00:18:45.26,00:18:45.97,67515,67558,pick up fork,pick-up,0,fork,14,['fork'],[14],official_train,PICKS UP,/kaggle/input/datasets/ldthanh/epic-kitchens-100-p1/P22/videos/P22_17.MP4
P22_17_489,P22,P22_17,00:18:47.950,00:18:47.96,00:18:48.73,67677,67723,put down fork,put-down,1,fork,14,['fork'],[14],official_train,PUT DOWN,/kaggle/input/datasets/ldthanh/epic-kitchens-100-p1/P22/videos/P22_17.MP4
P22_17_49,P22,P22_17,00:02:05.509,00:02:05.07,00:02:06.44,7504,7586,put cutting board,put,1,board:cutting,18,['board:cutting'],[18],official_train,PUT DOWN,/kaggle/input/datasets/ldthanh/epic-kitchens-100-p1/P22/videos/P22_17.MP4
P22_17_491,P22,P22_17,00:18:52.149,00:18:52.39,00:18:53.42,67943,68005,put down fork,put-down,1,fork,14,['fork'],[14],official_train,PUT DOWN,/kaggle/input/datasets/ldthanh/epic-kitchens-100-p1/P22/videos/P22_17.MP4
P22_17_493,P22,P22_17,00:18:55.799,00:18:56.38,00:18:57.25,68182,68235,put down spoon,put-down,1,spoon,1,['spoon'],[1],official_train,PUT DOWN,/kaggle/input/datasets/ldthanh/epic-kitchens-100-p1/P22/videos/P22_17.MP4
P22_17_495,P22,P22_17,00:18:58.499,00:18:58.16,00:18:59.03,68289,68341,pick up pan,pick-up,0,pan,5,['pan'],[5],official_train,PICKS UP,/kaggle/input/datasets/ldthanh/epic-kitchens-100-p1/P22/videos/P22_17.MP4
P22_17_496,P22,P22_17,00:19:00.499,00:19:00.25,00:19:01.54,68415,68492,open drawer,open,3,drawer,8,['drawer'],[8],official_train,OPENS,/kaggle/input/datasets/ldthanh/epic-kitchens-100-p1/P22/videos/P22_17.MP4
P22_17_497,P22,P22_17,00:19:02.830,00:19:01.96,00:19:02.84,68517,68570,put down cloth,put-down,1,cloth,17,['cloth'],[17],official_train,PUT DOWN,/kaggle/input/datasets/ldthanh/epic-kitchens-100-p1/P22/videos/P22_17.MP4
P22_17_499,P22,P22_17,00:19:06.309,00:19:04.56,00:19:07.18,68673,68830,put down pan,put-down,1,pan,5,['pan'],[5],official_train,PUT DOWN,/kaggle/input/datasets/ldthanh/epic-kitchens-100-p1/P22/videos/P22_17.MP4
P22_17_50,P22,P22_17,00:02:07.710,00:02:06.54,00:02:12.88,7592,7972,wash colander,wash,2,colander,39,['colander'],[39],official_train,WASHING,/kaggle/input/datasets/ldthanh/epic-kitchens-100-p1/P22/videos/P22_17.MP4
P22_17_501,P22,P22_17,00:19:09.909,00:19:09.51,00:19:10.69,68970,69041,pick up cutting board,pick-up,0,board:cutting,18,['board:cutting'],[18],official_train,PICKS UP,/kaggle/input/datasets/ldthanh/epic-kitchens-100-p1/P22/videos/P22_17.MP4
P22_17_503,P22,P22_17,00:19:16.590,00:19:11.97,00:19:17.04,69118,69422,put down cutting board,put-down,1,board:cutting,18,['board:cutting'],[18],official_train,PUT DOWN,/kaggle/input/datasets/ldthanh/epic-kitchens-100-p1/P22/videos/P22_17.MP4
P22_17_504,P22,P22_17,00:19:12.269,00:19:12.38,00:19:13.18,69142,69190,open drawer,open,3,drawer,8,['drawer'],[8],official_train,OPENS,/kaggle/input/datasets/ldthanh/epic-kitchens-100-p1/P22/videos/P22_17.MP4
P22_17_505,P22,P22_17,00:19:14.700,00:19:13.28,00:19:15.81,69196,69348,put down cutting board,put-down,1,board:cutting,18,['board:cutting'],[18],official_train,PUT DOWN,/kaggle/input/datasets/ldthanh/epic-kitchens-100-p1/P22/videos/P22_17.MP4
P22_17_507,P22,P22_17,00:19:20.529,00:19:19.16,00:19:22.20,69549,69732,put down cloth,put-down,1,cloth,17,['cloth'],[17],official_train,PUT DOWN,/kaggle/input/datasets/ldthanh/epic-kitchens-100-p1/P22/videos/P22_17.MP4
P22_17_508,P22,P22_17,00:19:24.929,00:19:22.05,00:19:23.05,69723,69783,open cabinet,open,3,cabinet,3,['cabinet'],[3],official_train,OPENS,/kaggle/input/datasets/ldthanh/epic-kitchens-100-p1/P22/videos/P22_17.MP4
P22_17_509,P22,P22_17,00:19:25.980,00:19:23.15,00:19:24.36,69789,69861,pick up detergent,pick-up,0,detergent,22,['detergent'],[22],official_train,PICKS UP,/kaggle/input/datasets/ldthanh/epic-kitchens-100-p1/P22/videos/P22_17.MP4
P22_17_51,P22,P22_17,00:02:13.300,00:02:13.27,00:02:14.14,7996,8048,put colander,put,1,colander,39,['colander'],[39],official_train,PUT DOWN,/kaggle/input/datasets/ldthanh/epic-kitchens-100-p1/P22/videos/P22_17.MP4
P22_17_510,P22,P22_17,00:19:27.590,00:19:26.91,00:19:28.37,70014,70102,pick up cloth,pick-up,0,cloth,17,['cloth'],[17],official_train,PICKS UP,/kaggle/input/datasets/ldthanh/epic-kitchens-100-p1/P22/videos/P22_17.MP4
P22_17_512,P22,P22_17,00:19:34.100,00:19:32.51,00:19:35.55,70350,70533,clean stove top,clean,2,top:stove,24,['top:stove'],[24],official_train,WASHING,/kaggle/input/datasets/ldthanh/epic-kitchens-100-p1/P22/videos/P22_17.MP4
P22_17_513,P22,P22_17,00:19:36.899,00:19:36.18,00:19:37.20,70570,70632,pick up place mats,pick-up,0,mat:place,84,['mat:place'],[84],official_train,PICKS UP,/kaggle/input/datasets/ldthanh/epic-kitchens-100-p1/P22/videos/P22_17.MP4
P22_17_514,P22,P22_17,00:19:37.899,00:19:37.25,00:19:38.37,70635,70702,put down place mats,put-down,1,mat:place,84,['mat:place'],[84],official_train,PUT DOWN,/kaggle/input/datasets/ldthanh/epic-kitchens-100-p1/P22/videos/P22_17.MP4
P22_17_515,P22,P22_17,00:19:39.720,00:19:38.29,00:19:40.24,70697,70814,pick up remote control,pick-up,0,control:remote,221,['control:remote'],[221],official_train,PICKS UP,/kaggle/input/datasets/ldthanh/epic-kitchens-100-p1/P22/videos/P22_17.MP4
P22_17_516,P22,P22_17,00:19:41.359,00:19:40.75,00:19:41.98,70845,70918,put down remote control,put-down,1,control:remote,221,['control:remote'],[221],official_train,PUT DOWN,/kaggle/input/datasets/ldthanh/epic-kitchens-100-p1/P22/videos/P22_17.MP4
P22_17_52,P22,P22_17,00:02:14.940,00:02:14.24,00:02:15.26,8054,8115,take spoon,take,0,spoon,1,['spoon'],[1],official_train,PICKS UP,/kaggle/input/datasets/ldthanh/epic-kitchens-100-p1/P22/videos/P22_17.MP4
P22_17_520,P22,P22_17,00:19:48.070,00:19:47.27,00:19:49.02,71236,71341,clean table,clean,2,table,42,['table'],[42],official_train,WASHING,/kaggle/input/datasets/ldthanh/epic-kitchens-100-p1/P22/videos/P22_17.MP4
P22_17_523,P22,P22_17,00:19:50.359,00:19:50.97,00:19:52.22,71458,71533,clean table,clean,2,table,42,['table'],[42],official_train,WASHING,/kaggle/input/datasets/ldthanh/epic-kitchens-100-p1/P22/videos/P22_17.MP4
P22_17_525,P22,P22_17,00:19:53.799,00:19:53.02,00:19:58.27,71581,71896,clean table,clean,2,table,42,['table'],[42],official_train,WASHING,/kaggle/input/datasets/ldthanh/epic-kitchens-100-p1/P22/videos/P22_17.MP4
P22_17_526,P22,P22_17,00:20:00.119,00:19:53.35,00:19:58.33,71601,71899,wipe table,wipe,2,table,42,['table'],[42],official_train,WASHING,/kaggle/input/datasets/ldthanh/epic-kitchens-100-p1/P22/videos/P22_17.MP4
P22_17_528,P22,P22_17,00:20:02.419,00:19:59.44,00:20:00.84,71966,72050,wipe table,wipe,2,table,42,['table'],[42],official_train,WASHING,/kaggle/input/datasets/ldthanh/epic-kitchens-100-p1/P22/videos/P22_17.MP4
P22_17_53,P22,P22_17,00:02:16.080,00:02:15.36,00:02:16.68,8121,8200,wash spoon,wash,2,spoon,1,['spoon'],[1],official_train,WASHING,/kaggle/input/datasets/ldthanh/epic-kitchens-100-p1/P22/videos/P22_17.MP4
P22_17_530,P22,P22_17,00:20:06.619,00:20:02.31,00:20:06.01,72138,72360,wipe table,wipe,2,table,42,['table'],[42],official_train,WASHING,/kaggle/input/datasets/ldthanh/epic-kitchens-100-p1/P22/videos/P22_17.MP4
P22_17_531,P22,P22_17,00:20:11.499,00:20:06.11,00:20:11.80,72366,72708,wipe table,wipe,2,table,42,['table'],[42],official_train,WASHING,/kaggle/input/datasets/ldthanh/epic-kitchens-100-p1/P22/videos/P22_17.MP4
P22_17_532,P22,P22_17,00:20:19.979,00:20:17.98,00:20:19.46,73078,73167,open cupboard,open,3,cupboard,3,['cupboard'],[3],official_train,OPENS,/kaggle/input/datasets/ldthanh/epic-kitchens-100-p1/P22/videos/P22_17.MP4
P22_17_533,P22,P22_17,00:20:20.979,00:20:19.12,00:20:20.67,73147,73240,put down cleanser,put-down,1,cleanser,22,['cleanser'],[22],official_train,PUT DOWN,/kaggle/input/datasets/ldthanh/epic-kitchens-100-p1/P22/videos/P22_17.MP4
P22_17_535,P22,P22_17,00:20:23.389,00:20:22.45,00:20:25.89,73347,73553,rinse cloth,rinse,2,cloth,17,['cloth'],[17],official_train,WASHING,/kaggle/input/datasets/ldthanh/epic-kitchens-100-p1/P22/videos/P22_17.MP4
P22_17_538,P22,P22_17,00:20:31.940,00:20:29.65,00:20:36.40,73779,74184,wash sink,wash,2,sink,63,['sink'],[63],official_train,WASHING,/kaggle/input/datasets/ldthanh/epic-kitchens-100-p1/P22/videos/P22_17.MP4
P22_17_539,P22,P22_17,00:20:40.369,00:20:30.51,00:20:37.53,73830,74251,clean sink,clean,2,sink,63,['sink'],[63],official_train,WASHING,/kaggle/input/datasets/ldthanh/epic-kitchens-100-p1/P22/videos/P22_17.MP4
P22_17_54,P22,P22_17,00:02:17.160,00:02:16.78,00:02:17.65,8206,8259,put spoon,put,1,spoon,1,['spoon'],[1],official_train,PUT DOWN,/kaggle/input/datasets/ldthanh/epic-kitchens-100-p1/P22/videos/P22_17.MP4
P22_17_541,P22,P22_17,00:20:48.769,00:20:47.57,00:20:49.76,74854,74985,clean sink,clean,2,sink,63,['sink'],[63],official_train,WASHING,/kaggle/input/datasets/ldthanh/epic-kitchens-100-p1/P22/videos/P22_17.MP4
P22_17_545,P22,P22_17,00:20:57.639,00:20:57.91,00:20:58.69,75474,75521,open trash can,open,3,can:trash,36,['can:trash'],[36],official_train,OPENS,/kaggle/input/datasets/ldthanh/epic-kitchens-100-p1/P22/videos/P22_17.MP4
P22_17_547,P22,P22_17,00:21:00.639,00:21:00.28,00:21:14.32,75616,76459,clean sink,clean,2,sink,63,['sink'],[63],official_train,WASHING,/kaggle/input/datasets/ldthanh/epic-kitchens-100-p1/P22/videos/P22_17.MP4
P22_17_548,P22,P22_17,00:21:02.840,00:21:01.74,00:21:03.74,75704,75824,clean sink,clean,2,sink,63,['sink'],[63],official_train,WASHING,/kaggle/input/datasets/ldthanh/epic-kitchens-100-p1/P22/videos/P22_17.MP4
P22_17_549,P22,P22_17,00:21:08.249,00:21:03.84,00:21:04.84,75830,75890,clean sink,clean,2,sink,63,['sink'],[63],official_train,WASHING,/kaggle/input/datasets/ldthanh/epic-kitchens-100-p1/P22/videos/P22_17.MP4
P22_17_55,P22,P22_17,00:02:18.310,00:02:18.16,00:02:19.65,8289,8379,take half moon chopper,take,0,chopper:moon,4,['chopper:moon'],[4],official_train,PICKS UP,/kaggle/input/datasets/ldthanh/epic-kitchens-100-p1/P22/videos/P22_17.MP4
P22_17_550,P22,P22_17,00:21:09.450,00:21:04.94,00:21:06.44,75896,75986,clean sink,clean,2,sink,63,['sink'],[63],official_train,WASHING,/kaggle/input/datasets/ldthanh/epic-kitchens-100-p1/P22/videos/P22_17.MP4
P22_17_551,P22,P22_17,00:21:13.460,00:21:06.54,00:21:14.04,75992,76442,clean sink,clean,2,sink,63,['sink'],[63],official_train,WASHING,/kaggle/input/datasets/ldthanh/epic-kitchens-100-p1/P22/videos/P22_17.MP4
P22_17_553,P22,P22_17,00:21:16.889,00:21:15.74,00:21:18.20,76544,76692,wash cloth,wash,2,cloth,17,['cloth'],[17],official_train,WASHING,/kaggle/input/datasets/ldthanh/epic-kitchens-100-p1/P22/videos/P22_17.MP4
P22_17_555,P22,P22_17,00:21:19.229,00:21:19.32,00:21:22.66,76759,76959,clean sink,clean,2,sink,63,['sink'],[63],official_train,WASHING,/kaggle/input/datasets/ldthanh/epic-kitchens-100-p1/P22/videos/P22_17.MP4
P22_17_556,P22,P22_17,00:21:24.309,00:21:24.08,00:21:26.08,77044,77164,put rag down,put-down,1,rag,17,['rag'],[17],official_train,PUT DOWN,/kaggle/input/datasets/ldthanh/epic-kitchens-100-p1/P22/videos/P22_17.MP4
P22_17_557,P22,P22_17,00:21:28.799,00:21:27.91,00:21:28.94,77274,77336,pick napkins,pick,0,napkin,88,['napkin'],[88],official_train,PICKS UP,/kaggle/input/datasets/ldthanh/epic-kitchens-100-p1/P22/videos/P22_17.MP4
P22_17_558,P22,P22_17,00:21:30.359,00:21:29.69,00:21:30.44,77381,77426,open cupboard,open,3,cupboard,3,['cupboard'],[3],official_train,OPENS,/kaggle/input/datasets/ldthanh/epic-kitchens-100-p1/P22/videos/P22_17.MP4
P22_17_559,P22,P22_17,00:21:31.389,00:21:30.54,00:21:33.04,77432,77582,put napkin down,put-down,1,napkin,88,['napkin'],[88],official_train,PUT DOWN,/kaggle/input/datasets/ldthanh/epic-kitchens-100-p1/P22/videos/P22_17.MP4
P22_17_56,P22,P22_17,00:02:19.360,00:02:19.50,00:02:23.63,8370,8617,wash half moon chopper,wash,2,chopper:half:moon,4,['chopper:half:moon'],[4],official_train,WASHING,/kaggle/input/datasets/ldthanh/epic-kitchens-100-p1/P22/videos/P22_17.MP4
P22_17_561,P22,P22_17,00:21:35.929,00:21:34.83,00:21:36.48,77689,77788,pick paper,pick,0,paper,49,['paper'],[49],official_train,PICKS UP,/kaggle/input/datasets/ldthanh/epic-kitchens-100-p1/P22/videos/P22_17.MP4
P22_17_563,P22,P22_17,00:21:38.950,00:21:38.03,00:21:39.78,77881,77986,pick place mat,pick,0,mat:place,84,['mat:place'],[84],official_train,PICKS UP,/kaggle/input/datasets/ldthanh/epic-kitchens-100-p1/P22/videos/P22_17.MP4
P22_17_564,P22,P22_17,00:21:40.049,00:21:39.88,00:21:40.88,77992,78052,put place mat down,put-down,1,mat:place,84,['mat:place'],[84],official_train,PUT DOWN,/kaggle/input/datasets/ldthanh/epic-kitchens-100-p1/P22/videos/P22_17.MP4
P22_17_57,P22,P22_17,00:02:23.650,00:02:23.17,00:02:25.32,8590,8719,put half moon chopper,put,1,chopper:moon,4,['chopper:moon'],[4],official_train,PUT DOWN,/kaggle/input/datasets/ldthanh/epic-kitchens-100-p1/P22/videos/P22_17.MP4
P22_17_58,P22,P22_17,00:02:25.310,00:02:25.53,00:02:26.70,8731,8802,take cutlery,take,0,cutlery,58,['cutlery'],[58],official_train,PICKS UP,/kaggle/input/datasets/ldthanh/epic-kitchens-100-p1/P22/videos/P22_17.MP4
P22_17_59,P22,P22_17,00:02:26.650,00:02:26.80,00:02:30.37,8808,9022,wash cutlery,wash,2,cutlery,58,['cutlery'],[58],official_train,WASHING,/kaggle/input/datasets/ldthanh/epic-kitchens-100-p1/P22/videos/P22_17.MP4
P22_17_6,P22,P22_17,00:00:10.080,00:00:08.83,00:00:10.03,529,601,rinse sponge,rinse,2,sponge,9,['sponge'],[9],official_train,WASHING,/kaggle/input/datasets/ldthanh/epic-kitchens-100-p1/P22/videos/P22_17.MP4
P22_17_60,P22,P22_17,00:02:30.630,00:02:30.49,00:02:31.77,9029,9106,put cutlery,put,1,cutlery,58,['cutlery'],[58],official_train,PUT DOWN,/kaggle/input/datasets/ldthanh/epic-kitchens-100-p1/P22/videos/P22_17.MP4
P22_17_61,P22,P22_17,00:02:32.240,00:02:31.73,00:02:32.23,9103,9133,take bowl,take,0,bowl,7,['bowl'],[7],official_train,PICKS UP,/kaggle/input/datasets/ldthanh/epic-kitchens-100-p1/P22/videos/P22_17.MP4
P22_17_63,P22,P22_17,00:02:34.370,00:02:32.91,00:02:36.43,9174,9385,wash bowl,wash,2,bowl,7,['bowl'],[7],official_train,WASHING,/kaggle/input/datasets/ldthanh/epic-kitchens-100-p1/P22/videos/P22_17.MP4
P22_17_64,P22,P22_17,00:02:36.470,00:02:36.51,00:02:39.25,9390,9555,put bowl,put,1,bowl,7,['bowl'],[7],official_train,PUT DOWN,/kaggle/input/datasets/ldthanh/epic-kitchens-100-p1/P22/videos/P22_17.MP4
P22_17_66,P22,P22_17,00:02:39.610,00:02:38.18,00:02:38.97,9490,9538,put bowl,put,1,bowl,7,['bowl'],[7],official_train,PUT DOWN,/kaggle/input/datasets/ldthanh/epic-kitchens-100-p1/P22/videos/P22_17.MP4
P22_17_67,P22,P22_17,00:02:40.840,00:02:39.03,00:02:41.78,9541,9706,wash spoon rest,wash,2,rest:spoon,109,['rest:spoon'],[109],official_train,WASHING,/kaggle/input/datasets/ldthanh/epic-kitchens-100-p1/P22/videos/P22_17.MP4
P22_17_68,P22,P22_17,00:02:43.080,00:02:42.04,00:02:46.29,9722,9977,put spoon rest,put,1,rest:spoon,109,['rest:spoon'],[109],official_train,PUT DOWN,/kaggle/input/datasets/ldthanh/epic-kitchens-100-p1/P22/videos/P22_17.MP4
P22_17_70,P22,P22_17,00:02:51.260,00:02:51.25,00:02:51.82,10275,10309,put down cloth,put-down,1,cloth,17,['cloth'],[17],official_train,PUT DOWN,/kaggle/input/datasets/ldthanh/epic-kitchens-100-p1/P22/videos/P22_17.MP4
P22_17_71,P22,P22_17,00:02:52.870,00:02:52.23,00:02:53.36,10333,10401,pick up pan,pick-up,0,pan,5,['pan'],[5],official_train,PICKS UP,/kaggle/input/datasets/ldthanh/epic-kitchens-100-p1/P22/videos/P22_17.MP4
P22_17_72,P22,P22_17,00:02:53.870,00:02:53.19,00:02:54.69,10391,10481,put down pan,put-down,1,pan,5,['pan'],[5],official_train,PUT DOWN,/kaggle/input/datasets/ldthanh/epic-kitchens-100-p1/P22/videos/P22_17.MP4
P22_17_75,P22,P22_17,00:03:04.560,00:03:02.74,00:03:04.54,10964,11072,pick up object,pick-up,0,rack:drying,110,['rack:drying'],[110],official_train,PICKS UP,/kaggle/input/datasets/ldthanh/epic-kitchens-100-p1/P22/videos/P22_17.MP4
P22_17_76,P22,P22_17,00:03:05.580,00:03:04.78,00:03:05.48,11086,11128,put down object,put-down,1,rack:drying,110,['rack:drying'],[110],official_train,PUT DOWN,/kaggle/input/datasets/ldthanh/epic-kitchens-100-p1/P22/videos/P22_17.MP4
P22_17_79,P22,P22_17,00:03:30.540,00:03:29.93,00:03:31.25,12595,12675,put down water,put-down,1,water,27,['water'],[27],official_train,PUT DOWN,/kaggle/input/datasets/ldthanh/epic-kitchens-100-p1/P22/videos/P22_17.MP4
P22_17_8,P22,P22_17,00:00:12.719,00:00:11.45,00:00:12.20,687,732,pick up soap,pick-up,0,soap,22,['soap'],[22],official_train,PICKS UP,/kaggle/input/datasets/ldthanh/epic-kitchens-100-p1/P22/videos/P22_17.MP4
P22_17_81,P22,P22_17,00:03:37.260,00:03:36.06,00:03:38.09,12963,13085,put down water,put-down,1,water,27,['water'],[27],official_train,PUT DOWN,/kaggle/input/datasets/ldthanh/epic-kitchens-100-p1/P22/videos/P22_17.MP4
P22_17_82,P22,P22_17,00:03:39.590,00:03:39.43,00:03:40.71,13165,13242,open freezer,open,3,freezer,113,['freezer'],[113],official_train,OPENS,/kaggle/input/datasets/ldthanh/epic-kitchens-100-p1/P22/videos/P22_17.MP4
P22_17_83,P22,P22_17,00:03:42.720,00:03:41.77,00:03:46.54,13306,13592,pick up object,pick-up,0,freezer,113,['freezer'],[113],official_train,PICKS UP,/kaggle/input/datasets/ldthanh/epic-kitchens-100-p1/P22/videos/P22_17.MP4
P22_17_86,P22,P22_17,00:04:02.400,00:04:01.98,00:04:02.91,14518,14574,pick up object,pick-up,0,freezer,113,['freezer'],[113],official_train,PICKS UP,/kaggle/input/datasets/ldthanh/epic-kitchens-100-p1/P22/videos/P22_17.MP4
P22_17_87,P22,P22_17,00:04:04.250,00:04:03.87,00:04:05.02,14632,14701,open bottle,open,3,bottle,15,['bottle'],[15],official_train,OPENS,/kaggle/input/datasets/ldthanh/epic-kitchens-100-p1/P22/videos/P22_17.MP4
P22_17_90,P22,P22_17,00:04:16.660,00:04:15.29,00:04:16.49,15317,15389,put down bottle,put-down,1,bottle,15,['bottle'],[15],official_train,PUT DOWN,/kaggle/input/datasets/ldthanh/epic-kitchens-100-p1/P22/videos/P22_17.MP4
P22_17_92,P22,P22_17,00:04:18.660,00:04:17.89,00:04:20.74,15473,15644,open freezer,open,3,freezer,113,['freezer'],[113],official_train,OPENS,/kaggle/input/datasets/ldthanh/epic-kitchens-100-p1/P22/videos/P22_17.MP4
P22_17_93,P22,P22_17,00:04:21.370,00:04:20.51,00:04:26.81,15630,16008,pick up object,pick-up,0,freezer,113,['freezer'],[113],official_train,PICKS UP,/kaggle/input/datasets/ldthanh/epic-kitchens-100-p1/P22/videos/P22_17.MP4
P22_17_94,P22,P22_17,00:04:27.930,00:04:26.96,00:04:28.97,16017,16138,put down object,put-down,1,freezer,113,['freezer'],[113],official_train,PUT DOWN,/kaggle/input/datasets/ldthanh/epic-kitchens-100-p1/P22/videos/P22_17.MP4
P22_17_95,P22,P22_17,00:04:29.500,00:04:28.67,00:04:31.99,16120,16319,pick up object,pick-up,0,freezer,113,['freezer'],[113],official_train,PICKS UP,/kaggle/input/datasets/ldthanh/epic-kitchens-100-p1/P22/videos/P22_17.MP4
P22_17_98,P22,P22_17,00:04:42.900,00:04:41.93,00:04:43.36,16915,17001,grab paper,grab,0,paper,49,['paper'],[49],official_train,PICKS UP,/kaggle/input/datasets/ldthanh/epic-kitchens-100-p1/P22/videos/P22_17.MP4
P22_17_99,P22,P22_17,00:04:44.310,00:04:43.46,00:04:44.89,17007,17093,grab piece of paper,grab,0,piece:paper,49,['piece:paper'],[49],official_train,PICKS UP,/kaggle/input/datasets/ldthanh/epic-kitchens-100-p1/P22/videos/P22_17.MP4
P22_04_0,P22,P22_04,00:00:03.640,00:00:03.13,00:00:04.53,187,271,open locker,open,3,locker,3,['locker'],[3],official_validation,OPENS,/kaggle/input/datasets/ldthanh/epic-kitchens-100-p1/P22/videos/P22_04.MP4
P22_04_1,P22,P22_04,00:00:05.250,00:00:04.57,00:00:05.12,274,307,pick up dish,pick-up,0,dish,2,['dish'],[2],official_validation,PICKS UP,/kaggle/input/datasets/ldthanh/epic-kitchens-100-p1/P22/videos/P22_04.MP4
P22_04_108,P22,P22_04,00:04:04.040,00:04:02.78,00:04:04.53,14566,14671,put down potato peeler,put-down,1,peeler:potato,87,['peeler:potato'],[87],official_validation,PUT DOWN,/kaggle/input/datasets/ldthanh/epic-kitchens-100-p1/P22/videos/P22_04.MP4
P22_04_109,P22,P22_04,00:04:05.189,00:04:03.11,00:04:04.52,14586,14671,put down peach,put-down,1,peach,74,['peach'],[74],official_validation,PUT DOWN,/kaggle/input/datasets/ldthanh/epic-kitchens-100-p1/P22/videos/P22_04.MP4
P22_04_11,P22,P22_04,00:00:24.419,00:00:25.66,00:00:26.81,1539,1608,take salad bowl,take,0,bowl:salad,7,['bowl:salad'],[7],official_validation,PICKS UP,/kaggle/input/datasets/ldthanh/epic-kitchens-100-p1/P22/videos/P22_04.MP4
P22_04_110,P22,P22_04,00:04:06.730,00:04:04.36,00:04:06.35,14661,14781,open drawer,open,3,drawer,8,['drawer'],[8],official_validation,OPENS,/kaggle/input/datasets/ldthanh/epic-kitchens-100-p1/P22/videos/P22_04.MP4
P22_04_111,P22,P22_04,00:04:07.870,00:04:06.82,00:04:07.83,14809,14869,pick up knife,pick-up,0,knife,4,['knife'],[4],official_validation,PICKS UP,/kaggle/input/datasets/ldthanh/epic-kitchens-100-p1/P22/videos/P22_04.MP4
P22_04_113,P22,P22_04,00:04:09.879,00:04:08.77,00:04:09.42,14926,14965,pick up peach,pick-up,0,peach,74,['peach'],[74],official_validation,PICKS UP,/kaggle/input/datasets/ldthanh/epic-kitchens-100-p1/P22/videos/P22_04.MP4
P22_04_117,P22,P22_04,00:04:26.470,00:04:25.08,00:04:25.97,15904,15958,put knife,put,1,knife,4,['knife'],[4],official_validation,PUT DOWN,/kaggle/input/datasets/ldthanh/epic-kitchens-100-p1/P22/videos/P22_04.MP4
P22_04_118,P22,P22_04,00:04:27.540,00:04:26.07,00:04:26.69,15964,16001,pick up peeler,pick-up,0,peeler,87,['peeler'],[87],official_validation,PICKS UP,/kaggle/input/datasets/ldthanh/epic-kitchens-100-p1/P22/videos/P22_04.MP4
P22_04_119,P22,P22_04,00:04:28.730,00:04:26.25,00:04:28.75,15975,16125,clean peeler,clean,2,peeler,87,['peeler'],[87],official_validation,WASHING,/kaggle/input/datasets/ldthanh/epic-kitchens-100-p1/P22/videos/P22_04.MP4
P22_04_120,P22,P22_04,00:04:32.730,00:04:27.09,00:04:34.60,16025,16476,clean peeler,clean,2,peeler,87,['peeler'],[87],official_validation,WASHING,/kaggle/input/datasets/ldthanh/epic-kitchens-100-p1/P22/videos/P22_04.MP4
P22_04_121,P22,P22_04,00:04:35.750,00:04:34.70,00:04:35.20,16482,16512,put peeler,put,1,peeler,87,['peeler'],[87],official_validation,PUT DOWN,/kaggle/input/datasets/ldthanh/epic-kitchens-100-p1/P22/videos/P22_04.MP4
P22_04_122,P22,P22_04,00:04:37.660,00:04:35.29,00:04:36.79,16517,16607,pick up peelings,pick-up,0,peeling,48,['peeling'],[48],official_validation,PICKS UP,/kaggle/input/datasets/ldthanh/epic-kitchens-100-p1/P22/videos/P22_04.MP4
P22_04_123,P22,P22_04,00:04:39.040,00:04:37.14,00:04:39.14,16628,16748,pick up peelings,pick-up,0,peeling,48,['peeling'],[48],official_validation,PICKS UP,/kaggle/input/datasets/ldthanh/epic-kitchens-100-p1/P22/videos/P22_04.MP4
P22_04_127,P22,P22_04,00:04:50.220,00:04:47.99,00:04:50.24,17279,17414,wash hands,wash,2,hand,11,['hand'],[11],official_validation,WASHING,/kaggle/input/datasets/ldthanh/epic-kitchens-100-p1/P22/videos/P22_04.MP4
P22_04_130,P22,P22_04,00:04:54.840,00:04:53.50,00:04:54.92,17610,17695,put cloth,put,1,cloth,17,['cloth'],[17],official_validation,PUT DOWN,/kaggle/input/datasets/ldthanh/epic-kitchens-100-p1/P22/videos/P22_04.MP4
P22_04_131,P22,P22_04,00:04:56.650,00:04:55.30,00:04:55.94,17718,17756,pick up knife,pick-up,0,knife,4,['knife'],[4],official_validation,PICKS UP,/kaggle/input/datasets/ldthanh/epic-kitchens-100-p1/P22/videos/P22_04.MP4
P22_04_132,P22,P22_04,00:04:57.650,00:04:56.30,00:04:57.30,17778,17838,pick up peach,pick-up,0,peach,74,['peach'],[74],official_validation,PICKS UP,/kaggle/input/datasets/ldthanh/epic-kitchens-100-p1/P22/videos/P22_04.MP4
P22_04_138,P22,P22_04,00:05:10.380,00:05:08.72,00:05:09.66,18523,18579,put down slices,put-down,1,peach,74,['peach'],[74],official_validation,PUT DOWN,/kaggle/input/datasets/ldthanh/epic-kitchens-100-p1/P22/videos/P22_04.MP4
P22_04_142,P22,P22_04,00:05:18.950,00:05:17.93,00:05:18.84,19075,19130,put down slice,put-down,1,bowl:salad,7,['bowl:salad'],[7],official_validation,PUT DOWN,/kaggle/input/datasets/ldthanh/epic-kitchens-100-p1/P22/videos/P22_04.MP4
P22_04_143,P22,P22_04,00:05:20.100,00:05:18.94,00:05:19.57,19136,19174,put down slice,put-down,1,bowl:salad,7,['bowl:salad'],[7],official_validation,PUT DOWN,/kaggle/input/datasets/ldthanh/epic-kitchens-100-p1/P22/videos/P22_04.MP4
P22_04_148,P22,P22_04,00:05:32.350,00:05:26.82,00:05:32.37,19609,19942,put down slices,put-down,1,bowl:salad,7,['bowl:salad'],[7],official_validation,PUT DOWN,/kaggle/input/datasets/ldthanh/epic-kitchens-100-p1/P22/videos/P22_04.MP4
P22_04_151,P22,P22_04,00:05:40.030,00:05:37.74,00:05:39.45,20264,20367,wash hands,wash,2,hand,11,['hand'],[11],official_validation,WASHING,/kaggle/input/datasets/ldthanh/epic-kitchens-100-p1/P22/videos/P22_04.MP4
P22_04_154,P22,P22_04,00:05:44.720,00:05:43.31,00:05:44.33,20598,20659,pick up silverware,pick-up,0,silverware,58,['silverware'],[58],official_validation,PICKS UP,/kaggle/input/datasets/ldthanh/epic-kitchens-100-p1/P22/videos/P22_04.MP4
P22_04_157,P22,P22_04,00:05:49.770,00:05:48.20,00:05:48.93,20892,20935,pick up sponge,pick-up,0,sponge,9,['sponge'],[9],official_validation,PICKS UP,/kaggle/input/datasets/ldthanh/epic-kitchens-100-p1/P22/videos/P22_04.MP4
P22_04_158,P22,P22_04,00:05:53.130,00:05:48.84,00:05:50.11,20930,21006,wash sponge,wash,2,sponge,9,['sponge'],[9],official_validation,WASHING,/kaggle/input/datasets/ldthanh/epic-kitchens-100-p1/P22/videos/P22_04.MP4
P22_04_16,P22,P22_04,00:00:41.730,00:00:39.44,00:00:41.55,2366,2493,open cabinet,open,3,cabinet,3,['cabinet'],[3],official_validation,OPENS,/kaggle/input/datasets/ldthanh/epic-kitchens-100-p1/P22/videos/P22_04.MP4
P22_04_161,P22,P22_04,00:05:55.630,00:05:53.37,00:05:56.39,21202,21383,lather bowl,lather,2,bowl,7,['bowl'],[7],official_validation,WASHING,/kaggle/input/datasets/ldthanh/epic-kitchens-100-p1/P22/videos/P22_04.MP4
P22_04_162,P22,P22_04,00:05:57.190,00:05:56.44,00:05:58.63,21386,21517,lather potato peeler,lather,2,peeler:potato,87,['peeler:potato'],[87],official_validation,WASHING,/kaggle/input/datasets/ldthanh/epic-kitchens-100-p1/P22/videos/P22_04.MP4
P22_04_163,P22,P22_04,00:05:59.280,00:05:58.73,00:06:00.30,21523,21618,lather knife,lather,2,knife,4,['knife'],[4],official_validation,WASHING,/kaggle/input/datasets/ldthanh/epic-kitchens-100-p1/P22/videos/P22_04.MP4
P22_04_165,P22,P22_04,00:06:02.470,00:06:01.17,00:06:05.14,21670,21908,rinse knife,rinse,2,knife,4,['knife'],[4],official_validation,WASHING,/kaggle/input/datasets/ldthanh/epic-kitchens-100-p1/P22/videos/P22_04.MP4
P22_04_166,P22,P22_04,00:06:06.600,00:06:02.66,00:06:06.00,21759,21960,put down knife,put-down,1,knife,4,['knife'],[4],official_validation,PUT DOWN,/kaggle/input/datasets/ldthanh/epic-kitchens-100-p1/P22/videos/P22_04.MP4
P22_04_167,P22,P22_04,00:06:07.710,00:06:06.10,00:06:09.21,21966,22152,rinse bowl,rinse,2,bowl,7,['bowl'],[7],official_validation,WASHING,/kaggle/input/datasets/ldthanh/epic-kitchens-100-p1/P22/videos/P22_04.MP4
P22_04_168,P22,P22_04,00:06:10.180,00:06:09.31,00:06:10.25,22158,22215,put down bowl,put-down,1,bowl,7,['bowl'],[7],official_validation,PUT DOWN,/kaggle/input/datasets/ldthanh/epic-kitchens-100-p1/P22/videos/P22_04.MP4
P22_04_169,P22,P22_04,00:06:11.180,00:06:09.62,00:06:13.38,22177,22402,rinse potato peeler,rinse,2,peeler:potato,87,['peeler:potato'],[87],official_validation,WASHING,/kaggle/input/datasets/ldthanh/epic-kitchens-100-p1/P22/videos/P22_04.MP4
P22_04_17,P22,P22_04,00:00:43.530,00:00:41.65,00:00:43.50,2499,2610,put down cloth,put-down,1,cloth,17,['cloth'],[17],official_validation,PUT DOWN,/kaggle/input/datasets/ldthanh/epic-kitchens-100-p1/P22/videos/P22_04.MP4
P22_04_170,P22,P22_04,00:06:13.820,00:06:12.99,00:06:14.42,22379,22465,put down potato peeler,put-down,1,peeler:potato,87,['peeler:potato'],[87],official_validation,PUT DOWN,/kaggle/input/datasets/ldthanh/epic-kitchens-100-p1/P22/videos/P22_04.MP4
P22_04_171,P22,P22_04,00:06:15.100,00:06:13.82,00:06:16.45,22429,22587,wash sponge,wash,2,sponge,9,['sponge'],[9],official_validation,WASHING,/kaggle/input/datasets/ldthanh/epic-kitchens-100-p1/P22/videos/P22_04.MP4
P22_04_172,P22,P22_04,00:06:17.340,00:06:16.05,00:06:17.04,22563,22622,put down sponge,put-down,1,sponge,9,['sponge'],[9],official_validation,PUT DOWN,/kaggle/input/datasets/ldthanh/epic-kitchens-100-p1/P22/videos/P22_04.MP4
P22_04_173,P22,P22_04,00:06:18.340,00:06:16.62,00:06:18.02,22597,22681,rinse hands,rinse,2,hand,11,['hand'],[11],official_validation,WASHING,/kaggle/input/datasets/ldthanh/epic-kitchens-100-p1/P22/videos/P22_04.MP4
P22_04_176,P22,P22_04,00:06:21.810,00:06:19.67,00:06:20.83,22780,22849,pick up cloth,pick-up,0,cloth,17,['cloth'],[17],official_validation,PICKS UP,/kaggle/input/datasets/ldthanh/epic-kitchens-100-p1/P22/videos/P22_04.MP4
P22_04_178,P22,P22_04,00:06:25.570,00:06:23.90,00:06:25.88,23034,23152,put down cloth,put-down,1,cloth,17,['cloth'],[17],official_validation,PUT DOWN,/kaggle/input/datasets/ldthanh/epic-kitchens-100-p1/P22/videos/P22_04.MP4
P22_04_18,P22,P22_04,00:00:44.530,00:00:43.60,00:00:45.38,2616,2722,put down salad bowl,put-down,1,bowl:salad,7,['bowl:salad'],[7],official_validation,PUT DOWN,/kaggle/input/datasets/ldthanh/epic-kitchens-100-p1/P22/videos/P22_04.MP4
P22_04_2,P22,P22_04,00:00:06.250,00:00:05.08,00:00:07.26,304,435,put down dish,put-down,1,dish,2,['dish'],[2],official_validation,PUT DOWN,/kaggle/input/datasets/ldthanh/epic-kitchens-100-p1/P22/videos/P22_04.MP4
P22_04_20,P22,P22_04,00:00:50.149,00:00:48.67,00:00:49.99,2920,2999,pick up pan,pick-up,0,pan,5,['pan'],[5],official_validation,PICKS UP,/kaggle/input/datasets/ldthanh/epic-kitchens-100-p1/P22/videos/P22_04.MP4
P22_04_21,P22,P22_04,00:00:51.670,00:00:49.95,00:00:51.52,2997,3091,pick up lid,pick-up,0,lid,6,['lid'],[6],official_validation,PICKS UP,/kaggle/input/datasets/ldthanh/epic-kitchens-100-p1/P22/videos/P22_04.MP4
P22_04_22,P22,P22_04,00:00:53.910,00:00:52.47,00:00:54.24,3148,3254,open drawer,open,3,drawer,8,['drawer'],[8],official_validation,OPENS,/kaggle/input/datasets/ldthanh/epic-kitchens-100-p1/P22/videos/P22_04.MP4
P22_04_23,P22,P22_04,00:00:56.079,00:00:54.18,00:00:55.99,3250,3359,put down lid,put-down,1,lid,6,['lid'],[6],official_validation,PUT DOWN,/kaggle/input/datasets/ldthanh/epic-kitchens-100-p1/P22/videos/P22_04.MP4
P22_04_24,P22,P22_04,00:00:57.079,00:00:55.69,00:00:57.20,3341,3432,put down lid,put-down,1,lid,6,['lid'],[6],official_validation,PUT DOWN,/kaggle/input/datasets/ldthanh/epic-kitchens-100-p1/P22/videos/P22_04.MP4
P22_04_25,P22,P22_04,00:01:00.030,00:00:57.07,00:01:00.86,3424,3651,put down pan,put-down,1,pan,5,['pan'],[5],official_validation,PUT DOWN,/kaggle/input/datasets/ldthanh/epic-kitchens-100-p1/P22/videos/P22_04.MP4
P22_04_26,P22,P22_04,00:01:02.879,00:01:01.37,00:01:02.98,3682,3778,pick up lid,pick-up,0,lid,6,['lid'],[6],official_validation,PICKS UP,/kaggle/input/datasets/ldthanh/epic-kitchens-100-p1/P22/videos/P22_04.MP4
P22_04_27,P22,P22_04,00:01:03.879,00:01:03.08,00:01:04.15,3784,3849,put down lid,put-down,1,lid,6,['lid'],[6],official_validation,PUT DOWN,/kaggle/input/datasets/ldthanh/epic-kitchens-100-p1/P22/videos/P22_04.MP4
P22_04_29,P22,P22_04,00:01:07.640,00:01:06.01,00:01:07.66,3960,4059,pick up silverware,pick-up,0,silverware,58,['silverware'],[58],official_validation,PICKS UP,/kaggle/input/datasets/ldthanh/epic-kitchens-100-p1/P22/videos/P22_04.MP4
P22_04_3,P22,P22_04,00:00:08.610,00:00:07.08,00:00:08.71,424,522,pick up dish,pick-up,0,dish,2,['dish'],[2],official_validation,PICKS UP,/kaggle/input/datasets/ldthanh/epic-kitchens-100-p1/P22/videos/P22_04.MP4
P22_04_30,P22,P22_04,00:01:09.799,00:01:07.40,00:01:09.90,4044,4194,pick up silverware,pick-up,0,silverware,58,['silverware'],[58],official_validation,PICKS UP,/kaggle/input/datasets/ldthanh/epic-kitchens-100-p1/P22/videos/P22_04.MP4
P22_04_31,P22,P22_04,00:01:12.090,00:01:09.92,00:01:11.75,4195,4305,open drawer,open,3,drawer,8,['drawer'],[8],official_validation,OPENS,/kaggle/input/datasets/ldthanh/epic-kitchens-100-p1/P22/videos/P22_04.MP4
P22_04_32,P22,P22_04,00:01:14.950,00:01:11.85,00:01:15.57,4311,4534,put down teaspoons,put-down,1,teaspoon,1,['teaspoon'],[1],official_validation,PUT DOWN,/kaggle/input/datasets/ldthanh/epic-kitchens-100-p1/P22/videos/P22_04.MP4
P22_04_33,P22,P22_04,00:01:15.950,00:01:15.61,00:01:17.00,4536,4620,put down utensil,put-down,1,utensil,154,['utensil'],[154],official_validation,PUT DOWN,/kaggle/input/datasets/ldthanh/epic-kitchens-100-p1/P22/videos/P22_04.MP4
P22_04_34,P22,P22_04,00:01:19.220,00:01:16.82,00:01:18.83,4609,4729,put down fork,put-down,1,fork,14,['fork'],[14],official_validation,PUT DOWN,/kaggle/input/datasets/ldthanh/epic-kitchens-100-p1/P22/videos/P22_04.MP4
P22_04_35,P22,P22_04,00:01:20.270,00:01:18.84,00:01:20.30,4730,4818,put down knife,put-down,1,knife,4,['knife'],[4],official_validation,PUT DOWN,/kaggle/input/datasets/ldthanh/epic-kitchens-100-p1/P22/videos/P22_04.MP4
P22_04_36,P22,P22_04,00:01:21.579,00:01:20.63,00:01:21.74,4837,4904,put down fork,put-down,1,fork,14,['fork'],[14],official_validation,PUT DOWN,/kaggle/input/datasets/ldthanh/epic-kitchens-100-p1/P22/videos/P22_04.MP4
P22_04_37,P22,P22_04,00:01:22.840,00:01:21.57,00:01:22.74,4894,4964,put down knife,put-down,1,knife,4,['knife'],[4],official_validation,PUT DOWN,/kaggle/input/datasets/ldthanh/epic-kitchens-100-p1/P22/videos/P22_04.MP4
P22_04_38,P22,P22_04,00:01:23.840,00:01:22.82,00:01:23.88,4969,5032,put down utensil,put-down,1,utensil,154,['utensil'],[154],official_validation,PUT DOWN,/kaggle/input/datasets/ldthanh/epic-kitchens-100-p1/P22/videos/P22_04.MP4
P22_04_39,P22,P22_04,00:01:25.049,00:01:24.31,00:01:25.39,5058,5123,put down potato peeler,put-down,1,peeler:potato,87,['peeler:potato'],[87],official_validation,PUT DOWN,/kaggle/input/datasets/ldthanh/epic-kitchens-100-p1/P22/videos/P22_04.MP4
P22_04_4,P22,P22_04,00:00:09.610,00:00:08.71,00:00:13.11,522,786,put down dish,put-down,1,dish,2,['dish'],[2],official_validation,PUT DOWN,/kaggle/input/datasets/ldthanh/epic-kitchens-100-p1/P22/videos/P22_04.MP4
P22_04_40,P22,P22_04,00:01:26.640,00:01:25.49,00:01:26.75,5129,5205,put down fork,put-down,1,fork,14,['fork'],[14],official_validation,PUT DOWN,/kaggle/input/datasets/ldthanh/epic-kitchens-100-p1/P22/videos/P22_04.MP4
P22_04_41,P22,P22_04,00:01:27.899,00:01:26.85,00:01:28.30,5211,5298,put down utensil,put-down,1,utensil,154,['utensil'],[154],official_validation,PUT DOWN,/kaggle/input/datasets/ldthanh/epic-kitchens-100-p1/P22/videos/P22_04.MP4
P22_04_42,P22,P22_04,00:01:29.210,00:01:28.40,00:01:29.24,5304,5354,put down scoop,put-down,1,scoop,1,['scoop'],[1],official_validation,PUT DOWN,/kaggle/input/datasets/ldthanh/epic-kitchens-100-p1/P22/videos/P22_04.MP4
P22_04_43,P22,P22_04,00:01:30.310,00:01:29.34,00:01:31.10,5360,5466,put down knives,put-down,1,knife,4,['knife'],[4],official_validation,PUT DOWN,/kaggle/input/datasets/ldthanh/epic-kitchens-100-p1/P22/videos/P22_04.MP4
P22_04_44,P22,P22_04,00:01:32.090,00:01:31.20,00:01:31.93,5472,5515,put down teaspoon,put-down,1,teaspoon,1,['teaspoon'],[1],official_validation,PUT DOWN,/kaggle/input/datasets/ldthanh/epic-kitchens-100-p1/P22/videos/P22_04.MP4
P22_04_46,P22,P22_04,00:01:34.740,00:01:33.27,00:01:34.73,5596,5683,open cabinet,open,3,cabinet,3,['cabinet'],[3],official_validation,OPENS,/kaggle/input/datasets/ldthanh/epic-kitchens-100-p1/P22/videos/P22_04.MP4
P22_04_47,P22,P22_04,00:01:36.130,00:01:35.04,00:01:35.74,5702,5744,pick up glass,pick-up,0,glass,10,['glass'],[10],official_validation,PICKS UP,/kaggle/input/datasets/ldthanh/epic-kitchens-100-p1/P22/videos/P22_04.MP4
P22_04_48,P22,P22_04,00:01:37.130,00:01:35.84,00:01:36.85,5750,5811,put down glass,put-down,1,glass,10,['glass'],[10],official_validation,PUT DOWN,/kaggle/input/datasets/ldthanh/epic-kitchens-100-p1/P22/videos/P22_04.MP4
P22_04_49,P22,P22_04,00:01:38.130,00:01:36.70,00:01:37.35,5802,5841,pick up glass,pick-up,0,glass,10,['glass'],[10],official_validation,PICKS UP,/kaggle/input/datasets/ldthanh/epic-kitchens-100-p1/P22/videos/P22_04.MP4
P22_04_5,P22,P22_04,00:00:14.190,00:00:13.21,00:00:14.75,792,885,pick up dish,pick-up,0,dish,2,['dish'],[2],official_validation,PICKS UP,/kaggle/input/datasets/ldthanh/epic-kitchens-100-p1/P22/videos/P22_04.MP4
P22_04_50,P22,P22_04,00:01:39.130,00:01:37.42,00:01:38.77,5845,5926,put down glass,put-down,1,glass,10,['glass'],[10],official_validation,PUT DOWN,/kaggle/input/datasets/ldthanh/epic-kitchens-100-p1/P22/videos/P22_04.MP4
P22_04_51,P22,P22_04,00:01:40.450,00:01:39.09,00:01:39.94,5945,5996,pick up glass,pick-up,0,glass,10,['glass'],[10],official_validation,PICKS UP,/kaggle/input/datasets/ldthanh/epic-kitchens-100-p1/P22/videos/P22_04.MP4
P22_04_52,P22,P22_04,00:01:41.450,00:01:40.08,00:01:41.64,6004,6098,put down glass,put-down,1,glass,10,['glass'],[10],official_validation,PUT DOWN,/kaggle/input/datasets/ldthanh/epic-kitchens-100-p1/P22/videos/P22_04.MP4
P22_04_53,P22,P22_04,00:01:43.850,00:01:42.54,00:01:43.21,6152,6192,pick up glass,pick-up,0,glass,10,['glass'],[10],official_validation,PICKS UP,/kaggle/input/datasets/ldthanh/epic-kitchens-100-p1/P22/videos/P22_04.MP4
P22_04_54,P22,P22_04,00:01:44.850,00:01:43.46,00:01:44.47,6207,6268,put down glass,put-down,1,glass,10,['glass'],[10],official_validation,PUT DOWN,/kaggle/input/datasets/ldthanh/epic-kitchens-100-p1/P22/videos/P22_04.MP4
P22_04_55,P22,P22_04,00:01:45.869,00:01:45.20,00:01:46.04,6312,6362,pick up coffee cup,pick-up,0,cup:coffee,13,['cup:coffee'],[13],official_validation,PICKS UP,/kaggle/input/datasets/ldthanh/epic-kitchens-100-p1/P22/videos/P22_04.MP4
P22_04_56,P22,P22_04,00:01:46.869,00:01:45.35,00:01:46.52,6321,6391,open cabinet,open,3,cabinet,3,['cabinet'],[3],official_validation,OPENS,/kaggle/input/datasets/ldthanh/epic-kitchens-100-p1/P22/videos/P22_04.MP4
P22_04_57,P22,P22_04,00:01:47.930,00:01:46.42,00:01:47.71,6385,6462,put down coffee cup,put-down,1,cup:coffee,13,['cup:coffee'],[13],official_validation,PUT DOWN,/kaggle/input/datasets/ldthanh/epic-kitchens-100-p1/P22/videos/P22_04.MP4
P22_04_58,P22,P22_04,00:01:48.930,00:01:47.81,00:01:48.46,6468,6507,pick up coffee cup,pick-up,0,cup:coffee,13,['cup:coffee'],[13],official_validation,PICKS UP,/kaggle/input/datasets/ldthanh/epic-kitchens-100-p1/P22/videos/P22_04.MP4
P22_04_59,P22,P22_04,00:01:49.930,00:01:48.49,00:01:49.29,6509,6557,put down coffee cup,put-down,1,cup:coffee,13,['cup:coffee'],[13],official_validation,PUT DOWN,/kaggle/input/datasets/ldthanh/epic-kitchens-100-p1/P22/videos/P22_04.MP4
P22_04_6,P22,P22_04,00:00:15.190,00:00:14.43,00:00:17.37,865,1042,put down dish,put-down,1,dish,2,['dish'],[2],official_validation,PUT DOWN,/kaggle/input/datasets/ldthanh/epic-kitchens-100-p1/P22/videos/P22_04.MP4
P22_04_60,P22,P22_04,00:01:51.570,00:01:49.78,00:01:50.55,6586,6633,pick up plates,pick-up,0,plate,2,['plate'],[2],official_validation,PICKS UP,/kaggle/input/datasets/ldthanh/epic-kitchens-100-p1/P22/videos/P22_04.MP4
P22_04_61,P22,P22_04,00:01:52.719,00:01:51.35,00:01:52.56,6681,6753,put down plates,put-down,1,plate,2,['plate'],[2],official_validation,PUT DOWN,/kaggle/input/datasets/ldthanh/epic-kitchens-100-p1/P22/videos/P22_04.MP4
P22_04_62,P22,P22_04,00:01:55.560,00:01:57.04,00:01:58.04,7022,7082,pick up saucers,pick-up,0,saucer,2,['saucer'],[2],official_validation,PICKS UP,/kaggle/input/datasets/ldthanh/epic-kitchens-100-p1/P22/videos/P22_04.MP4
P22_04_63,P22,P22_04,00:01:58.110,00:01:59.69,00:02:01.06,7181,7263,pick up cup,pick-up,0,cup,13,['cup'],[13],official_validation,PICKS UP,/kaggle/input/datasets/ldthanh/epic-kitchens-100-p1/P22/videos/P22_04.MP4
P22_04_64,P22,P22_04,00:02:01.039,00:02:01.49,00:02:02.74,7289,7364,put down cup,put-down,1,cup,13,['cup'],[13],official_validation,PUT DOWN,/kaggle/input/datasets/ldthanh/epic-kitchens-100-p1/P22/videos/P22_04.MP4
P22_04_67,P22,P22_04,00:02:07.530,00:02:06.15,00:02:07.45,7569,7647,pick up knife,pick-up,0,knife,4,['knife'],[4],official_validation,PICKS UP,/kaggle/input/datasets/ldthanh/epic-kitchens-100-p1/P22/videos/P22_04.MP4
P22_04_69,P22,P22_04,00:02:09.950,00:02:09.21,00:02:10.08,7752,7804,open drawer,open,3,drawer,8,['drawer'],[8],official_validation,OPENS,/kaggle/input/datasets/ldthanh/epic-kitchens-100-p1/P22/videos/P22_04.MP4
P22_04_7,P22,P22_04,00:00:18.289,00:00:17.47,00:00:18.27,1048,1096,pick up dish,pick-up,0,dish,2,['dish'],[2],official_validation,PICKS UP,/kaggle/input/datasets/ldthanh/epic-kitchens-100-p1/P22/videos/P22_04.MP4
P22_04_72,P22,P22_04,00:02:17.140,00:02:17.26,00:02:17.98,8235,8278,put down knife,put-down,1,knife,4,['knife'],[4],official_validation,PUT DOWN,/kaggle/input/datasets/ldthanh/epic-kitchens-100-p1/P22/videos/P22_04.MP4
P22_04_73,P22,P22_04,00:02:18.910,00:02:17.68,00:02:18.56,8260,8313,pick up cloth,pick-up,0,cloth,17,['cloth'],[17],official_validation,PICKS UP,/kaggle/input/datasets/ldthanh/epic-kitchens-100-p1/P22/videos/P22_04.MP4
P22_04_76,P22,P22_04,00:02:22.830,00:02:19.75,00:02:20.72,8385,8443,pick up cutting board,pick-up,0,board:cutting,18,['board:cutting'],[18],official_validation,PICKS UP,/kaggle/input/datasets/ldthanh/epic-kitchens-100-p1/P22/videos/P22_04.MP4
P22_04_78,P22,P22_04,00:02:25.849,00:02:24.61,00:02:25.84,8676,8750,open drawer,open,3,drawer,8,['drawer'],[8],official_validation,OPENS,/kaggle/input/datasets/ldthanh/epic-kitchens-100-p1/P22/videos/P22_04.MP4
P22_04_79,P22,P22_04,00:02:26.970,00:02:25.51,00:02:29.20,8730,8952,put down cutting board,put-down,1,board:cutting,18,['board:cutting'],[18],official_validation,PUT DOWN,/kaggle/input/datasets/ldthanh/epic-kitchens-100-p1/P22/videos/P22_04.MP4
P22_04_8,P22,P22_04,00:00:19.289,00:00:18.07,00:00:20.51,1084,1230,put down dish,put-down,1,dish,2,['dish'],[2],official_validation,PUT DOWN,/kaggle/input/datasets/ldthanh/epic-kitchens-100-p1/P22/videos/P22_04.MP4
P22_04_81,P22,P22_04,00:02:31.900,00:02:30.78,00:02:31.69,9046,9101,pick up cloth,pick-up,0,cloth,17,['cloth'],[17],official_validation,PICKS UP,/kaggle/input/datasets/ldthanh/epic-kitchens-100-p1/P22/videos/P22_04.MP4
P22_04_83,P22,P22_04,00:02:36.480,00:02:34.27,00:02:36.17,9256,9370,open cabinet,open,3,cabinet,3,['cabinet'],[3],official_validation,OPENS,/kaggle/input/datasets/ldthanh/epic-kitchens-100-p1/P22/videos/P22_04.MP4
P22_04_85,P22,P22_04,00:02:42.980,00:02:41.88,00:02:42.94,9712,9776,open cupboard,open,3,cupboard,3,['cupboard'],[3],official_validation,OPENS,/kaggle/input/datasets/ldthanh/epic-kitchens-100-p1/P22/videos/P22_04.MP4
P22_04_86,P22,P22_04,00:02:47.680,00:02:43.04,00:02:47.71,9782,10062,take plate,take,0,plate,2,['plate'],[2],official_validation,PICKS UP,/kaggle/input/datasets/ldthanh/epic-kitchens-100-p1/P22/videos/P22_04.MP4
P22_04_88,P22,P22_04,00:02:50.060,00:02:49.20,00:02:50.46,10152,10227,put down plate,put-down,1,plate,2,['plate'],[2],official_validation,PUT DOWN,/kaggle/input/datasets/ldthanh/epic-kitchens-100-p1/P22/videos/P22_04.MP4
P22_04_89,P22,P22_04,00:02:51.060,00:02:50.94,00:02:52.19,10256,10331,open fridge,open,3,fridge,12,['fridge'],[12],official_validation,OPENS,/kaggle/input/datasets/ldthanh/epic-kitchens-100-p1/P22/videos/P22_04.MP4
P22_04_9,P22,P22_04,00:00:22.130,00:00:20.54,00:00:22.34,1232,1340,take lid,take,0,lid,6,['lid'],[6],official_validation,PICKS UP,/kaggle/input/datasets/ldthanh/epic-kitchens-100-p1/P22/videos/P22_04.MP4
P22_04_90,P22,P22_04,00:02:54.610,00:02:52.29,00:02:55.04,10337,10502,take peach,take,0,peach,74,['peach'],[74],official_validation,PICKS UP,/kaggle/input/datasets/ldthanh/epic-kitchens-100-p1/P22/videos/P22_04.MP4
P22_04_93,P22,P22_04,00:03:02.190,00:03:01.55,00:03:06.79,10893,11207,rinse peach,rinse,2,peach,74,['peach'],[74],official_validation,WASHING,/kaggle/input/datasets/ldthanh/epic-kitchens-100-p1/P22/videos/P22_04.MP4
P22_04_95,P22,P22_04,00:03:11.030,00:03:10.58,00:03:11.74,11434,11504,take cloth,take,0,cloth,17,['cloth'],[17],official_validation,PICKS UP,/kaggle/input/datasets/ldthanh/epic-kitchens-100-p1/P22/videos/P22_04.MP4
P22_04_97,P22,P22_04,00:03:14.970,00:03:13.66,00:03:14.96,11619,11697,put down cloth,put-down,1,cloth,17,['cloth'],[17],official_validation,PUT DOWN,/kaggle/input/datasets/ldthanh/epic-kitchens-100-p1/P22/videos/P22_04.MP4
P22_04_98,P22,P22_04,00:03:16.819,00:03:14.84,00:03:16.80,11690,11808,open drawer,open,3,drawer,8,['drawer'],[8],official_validation,OPENS,/kaggle/input/datasets/ldthanh/epic-kitchens-100-p1/P22/videos/P22_04.MP4
P22_04_99,P22,P22_04,00:03:17.879,00:03:16.71,00:03:17.90,11802,11874,take peeler,take,0,peeler,87,['peeler'],[87],official_validation,PICKS UP,/kaggle/input/datasets/ldthanh/epic-kitchens-100-p1/P22/videos/P22_04.MP4
